"DT_GERACAO";"HH_GERACAO";"ANO_ELEICAO_ATUAL";"SQ_CANDIDATO_ATUAL";"SG_UF_ATUAL";"ANO_ELEICAO";"CD_TIPO_ELEICAO";"NM_TIPO_ELEICAO";"NR_TURNO";"CD_ELEICAO";"DS_ELEICAO";"DT_ELEICAO";"TP_ABRANGENCIA_ELEICAO";"SG_UF";"SG_UE";"NM_UE";"CD_CARGO";"DS_CARGO";"SQ_CANDIDATO";"NR_CANDIDATO";"NM_CANDIDATO";"NM_URNA_CANDIDATO";"NR_PARTIDO";"SG_PARTIDO";"NM_PARTIDO";"CD_SITUACAO_CANDIDATURA";"DS_SITUACAO_CANDIDATURA";"CD_SITUACAO_JULGAMENTO";"DS_SITUACAO_JULGAMENTO";"CD_SIT_TOT_TURNO";"DS_SIT_TOT_TURNO"
"21/09/2026";"12:34:43";"2026";"210002539794";"RS";"2020";"2";"Eleição Ordinária";"1";"426";"Eleições Municipais 2020";"2020-11-15 00:00:00";"M";"RS";"87246";"NOVA SANTA RITA";"13";"Vereador";"210000958945";"12123";"JOSE ANTONIO FLORES MINETTI";"MINETTI";"12";"PDT";"Partido Democrático Trabalhista";"12";"Apto";"-3";"#NE";"5";"Suplente"
"21/09/2026";"12:34:43";"2026";"210002539798";"RS";"2020";"2";"Eleição Ordinária";"1";"426";"Eleições Municipais 2020";"2020-11-15 00:00:00";"M";"RS";"98256";"PAROBÉ";"11";"Prefeito";"210000856352";"12";"DIEGO DAL PIVA DA LUZ";"DIEGO PICUCHA";"12";"PDT";"Partido Democrático Trabalhista";"12";"Apto";"-3";"#NE";"1";"Eleito"
"21/09/2026";"12:34:43";"2026";"210002534011";"RS";"2020";"2";"Eleição Ordinária";"1";"426";"Eleições Municipais 2020";"2020-11-15 00:00:00";"M";"RS";"89273";"TAQUARA";"13";"Vereador";"210000669762";"13456";"MÔNICA JULIANA FACIO";"PROFESSORA MÔNICA";"13";"PT";"Partido dos Trabalhadores";"12";"Apto";"-3";"#NE";"4";"Não eleito"
"21/09/2026";"12:34:43";"2026";"210002534020";"RS";"2018";"2";"Eleição Ordinária";"1";"297";"Eleições Gerais Estaduais 2018";"2018-10-07 00:00:00";"E";"RS";"RS";"RIO GRANDE DO SUL";"7";"Deputado Estadual";"210000611364";"13131";"HALLEY LINO DE SOUZA";"HALLEY";"13";"PT";"Partido dos Trabalhadores";"12";"Apto";"-3";"#NE";"5";"Suplente"
"21/09/2026";"12:34:43";"2026";"210002534041";"RS";"2018";"2";"Eleição Ordinária";"1";"297";"Eleições Gerais Estaduais 2018";"2018-10-07 00:00:00";"E";"RS";"RS";"RIO GRANDE DO SUL";"7";"Deputado Estadual";"210000611369";"13000";"NELSON SPOLAOR";"NELSON SPOLAOR";"13";"PT";"Partido dos Trabalhadores";"12";"Apto";"-3";"#NE";"5";"Suplente"
"21/09/2026";"12:34:43";"2026";"210002539799";"RS";"2012";"2";"Eleição Ordinária";"1";"47";"Eleição Municipal 2012";"2012-10-07 00:00:00";"M";"RS";"89630";"VIAMÃO";"12";"Vice-prefeito";"210000000430";"50";"CARLOS AUGUSTO DA SILVA LOPES";"GUTO";"50";"PSOL";"Partido Socialismo e Liberdade";"12";"Apto";"-3";"#NE";"4";"Não eleito"
"21/09/2026";"12:34:43";"2026";"210002537530";"RS";"2012";"2";"Eleição Ordinária";"1";"47";"Eleição Municipal 2012";"2012-10-07 00:00:00";"M";"RS";"89125";"CAPÃO BONITO DO SUL";"13";"Vereador";"210000032939";"65165";"ANDRÉ CASSIO DA SILVA OLIVEIRA";"ANDRE CASSIO DA SILVA OLIVEIRA";"65";"PC do B";"Partido Comunista do Brasil";"12";"Apto";"-3";"#NE";"5";"Suplente"
"21/09/2026";"12:34:43";"2026";"210002539791";"RS";"2012";"2";"Eleição Ordinária";"1";"47";"Eleição Municipal 2012";"2012-10-07 00:00:00";"M";"RS";"85219";"ARROIO DOS RATOS";"13";"Vereador";"210000020048";"12365";"CLEOMAR SANTOS OLIVEIRA";"MARA";"12";"PDT";"Partido Democrático Trabalhista";"12";"Apto";"-3";"#NE";"5";"Suplente"
"21/09/2026";"12:34:43";"2026";"210002539785";"RS";"2020";"2";"Eleição Ordinária";"1";"426";"Eleições Municipais 2020";"2020-11-15 00:00:00";"M";"RS";"89257";"TAPES";"13";"Vereador";"210000878752";"12333";"EVANIA MARIA SILVEIRA NUNES DE LIMA";"EVANIA NUNES";"12";"PDT";"Partido Democrático Trabalhista";"12";"Apto";"-3";"#NE";"3";"Eleito por média"
"21/09/2026";"12:34:43";"2026";"210002534019";"RS";"2020";"2";"Eleição Ordinária";"1";"426";"Eleições Municipais 2020";"2020-11-15 00:00:00";"M";"RS";"85995";"CAXIAS DO SUL";"11";"Prefeito";"210000650670";"13";"GILBERTO JOSÉ SPIER VARGAS";"PEPE VARGAS";"13";"PT";"Partido dos Trabalhadores";"12";"Apto";"-3";"#NE";"6";"2º turno"
"21/09/2026";"12:34:43";"2026";"210002534019";"RS";"2020";"2";"Eleição Ordinária";"2";"426";"Eleições Municipais 2020";"2020-11-29 00:00:00";"M";"RS";"85995";"CAXIAS DO SUL";"11";"Prefeito";"210000650670";"13";"GILBERTO JOSÉ SPIER VARGAS";"PEPE VARGAS";"13";"PT";"Partido dos Trabalhadores";"12";"Apto";"-3";"#NE";"4";"Não eleito"
"21/09/2026";"12:34:43";"2026";"210002534042";"RS";"2012";"2";"Eleição Ordinária";"1";"47";"Eleição Municipal 2012";"2012-10-07 00:00:00";"M";"RS";"88994";"SAPIRANGA";"13";"Vereador";"210000031109";"13213";"RITA DE CASSIA DELLA GIUSTINA DE OLIVEIRA";"PROFESSORA RITA DELLA GIUSTINA";"13";"PT";"Partido dos Trabalhadores";"12";"Apto";"-3";"#NE";"5";"Suplente"
"21/09/2026";"12:34:43";"2026";"210002534052";"RS";"2024";"2";"Eleição Ordinária";"1";"619";"Eleições Municipais 2024";"2024-10-06 00:00:00";"M";"RS";"85855";"CANELA";"13";"Vereador";"210002297027";"43423";"PEDRO CAMPOS DELGADO";"PEDRO CAMPOS";"43";"PV";"Partido Verde";"-3";"#NE";"2";"Deferido";"4";"Não eleito"
"21/09/2026";"12:34:43";"2026";"210002534003";"RS";"2018";"2";"Eleição Ordinária";"1";"297";"Eleições Gerais Estaduais 2018";"2018-10-07 00:00:00";"E";"RS";"RS";"RIO GRANDE DO SUL";"7";"Deputado Estadual";"210000609492";"65657";"ANDERSON NARCISO FERREIRA";"NATASHA FERREIRA";"65";"PC do B";"Partido Comunista do Brasil";"12";"Apto";"-3";"#NE";"4";"Não eleito"
"21/09/2026";"12:34:43";"2026";"210002539803";"RS";"2018";"2";"Eleição Ordinária";"1";"297";"Eleições Gerais Estaduais 2018";"2018-10-07 00:00:00";"E";"RS";"RS";"RIO GRANDE DO SUL";"7";"Deputado Estadual";"210000604709";"12333";"GILMAR SOSSELLA";"GILMAR SOSSELLA";"12";"PDT";"Partido Democrático Trabalhista";"3";"Inapto";"-3";"#NE";"4";"Não eleito"
"21/09/2026";"12:34:43";"2026";"210002533932";"RS";"2018";"2";"Eleição Ordinária";"1";"297";"Eleições Gerais Estaduais 2018";"2018-10-07 00:00:00";"E";"RS";"RS";"RIO GRANDE DO SUL";"7";"Deputado Estadual";"210000615842";"43125";"ROGÉRIO CHIMANSKI DA FONTOURA";"ROGÉRIO CHIMANSKI";"43";"PV";"Partido Verde";"12";"Apto";"-3";"#NE";"5";"Suplente"
"21/09/2026";"12:34:43";"2026";"210002537528";"RS";"2018";"2";"Eleição Ordinária";"1";"297";"Eleições Gerais Estaduais 2018";"2018-10-07 00:00:00";"E";"RS";"RS";"RIO GRANDE DO SUL";"6";"Deputado Federal";"210000600961";"4020";"WAGNER PETRINI";"WAGNER PETRINI (MULEKE)";"40";"PSB";"Partido Socialista Brasileiro";"12";"Apto";"-3";"#NE";"5";"Suplente"
"21/09/2026";"12:34:43";"2026";"210002539778";"RS";"2012";"2";"Eleição Ordinária";"1";"47";"Eleição Municipal 2012";"2012-10-07 00:00:00";"M";"RS";"89559";"VENÂNCIO AIRES";"11";"Prefeito";"210000026721";"12";"AIRTON LUIZ ARTUS";"AIRTON ARTUS";"12";"PDT";"Partido Democrático Trabalhista";"12";"Apto";"-3";"#NE";"1";"Eleito"
"21/09/2026";"12:34:43";"2026";"210002534041";"RS";"2004";"2";"Eleição Ordinária";"1";"6";"Eleições Municipais de 2004 - 1º turno";"2004-10-03 00:00:00";"M";"RS";"88994";"SAPIRANGA";"11";"Prefeito";"258";"13";"NELSON SPOLAOR";"SPOLAOR";"13";"PT";"Partido dos Trabalhadores";"12";"Apto";"-3";"#NE";"4";"Não eleito"
"21/09/2026";"12:34:43";"2026";"210002534005";"RS";"2004";"2";"Eleição Ordinária";"1";"6";"Eleições Municipais de 2004 - 1º turno";"2004-10-03 00:00:00";"M";"RS";"86932";"CHARQUEADAS";"13";"Vereador";"237";"13655";"JOACIR PICOLOTTO";"PICOLOTTO";"13";"PT";"Partido dos Trabalhadores";"12";"Apto";"-3";"#NE";"5";"Suplente"
"21/09/2026";"12:34:43";"2026";"210002534009";"RS";"2004";"2";"Eleição Ordinária";"1";"6";"Eleições Municipais de 2004 - 1º turno";"2004-10-03 00:00:00";"M";"RS";"88412";"SANTA MARIA";"13";"Vereador";"91";"13603";"HELEN MARTINS CABRAL";"HELEN CABRAL";"13";"PT";"Partido dos Trabalhadores";"12";"Apto";"-3";"#NE";"5";"Suplente"
"21/09/2026";"12:34:43";"2026";"210002537541";"RS";"2004";"2";"Eleição Ordinária";"1";"6";"Eleições Municipais de 2004 - 1º turno";"2004-10-03 00:00:00";"M";"RS";"88013";"PORTO ALEGRE";"13";"Vereador";"541";"40199";"JANE BITTENCOURT PINHEIRO";"PLP JANE PINHEIRO";"40";"PSB";"Partido Socialista Brasileiro";"12";"Apto";"-3";"#NE";"5";"Suplente"
"21/09/2026";"12:34:43";"2026";"210002539785";"RS";"2004";"2";"Eleição Ordinária";"1";"6";"Eleições Municipais de 2004 - 1º turno";"2004-10-03 00:00:00";"M";"RS";"89257";"TAPES";"13";"Vereador";"51";"11444";"EVÂNIA MARIA SILVEIRA NUNES";"EVÂNIA NUNES";"11";"PP";"Partido Progressista";"12";"Apto";"-3";"#NE";"5";"Suplente"
"21/09/2026";"12:34:43";"2026";"210002534008";"RS";"2004";"2";"Eleição Ordinária";"1";"6";"Eleições Municipais de 2004 - 1º turno";"2004-10-03 00:00:00";"M";"RS";"88412";"SANTA MARIA";"13";"Vereador";"83";"13677";"IVONETE CARVALHO";"IVONETE";"13";"PT";"Partido dos Trabalhadores";"12";"Apto";"-3";"#NE";"5";"Suplente"
"21/09/2026";"12:34:43";"2026";"210002539808";"RS";"2024";"2";"Eleição Ordinária";"1";"619";"Eleições Municipais 2024";"2024-10-06 00:00:00";"M";"RS";"87050";"IJUÍ";"13";"Vereador";"210001957631";"12312";"MATHEUS PORCIUNCULA MACHADO POMPEO DE MATTOS";"MATHEUS POMPEO";"12";"PDT";"Partido Democrático Trabalhista";"-3";"#NE";"2";"Deferido";"2";"Eleito por QP"
"21/09/2026";"12:34:43";"2026";"210002534007";"RS";"2016";"2";"Eleição Ordinária";"1";"220";"Eleições Municipais 2016";"2016-10-02 00:00:00";"M";"RS";"89290";"TAQUARI";"11";"Prefeito";"210000028477";"13";"EMANUEL HASSEN DE JESUS";"MANECO";"13";"PT";"Partido dos Trabalhadores";"12";"Apto";"-3";"#NE";"1";"Eleito"
"21/09/2026";"12:34:43";"2026";"210002534033";"RS";"2016";"2";"Eleição Ordinária";"1";"220";"Eleições Municipais 2016";"2016-10-02 00:00:00";"M";"RS";"85898";"CANOAS";"13";"Vereador";"210000004029";"13513";"MARIA EUNICE DIAS WOLF";"MARIA EUNICE";"13";"PT";"Partido dos Trabalhadores";"12";"Apto";"-3";"#NE";"2";"Eleito por QP"
"21/09/2026";"12:34:43";"2026";"210002533930";"RS";"2018";"2";"Eleição Ordinária";"1";"297";"Eleições Gerais Estaduais 2018";"2018-10-07 00:00:00";"E";"RS";"RS";"RIO GRANDE DO SUL";"6";"Deputado Federal";"210000600044";"5099";"FERNANDA PINTO MIRANDA";"FERNANDA MIRANDA";"50";"PSOL";"Partido Socialismo e Liberdade";"12";"Apto";"-3";"#NE";"5";"Suplente"
"21/09/2026";"12:34:43";"2026";"210002533936";"RS";"2018";"2";"Eleição Ordinária";"1";"297";"Eleições Gerais Estaduais 2018";"2018-10-07 00:00:00";"E";"RS";"RS";"RIO GRANDE DO SUL";"7";"Deputado Estadual";"210000600000";"50500";"LUCIANA KREBS GENRO";"LUCIANA GENRO";"50";"PSOL";"Partido Socialismo e Liberdade";"12";"Apto";"-3";"#NE";"2";"Eleito por QP"
"21/09/2026";"12:34:43";"2026";"210002539805";"RS";"2014";"2";"Eleição Ordinária";"1";"143";"Eleições Gerais 2014";"2014-10-05 00:00:00";"F";"RS";"RS";"RIO GRANDE DO SUL";"6";"Deputado Federal";"210000000273";"1233";"TIAGO CADO FERNANDES";"TIAGO CADO";"12";"PDT";"Partido Democrático Trabalhista";"12";"Apto";"";"";"5";"Suplente"
"21/09/2026";"12:34:43";"2026";"210002539793";"RS";"2014";"2";"Eleição Ordinária";"1";"143";"Eleições Gerais 2014";"2014-10-05 00:00:00";"F";"RS";"RS";"RIO GRANDE DO SUL";"7";"Deputado Estadual";"210000000559";"40640";"CARLOS AUGUSTO GONÇALVES LEITE";"CARLOS BREIK";"40";"PSB";"Partido Socialista Brasileiro";"12";"Apto";"";"";"5";"Suplente"
"21/09/2026";"12:34:43";"2026";"210002537527";"RS";"2014";"2";"Eleição Ordinária";"1";"143";"Eleições Gerais 2014";"2014-10-05 00:00:00";"F";"RS";"RS";"RIO GRANDE DO SUL";"7";"Deputado Estadual";"210000000509";"40200";"JAQUELINE PEREIRA SILVEIRA";"JAQUE SILVEIRA";"40";"PSB";"Partido Socialista Brasileiro";"12";"Apto";"";"";"5";"Suplente"
"21/09/2026";"12:34:43";"2026";"210002537539";"RS";"2024";"2";"Eleição Ordinária";"1";"619";"Eleições Municipais 2024";"2024-10-06 00:00:00";"M";"RS";"88927";"BALNEÁRIO PINHAL";"13";"Vereador";"210002034980";"40140";"ALEQUIS LOPES PINTO";"ALEQUIS";"40";"PSB";"Partido Socialista Brasileiro";"-3";"#NE";"2";"Deferido";"4";"Não eleito"
"21/09/2026";"12:34:43";"2026";"210002534005";"RS";"2012";"2";"Eleição Ordinária";"1";"47";"Eleição Municipal 2012";"2012-10-07 00:00:00";"M";"RS";"86932";"CHARQUEADAS";"13";"Vereador";"210000024262";"13655";"JOACIR PICOLOTTO";"JOACIR PICOLOTTO";"13";"PT";"Partido dos Trabalhadores";"3";"Inapto";"-3";"#NE";"4";"Não eleito"
"21/09/2026";"12:34:43";"2026";"210002534041";"RS";"2020";"2";"Eleição Ordinária";"1";"426";"Eleições Municipais 2020";"2020-11-15 00:00:00";"M";"RS";"88994";"SAPIRANGA";"11";"Prefeito";"210000891598";"13";"NELSON SPOLAOR";"SPOLAOR";"13";"PT";"Partido dos Trabalhadores";"12";"Apto";"-3";"#NE";"4";"Não eleito"
"21/09/2026";"12:34:43";"2026";"210002539791";"RS";"2020";"2";"Eleição Ordinária";"1";"426";"Eleições Municipais 2020";"2020-11-15 00:00:00";"M";"RS";"85219";"ARROIO DOS RATOS";"13";"Vereador";"210000689336";"45365";"CLEOMAR SANTOS OLIVEIRA";"MARA SANTOS";"45";"PSDB";"Partido da Social Democracia Brasileira";"12";"Apto";"-3";"#NE";"4";"Não eleito"
"21/09/2026";"12:34:43";"2026";"210002537543";"RS";"2020";"2";"Eleição Ordinária";"1";"426";"Eleições Municipais 2020";"2020-11-15 00:00:00";"M";"RS";"85219";"ARROIO DOS RATOS";"13";"Vereador";"210000633332";"40222";"JESLEI SALINES DE SOUZA";"JÉSLEI SALLINES";"40";"PSB";"Partido Socialista Brasileiro";"12";"Apto";"-3";"#NE";"3";"Eleito por média"
"21/09/2026";"12:34:43";"2026";"210002539823";"RS";"2020";"2";"Eleição Ordinária";"1";"426";"Eleições Municipais 2020";"2020-11-15 00:00:00";"M";"RS";"88773";"SÃO LEOPOLDO";"13";"Vereador";"210001047396";"12712";"SARA MARROCOS BEZERRA GAL";"SARA GALL";"12";"PDT";"Partido Democrático Trabalhista";"12";"Apto";"-3";"#NE";"5";"Suplente"
"21/09/2026";"12:34:43";"2026";"210002533929";"RS";"2020";"2";"Eleição Ordinária";"1";"426";"Eleições Municipais 2020";"2020-11-15 00:00:00";"M";"RS";"87955";"PIRATINI";"11";"Prefeito";"210000888096";"50";"PEDRO HOMERO STEIN";"PEDRO STEIN";"50";"PSOL";"Partido Socialismo e Liberdade";"12";"Apto";"-3";"#NE";"4";"Não eleito"
"21/09/2026";"12:34:43";"2026";"210002539788";"RS";"2020";"2";"Eleição Ordinária";"1";"426";"Eleições Municipais 2020";"2020-11-15 00:00:00";"M";"RS";"87211";"JAGUARÃO";"13";"Vereador";"210001231248";"23000";"CRISTIANO DOS SANTOS CARDOSO";"CRISTIANO CARDOSO";"23";"CIDADANIA";"Cidadania";"12";"Apto";"-3";"#NE";"3";"Eleito por média"
"21/09/2026";"12:34:43";"2026";"210002537525";"RS";"2024";"2";"Eleição Ordinária";"1";"619";"Eleições Municipais 2024";"2024-10-06 00:00:00";"M";"RS";"88471";"SANTA ROSA";"13";"Vereador";"210001977337";"65789";"LEONILDA KRAUSE";"LEO KRAUSE";"65";"PC do B";"Partido Comunista do Brasil";"-3";"#NE";"2";"Deferido";"5";"Suplente"
"21/09/2026";"12:34:43";"2026";"210002539799";"RS";"2024";"2";"Eleição Ordinária";"1";"619";"Eleições Municipais 2024";"2024-10-06 00:00:00";"M";"RS";"89630";"VIAMÃO";"11";"Prefeito";"210002022749";"12";"CARLOS AUGUSTO DA SILVA LOPES";"GUTO LOPES";"12";"PDT";"Partido Democrático Trabalhista";"-3";"#NE";"2";"Deferido";"4";"Não eleito"
"21/09/2026";"12:34:43";"2026";"210002537542";"RS";"2016";"2";"Eleição Ordinária";"1";"220";"Eleições Municipais 2016";"2016-10-02 00:00:00";"M";"RS";"88390";"SANTA CRUZ DO SUL";"13";"Vereador";"210000028548";"65789";"LEANDRO DOS SANTOS";"LEANDRO- LIBAN";"65";"PC do B";"Partido Comunista do Brasil";"3";"Inapto";"-3";"#NE";"-1";"#NULO"
"21/09/2026";"12:34:43";"2026";"210002534020";"RS";"2024";"2";"Eleição Ordinária";"1";"619";"Eleições Municipais 2024";"2024-10-06 00:00:00";"M";"RS";"88153";"RIO GRANDE";"11";"Prefeito";"210002056016";"13";"HALLEY LINO DE SOUZA";"HALLEY";"13";"PT";"Partido dos Trabalhadores";"-3";"#NE";"6";"Renúncia";"-1";"#NULO"
"21/09/2026";"12:34:43";"2026";"210002534035";"RS";"2024";"2";"Eleição Ordinária";"1";"619";"Eleições Municipais 2024";"2024-10-06 00:00:00";"M";"RS";"87858";"PASSO FUNDO";"13";"Vereador";"210001990003";"13123";"EVA VALERIA LORENZATO";"EVA VALÉRIA LORENZATO";"13";"PT";"Partido dos Trabalhadores";"-3";"#NE";"2";"Deferido";"2";"Eleito por QP"
"21/09/2026";"12:34:43";"2026";"210002534047";"RS";"2024";"2";"Eleição Ordinária";"1";"619";"Eleições Municipais 2024";"2024-10-06 00:00:00";"M";"RS";"87858";"PASSO FUNDO";"13";"Vereador";"210001990002";"13013";"MARINA BERNARDES";"MARINA BERNARDES";"13";"PT";"Partido dos Trabalhadores";"-3";"#NE";"2";"Deferido";"2";"Eleito por QP"
"21/09/2026";"12:34:43";"2026";"210002539817";"RS";"2024";"2";"Eleição Ordinária";"1";"619";"Eleições Municipais 2024";"2024-10-06 00:00:00";"M";"RS";"87858";"PASSO FUNDO";"13";"Vereador";"210001922677";"12123";"REGINA COSTA DOS SANTOS";"PROFESSORA REGINA";"12";"PDT";"Partido Democrático Trabalhista";"-3";"#NE";"2";"Deferido";"2";"Eleito por QP"
"21/09/2026";"12:34:43";"2026";"210002539813";"RS";"2024";"2";"Eleição Ordinária";"1";"619";"Eleições Municipais 2024";"2024-10-06 00:00:00";"M";"RS";"88951";"SÃO SEPÉ";"13";"Vereador";"210001985835";"12005";"VLADIA FREITAS DE OLIVEIRA";"VLADIA";"12";"PDT";"Partido Democrático Trabalhista";"-3";"#NE";"2";"Deferido";"3";"Eleito por média"
"21/09/2026";"12:34:43";"2026";"210002534050";"RS";"2010";"2";"Eleição Ordinária";"1";"37";"Eleições 2010";"2010-10-03 00:00:00";"F";"RS";"RS";"RIO GRANDE DO SUL";"7";"Deputado Estadual";"210000000523";"13120";"JEFERSON OLIVEIRA FERNANDES";"JEFERSON FERNANDES";"13";"PT";"Partido dos Trabalhadores";"12";"Apto";"-3";"#NE";"5";"Suplente"
"21/09/2026";"12:34:43";"2026";"210002537546";"RS";"2012";"2";"Eleição Ordinária";"1";"47";"Eleição Municipal 2012";"2012-10-07 00:00:00";"M";"RS";"85898";"CANOAS";"13";"Vereador";"210000029062";"40012";"RAQUEL ALVES DOS SANTOS";"RAQUEL ALVES";"40";"PSB";"Partido Socialista Brasileiro";"12";"Apto";"-3";"#NE";"5";"Suplente"
"21/09/2026";"12:34:43";"2026";"210002534039";"RS";"2006";"2";"Eleição Ordinária";"1";"7";"ELEIÇÕES GERAIS 2006 PRIMEIRO TURNO";"2006-10-01 00:00:00";"F";"RS";"RS";"RIO GRANDE DO SUL";"7";"Deputado Estadual";"10036";"13113";"STELA BEATRIZ FARIAS LOPES";"STELA FARIAS";"13";"PT";"Partido dos Trabalhadores";"12";"Apto";"-3";"#NE";"1";"Eleito"
"21/09/2026";"12:34:43";"2026";"210002533936";"RS";"2006";"2";"Eleição Ordinária";"1";"7";"ELEIÇÕES GERAIS 2006 PRIMEIRO TURNO";"2006-10-01 00:00:00";"F";"RS";"RS";"RIO GRANDE DO SUL";"6";"Deputado Federal";"10126";"5050";"LUCIANA KREBS GENRO";"LUCIANA GENRO";"50";"PSOL";"Partido Socialismo e Liberdade";"12";"Apto";"-3";"#NE";"1";"Eleito"
"21/09/2026";"12:34:43";"2026";"210002534012";"RS";"2006";"2";"Eleição Ordinária";"1";"7";"ELEIÇÕES GERAIS 2006 PRIMEIRO TURNO";"2006-10-01 00:00:00";"F";"RS";"RS";"RIO GRANDE DO SUL";"5";"Senador";"10001";"131";"MIGUEL SOLDATELLI ROSSETTO";"MIGUEL ROSSETTO";"13";"PT";"Partido dos Trabalhadores";"12";"Apto";"-3";"#NE";"4";"Não eleito"
"21/09/2026";"12:34:43";"2026";"210002533942";"RS";"2018";"2";"Eleição Ordinária";"1";"297";"Eleições Gerais Estaduais 2018";"2018-10-07 00:00:00";"E";"RS";"RS";"RIO GRANDE DO SUL";"6";"Deputado Federal";"210000600030";"5080";"ABRÃO FERNANDES GODOIS";"GODOI";"50";"PSOL";"Partido Socialismo e Liberdade";"12";"Apto";"-3";"#NE";"5";"Suplente"
"21/09/2026";"12:34:43";"2026";"210002533934";"RS";"2018";"2";"Eleição Ordinária";"1";"297";"Eleições Gerais Estaduais 2018";"2018-10-07 00:00:00";"E";"RS";"RS";"RIO GRANDE DO SUL";"7";"Deputado Estadual";"210000600021";"50123";"MATHEUS PEREIRA GOMES";"MATHEUS GOMES";"50";"PSOL";"Partido Socialismo e Liberdade";"12";"Apto";"-3";"#NE";"5";"Suplente"
"21/09/2026";"12:34:43";"2026";"210002534032";"RS";"2016";"2";"Eleição Ordinária";"1";"220";"Eleições Municipais 2016";"2016-10-02 00:00:00";"M";"RS";"88536";"SANTO ÂNGELO";"13";"Vereador";"210000030747";"13130";"GILBERTO CORAZZA";"GILBERTO CORAZZA";"13";"PT";"Partido dos Trabalhadores";"12";"Apto";"-3";"#NE";"4";"Não eleito"
"21/09/2026";"12:34:43";"2026";"210002534015";"RS";"2016";"2";"Eleição Ordinária";"1";"220";"Eleições Municipais 2016";"2016-10-02 00:00:00";"M";"RS";"87424";"PONTÃO";"11";"Prefeito";"210000022955";"13";"NELSON JOSÉ GRASSELLI";"GRASSELLI";"13";"PT";"Partido dos Trabalhadores";"12";"Apto";"-3";"#NE";"1";"Eleito"
"21/09/2026";"12:34:43";"2026";"210002534025";"RS";"2016";"2";"Eleição Ordinária";"1";"220";"Eleições Municipais 2016";"2016-10-02 00:00:00";"M";"RS";"88153";"RIO GRANDE";"13";"Vereador";"210000002641";"65120";"BILINA AMARAL PERES";"BILINA AMARAL PERES";"65";"PC do B";"Partido Comunista do Brasil";"12";"Apto";"-3";"#NE";"4";"Não eleito"
"21/09/2026";"12:34:43";"2026";"210002533931";"RS";"2018";"2";"Eleição Ordinária";"1";"297";"Eleições Gerais Estaduais 2018";"2018-10-07 00:00:00";"E";"RS";"RS";"RIO GRANDE DO SUL";"6";"Deputado Federal";"210000600049";"5055";"KAREN MORAIS DOS SANTOS";"KAREN SANTOS";"50";"PSOL";"Partido Socialismo e Liberdade";"12";"Apto";"-3";"#NE";"5";"Suplente"
"21/09/2026";"12:34:43";"2026";"210002534029";"RS";"2018";"2";"Eleição Ordinária";"1";"297";"Eleições Gerais Estaduais 2018";"2018-10-07 00:00:00";"E";"RS";"RS";"RIO GRANDE DO SUL";"6";"Deputado Federal";"210000609454";"6565";"GIOVANI CULAU OLIVEIRA";"GIOVANI CULAU";"65";"PC do B";"Partido Comunista do Brasil";"12";"Apto";"-3";"#NE";"4";"Não eleito"
"21/09/2026";"12:34:43";"2026";"210002539799";"RS";"2018";"2";"Eleição Ordinária";"1";"297";"Eleições Gerais Estaduais 2018";"2018-10-07 00:00:00";"E";"RS";"RS";"RIO GRANDE DO SUL";"6";"Deputado Federal";"210000600038";"5040";"CARLOS AUGUSTO DA SILVA LOPES";"GUTO LOPES";"50";"PSOL";"Partido Socialismo e Liberdade";"12";"Apto";"-3";"#NE";"5";"Suplente"
"21/09/2026";"12:34:43";"2026";"210002539800";"RS";"2018";"2";"Eleição Ordinária";"1";"297";"Eleições Gerais Estaduais 2018";"2018-10-07 00:00:00";"E";"RS";"RS";"RIO GRANDE DO SUL";"7";"Deputado Estadual";"210000604694";"12220";"LUIS ROGERIO MARENCO FERRAN";"LUIZ MARENCO";"12";"PDT";"Partido Democrático Trabalhista";"12";"Apto";"-3";"#NE";"2";"Eleito por QP"
"21/09/2026";"12:34:43";"2026";"210002534040";"RS";"2018";"2";"Eleição Ordinária";"1";"297";"Eleições Gerais Estaduais 2018";"2018-10-07 00:00:00";"E";"RS";"RS";"RIO GRANDE DO SUL";"4";"Vice-governador";"210000606448";"13";"ANA INÉS AFFONSO";"ANA AFFONSO";"13";"PT";"Partido dos Trabalhadores";"12";"Apto";"-3";"#NE";"4";"Não eleito"
"21/09/2026";"12:34:43";"2026";"210002539807";"RS";"2024";"2";"Eleição Ordinária";"1";"619";"Eleições Municipais 2024";"2024-10-06 00:00:00";"M";"RS";"89516";"URUGUAIANA";"13";"Vereador";"210002057704";"12192";"LUIS FERNANDO PERES DOS SANTOS";"LUIS FERNANDO BRAITE";"12";"PDT";"Partido Democrático Trabalhista";"-3";"#NE";"2";"Deferido";"2";"Eleito por QP"
"21/09/2026";"12:34:43";"2026";"210002539788";"RS";"2024";"2";"Eleição Ordinária";"1";"619";"Eleições Municipais 2024";"2024-10-06 00:00:00";"M";"RS";"87211";"JAGUARÃO";"11";"Prefeito";"210002191261";"12";"CRISTIANO DOS SANTOS CARDOSO";"CRISTIANO CARDOSO";"12";"PDT";"Partido Democrático Trabalhista";"-3";"#NE";"2";"Deferido";"4";"Não eleito"
"21/09/2026";"12:34:43";"2026";"210002537544";"RS";"2016";"2";"Eleição Ordinária";"1";"220";"Eleições Municipais 2016";"2016-10-02 00:00:00";"M";"RS";"86517";"ESTEIO";"13";"Vereador";"210000011933";"12466";"JÔNATAS RIBEIRO FAGUNDES";"AMARAL";"12";"PDT";"Partido Democrático Trabalhista";"12";"Apto";"-3";"#NE";"5";"Suplente"
"21/09/2026";"12:34:43";"2026";"210002534039";"RS";"2024";"2";"Eleição Ordinária";"1";"619";"Eleições Municipais 2024";"2024-10-06 00:00:00";"M";"RS";"85111";"ALVORADA";"11";"Prefeito";"210001928011";"13";"STELA BEATRIZ FARIAS LOPES";"STELA";"13";"PT";"Partido dos Trabalhadores";"-3";"#NE";"2";"Deferido";"4";"Não eleito"
"21/09/2026";"12:34:43";"2026";"210002539781";"RS";"2024";"2";"Eleição Ordinária";"1";"619";"Eleições Municipais 2024";"2024-10-06 00:00:00";"M";"RS";"85316";"BAGÉ";"11";"Prefeito";"210002154329";"12";"ALVARO LUIZ PIMENTA MEIRA";"ALVARO MEIRA";"12";"PDT";"Partido Democrático Trabalhista";"-3";"#NE";"2";"Deferido";"4";"Não eleito"
"21/09/2026";"12:34:43";"2026";"210002539793";"RS";"2004";"2";"Eleição Ordinária";"1";"6";"Eleições Municipais de 2004 - 1º turno";"2004-10-03 00:00:00";"M";"RS";"88013";"PORTO ALEGRE";"13";"Vereador";"534";"40640";"CARLOS AUGUSTO GONÇALVES LEITE";"CARLOS BREIK";"40";"PSB";"Partido Socialista Brasileiro";"12";"Apto";"-3";"#NE";"5";"Suplente"
"21/09/2026";"12:34:43";"2026";"210002539785";"RS";"2024";"2";"Eleição Ordinária";"1";"619";"Eleições Municipais 2024";"2024-10-06 00:00:00";"M";"RS";"89257";"TAPES";"13";"Vereador";"210002122986";"12444";"EVANIA MARIA SILVEIRA NUNES DE LIMA";"EVANIA NUNES";"12";"PDT";"Partido Democrático Trabalhista";"-3";"#NE";"2";"Deferido";"2";"Eleito por QP"
"21/09/2026";"12:34:43";"2026";"210002534042";"RS";"2024";"2";"Eleição Ordinária";"1";"619";"Eleições Municipais 2024";"2024-10-06 00:00:00";"M";"RS";"88994";"SAPIRANGA";"11";"Prefeito";"210002141500";"13";"RITA DE CÁSSIA DELLA GIUSTINA DE OLIVEIRA";"PROFESSORA RITA";"13";"PT";"Partido dos Trabalhadores";"-3";"#NE";"2";"Deferido";"4";"Não eleito"
"21/09/2026";"12:34:43";"2026";"210002539795";"RS";"2024";"2";"Eleição Ordinária";"1";"619";"Eleições Municipais 2024";"2024-10-06 00:00:00";"M";"RS";"88714";"SÃO JERÔNIMO";"13";"Vereador";"210002043455";"12444";"DANRLEI DOS SANTOS MASSENA";"DANRLEI MASSENA";"12";"PDT";"Partido Democrático Trabalhista";"-3";"#NE";"2";"Deferido";"2";"Eleito por QP"
"21/09/2026";"12:34:43";"2026";"210002533930";"RS";"2022";"2";"Eleição Ordinária";"1";"546";"Eleições Gerais Estaduais 2022";"2022-10-02 00:00:00";"E";"RS";"RS";"RIO GRANDE DO SUL";"7";"Deputado Estadual";"210001598522";"50999";"FERNANDA PINTO MIRANDA";"FERNANDA MIRANDA";"50";"PSOL";"Partido Socialismo e Liberdade";"12";"Apto";"-3";"#NE";"5";"Suplente"
"21/09/2026";"12:34:43";"2026";"210002533933";"RS";"2022";"2";"Eleição Ordinária";"1";"546";"Eleições Gerais Estaduais 2022";"2022-10-02 00:00:00";"E";"RS";"RS";"RIO GRANDE DO SUL";"7";"Deputado Estadual";"210001598515";"50010";"VILMAR FRANCISCO DA SILVA";"VILMAR O GARI";"50";"PSOL";"Partido Socialismo e Liberdade";"12";"Apto";"-3";"#NE";"5";"Suplente"
"21/09/2026";"12:34:43";"2026";"210002533936";"RS";"2022";"2";"Eleição Ordinária";"1";"546";"Eleições Gerais Estaduais 2022";"2022-10-02 00:00:00";"E";"RS";"RS";"RIO GRANDE DO SUL";"7";"Deputado Estadual";"210001598528";"50000";"LUCIANA KREBS GENRO";"LUCIANA GENRO";"50";"PSOL";"Partido Socialismo e Liberdade";"12";"Apto";"-3";"#NE";"2";"Eleito por QP"
"21/09/2026";"12:34:43";"2026";"210002533934";"RS";"2022";"2";"Eleição Ordinária";"1";"546";"Eleições Gerais Estaduais 2022";"2022-10-02 00:00:00";"E";"RS";"RS";"RIO GRANDE DO SUL";"7";"Deputado Estadual";"210001598529";"50123";"MATHEUS PEREIRA GOMES";"MATHEUS GOMES";"50";"PSOL";"Partido Socialismo e Liberdade";"12";"Apto";"-3";"#NE";"2";"Eleito por QP"
"21/09/2026";"12:34:43";"2026";"210002533929";"RS";"2022";"2";"Eleição Ordinária";"1";"546";"Eleições Gerais Estaduais 2022";"2022-10-02 00:00:00";"E";"RS";"RS";"RIO GRANDE DO SUL";"7";"Deputado Estadual";"210001598498";"50500";"PEDRO HOMERO STEIN";"PEDRO STEIN";"50";"PSOL";"Partido Socialismo e Liberdade";"12";"Apto";"-3";"#NE";"5";"Suplente"
"21/09/2026";"12:34:43";"2026";"210002533940";"RS";"2022";"2";"Eleição Ordinária";"1";"546";"Eleições Gerais Estaduais 2022";"2022-10-02 00:00:00";"E";"RS";"RS";"RIO GRANDE DO SUL";"7";"Deputado Estadual";"210001598518";"50777";"ALICE CARVALHO DA SILVA DOS SANTOS";"ALICE CARVALHO";"50";"PSOL";"Partido Socialismo e Liberdade";"12";"Apto";"-3";"#NE";"5";"Suplente"
"21/09/2026";"12:34:43";"2026";"210002533938";"RS";"2022";"2";"Eleição Ordinária";"1";"546";"Eleições Gerais Estaduais 2022";"2022-10-02 00:00:00";"E";"RS";"RS";"RIO GRANDE DO SUL";"7";"Deputado Estadual";"210001598506";"50950";"GUILHERME GIL DA SILVA";"GUILHERME GIL";"50";"PSOL";"Partido Socialismo e Liberdade";"12";"Apto";"-3";"#NE";"5";"Suplente"
"21/09/2026";"12:34:43";"2026";"210002533924";"RS";"2022";"2";"Eleição Ordinária";"1";"546";"Eleições Gerais Estaduais 2022";"2022-10-02 00:00:00";"E";"RS";"RS";"RIO GRANDE DO SUL";"7";"Deputado Estadual";"210001598507";"50150";"GUILHERME STURMER LOVATTO";"PROFESSOR GUILHERME";"50";"PSOL";"Partido Socialismo e Liberdade";"12";"Apto";"-3";"#NE";"5";"Suplente"
"21/09/2026";"12:34:43";"2026";"210002533935";"RS";"2022";"2";"Eleição Ordinária";"1";"546";"Eleições Gerais Estaduais 2022";"2022-10-02 00:00:00";"E";"RS";"RS";"RIO GRANDE DO SUL";"7";"Deputado Estadual";"210001598504";"50570";"FABIANE GOMES";"FABY GOMEZ";"50";"PSOL";"Partido Socialismo e Liberdade";"12";"Apto";"-3";"#NE";"5";"Suplente"
"21/09/2026";"12:34:43";"2026";"210002534019";"RS";"2022";"2";"Eleição Ordinária";"1";"546";"Eleições Gerais Estaduais 2022";"2022-10-02 00:00:00";"E";"RS";"RS";"RIO GRANDE DO SUL";"7";"Deputado Estadual";"210001610611";"13001";"GILBERTO JOSÉ SPIER VARGAS";"PEPE VARGAS";"13";"PT";"Partido dos Trabalhadores";"12";"Apto";"-3";"#NE";"2";"Eleito por QP"
"21/09/2026";"12:34:43";"2026";"210002534038";"RS";"2022";"2";"Eleição Ordinária";"1";"546";"Eleições Gerais Estaduais 2022";"2022-10-02 00:00:00";"E";"RS";"RS";"RIO GRANDE DO SUL";"7";"Deputado Estadual";"210001610589";"13400";"SOFIA CAVEDON NUNES";"SOFIA CAVEDON";"13";"PT";"Partido dos Trabalhadores";"12";"Apto";"-3";"#NE";"2";"Eleito por QP"
"21/09/2026";"12:34:43";"2026";"210002534039";"RS";"2022";"2";"Eleição Ordinária";"1";"546";"Eleições Gerais Estaduais 2022";"2022-10-02 00:00:00";"E";"RS";"RS";"RIO GRANDE DO SUL";"7";"Deputado Estadual";"210001610590";"13113";"STELA BEATRIZ FARIAS LOPES";"STELA FARIAS";"13";"PT";"Partido dos Trabalhadores";"12";"Apto";"-3";"#NE";"2";"Eleito por QP"
"21/09/2026";"12:34:43";"2026";"210002534017";"RS";"2022";"2";"Eleição Ordinária";"1";"546";"Eleições Gerais Estaduais 2022";"2022-10-02 00:00:00";"E";"RS";"RS";"RIO GRANDE DO SUL";"7";"Deputado Estadual";"210001610623";"13500";"JOSÉ SIDNEY NUNES DE ALMEIDA";"ZÉ NUNES";"13";"PT";"Partido dos Trabalhadores";"12";"Apto";"-3";"#NE";"2";"Eleito por QP"
"21/09/2026";"12:34:43";"2026";"210002534042";"RS";"2022";"2";"Eleição Ordinária";"1";"546";"Eleições Gerais Estaduais 2022";"2022-10-02 00:00:00";"E";"RS";"RS";"RIO GRANDE DO SUL";"7";"Deputado Estadual";"210001610586";"13213";"RITA DE CASSIA DELLA GIUSTINA DE OLIVEIRA";"PROFESSORA RITA DELLA GIUSTINA";"13";"PT";"Partido dos Trabalhadores";"12";"Apto";"-3";"#NE";"5";"Suplente"
"21/09/2026";"12:34:43";"2026";"210002534050";"RS";"2022";"2";"Eleição Ordinária";"1";"546";"Eleições Gerais Estaduais 2022";"2022-10-02 00:00:00";"E";"RS";"RS";"RIO GRANDE DO SUL";"7";"Deputado Estadual";"210001610620";"13120";"JEFERSON OLIVEIRA FERNANDES";"JEFERSON FERNANDES";"13";"PT";"Partido dos Trabalhadores";"12";"Apto";"-3";"#NE";"2";"Eleito por QP"
"21/09/2026";"12:34:43";"2026";"210002534028";"RS";"2012";"2";"Eleição Ordinária";"1";"47";"Eleição Municipal 2012";"2012-10-07 00:00:00";"M";"RS";"88633";"SÃO BORJA";"13";"Vereador";"210000033868";"14669";"PAULO VANDERLEI FAGUAGA SIQUEIRA";"ORELHA";"14";"PTB";"Partido Trabalhista Brasileiro";"12";"Apto";"-3";"#NE";"4";"Não eleito"
"21/09/2026";"12:34:43";"2026";"210002534038";"RS";"2014";"2";"Eleição Ordinária";"1";"143";"Eleições Gerais 2014";"2014-10-05 00:00:00";"F";"RS";"RS";"RIO GRANDE DO SUL";"7";"Deputado Estadual";"210000000398";"13400";"SOFIA CAVEDON NUNES";"SOFIA CAVEDON";"13";"PT";"Partido dos Trabalhadores";"12";"Apto";"";"";"5";"Suplente"
"21/09/2026";"12:34:43";"2026";"210002533934";"RS";"2014";"2";"Eleição Ordinária";"1";"143";"Eleições Gerais 2014";"2014-10-05 00:00:00";"F";"RS";"RS";"RIO GRANDE DO SUL";"6";"Deputado Federal";"210000000071";"1616";"MATHEUS PEREIRA GOMES";"MATHEUS GOMES ""GORDO""";"16";"PSTU";"Partido Socialista dos Trabalhadores Unificado";"12";"Apto";"";"";"4";"Não eleito"
"21/09/2026";"12:34:43";"2026";"210002537546";"RS";"2020";"2";"Eleição Ordinária";"1";"426";"Eleições Municipais 2020";"2020-11-15 00:00:00";"M";"RS";"85898";"CANOAS";"13";"Vereador";"210000773482";"40777";"RAQUEL ALVES DOS SANTOS";"RAQUEL ALVES";"40";"PSB";"Partido Socialista Brasileiro";"12";"Apto";"-3";"#NE";"4";"Não eleito"
"21/09/2026";"12:34:43";"2026";"210002539816";"RS";"2020";"2";"Eleição Ordinária";"1";"426";"Eleições Municipais 2020";"2020-11-15 00:00:00";"M";"RS";"85898";"CANOAS";"13";"Vereador";"210000727431";"12000";"CARLOS ALEXANDRE GONÇALVES";"ALEXANDRE GONÇALVES";"12";"PDT";"Partido Democrático Trabalhista";"12";"Apto";"-3";"#NE";"3";"Eleito por média"
"21/09/2026";"12:34:43";"2026";"210002534033";"RS";"2020";"2";"Eleição Ordinária";"1";"426";"Eleições Municipais 2020";"2020-11-15 00:00:00";"M";"RS";"85898";"CANOAS";"13";"Vereador";"210000727678";"13513";"MARIA EUNICE DIAS WOLF";"MARIA EUNICE";"13";"PT";"Partido dos Trabalhadores";"12";"Apto";"-3";"#NE";"2";"Eleito por QP"
"21/09/2026";"12:34:43";"2026";"210002534004";"RS";"2024";"2";"Eleição Ordinária";"1";"619";"Eleições Municipais 2024";"2024-10-06 00:00:00";"M";"RS";"88013";"PORTO ALEGRE";"13";"Vereador";"210002029604";"65444";"ERICK DÊNIL MACHADO PIMENTEL";"ERICK DÊNIL";"65";"PC do B";"Partido Comunista do Brasil";"-3";"#NE";"2";"Deferido";"2";"Eleito por QP"
"21/09/2026";"12:34:43";"2026";"210002534029";"RS";"2024";"2";"Eleição Ordinária";"1";"619";"Eleições Municipais 2024";"2024-10-06 00:00:00";"M";"RS";"88013";"PORTO ALEGRE";"13";"Vereador";"210002029617";"65656";"GIOVANI CULAU OLIVEIRA";"GIOVANI CULAU E COLETIVO";"65";"PC do B";"Partido Comunista do Brasil";"-3";"#NE";"2";"Deferido";"2";"Eleito por QP"
"21/09/2026";"12:34:43";"2026";"210002539818";"RS";"2024";"2";"Eleição Ordinária";"1";"619";"Eleições Municipais 2024";"2024-10-06 00:00:00";"M";"RS";"88013";"PORTO ALEGRE";"13";"Vereador";"210002029626";"43210";"REGINA MARIA BECKER";"REGINA BECKER";"43";"PV";"Partido Verde";"-3";"#NE";"2";"Deferido";"5";"Suplente"
"21/09/2026";"12:34:43";"2026";"210002534014";"RS";"2024";"2";"Eleição Ordinária";"1";"619";"Eleições Municipais 2024";"2024-10-06 00:00:00";"M";"RS";"88013";"PORTO ALEGRE";"13";"Vereador";"210002029612";"13013";"BRUNNO MATTOS DA SILVA";"BRUNNO MATTOS";"13";"PT";"Partido dos Trabalhadores";"-3";"#NE";"2";"Deferido";"5";"Suplente"
"21/09/2026";"12:34:43";"2026";"210002534003";"RS";"2024";"2";"Eleição Ordinária";"1";"619";"Eleições Municipais 2024";"2024-10-06 00:00:00";"M";"RS";"88013";"PORTO ALEGRE";"13";"Vereador";"210002029607";"13100";"NATASHA FERREIRA";"NATASHA";"13";"PT";"Partido dos Trabalhadores";"-3";"#NE";"2";"Deferido";"3";"Eleito por média"
"21/09/2026";"12:34:43";"2026";"210002534013";"RS";"2024";"2";"Eleição Ordinária";"1";"619";"Eleições Municipais 2024";"2024-10-06 00:00:00";"M";"RS";"88013";"PORTO ALEGRE";"13";"Vereador";"210002029610";"13123";"ALEXANDRE BUBLITZ";"ALEXANDRE BUBLITZ";"13";"PT";"Partido dos Trabalhadores";"-3";"#NE";"2";"Deferido";"2";"Eleito por QP"
"21/09/2026";"12:34:43";"2026";"210002539822";"RS";"2024";"2";"Eleição Ordinária";"1";"619";"Eleições Municipais 2024";"2024-10-06 00:00:00";"M";"RS";"88013";"PORTO ALEGRE";"13";"Vereador";"210002338473";"12612";"PAULO ROBERTO SILVA";"PAULINHO SILVA";"12";"PDT";"Partido Democrático Trabalhista";"-3";"#NE";"2";"Deferido";"5";"Suplente"
"21/09/2026";"12:34:43";"2026";"210002539786";"RS";"2024";"2";"Eleição Ordinária";"1";"619";"Eleições Municipais 2024";"2024-10-06 00:00:00";"M";"RS";"88013";"PORTO ALEGRE";"13";"Vereador";"210002338486";"12007";"MARCO ANTONIO FUMAGALLI";"FUMAGALLI";"12";"PDT";"Partido Democrático Trabalhista";"-3";"#NE";"2";"Deferido";"5";"Suplente"
"21/09/2026";"12:34:43";"2026";"210002539780";"RS";"2024";"2";"Eleição Ordinária";"1";"619";"Eleições Municipais 2024";"2024-10-06 00:00:00";"M";"RS";"88013";"PORTO ALEGRE";"13";"Vereador";"210002338459";"12777";"AMANDA RODRIGUES DA SILVA";"AMANDA RODRIGUES";"12";"PDT";"Partido Democrático Trabalhista";"-3";"#NE";"2";"Deferido";"5";"Suplente"
"21/09/2026";"12:34:43";"2026";"210002539783";"RS";"2024";"2";"Eleição Ordinária";"1";"619";"Eleições Municipais 2024";"2024-10-06 00:00:00";"M";"RS";"88013";"PORTO ALEGRE";"13";"Vereador";"210002338457";"12500";"LUIZ JACOMINI RIGHI FILHO";"LUIZ JACOMINI";"12";"PDT";"Partido Democrático Trabalhista";"-3";"#NE";"2";"Deferido";"5";"Suplente"
"21/09/2026";"12:34:43";"2026";"210002533933";"RS";"2024";"2";"Eleição Ordinária";"1";"619";"Eleições Municipais 2024";"2024-10-06 00:00:00";"M";"RS";"88013";"PORTO ALEGRE";"13";"Vereador";"210001915781";"50010";"VILMAR FRANCISCO DA SILVA";"VILMAR O GARI";"50";"PSOL";"Partido Socialismo e Liberdade";"-3";"#NE";"2";"Deferido";"5";"Suplente"
"21/09/2026";"12:34:43";"2026";"210002533931";"RS";"2024";"2";"Eleição Ordinária";"1";"619";"Eleições Municipais 2024";"2024-10-06 00:00:00";"M";"RS";"88013";"PORTO ALEGRE";"13";"Vereador";"210001915779";"50555";"KAREN MORAIS DOS SANTOS";"KAREN SANTOS";"50";"PSOL";"Partido Socialismo e Liberdade";"-3";"#NE";"2";"Deferido";"2";"Eleito por QP"
"21/09/2026";"12:34:43";"2026";"210002537541";"RS";"2024";"2";"Eleição Ordinária";"1";"619";"Eleições Municipais 2024";"2024-10-06 00:00:00";"M";"RS";"88013";"PORTO ALEGRE";"13";"Vereador";"210002354365";"40199";"JANE LONGARAY BITENCOURT";"JANE BITENCOURT";"40";"PSB";"Partido Socialista Brasileiro";"-3";"#NE";"2";"Deferido";"4";"Não eleito"
"21/09/2026";"12:34:43";"2026";"210002537536";"RS";"2024";"2";"Eleição Ordinária";"1";"619";"Eleições Municipais 2024";"2024-10-06 00:00:00";"M";"RS";"88013";"PORTO ALEGRE";"13";"Vereador";"210002354354";"40042";"RENAN DA SILVA";"QUININHO DO MOVIMENTO POPULAR";"40";"PSB";"Partido Socialista Brasileiro";"-3";"#NE";"2";"Deferido";"4";"Não eleito"
"21/09/2026";"12:34:43";"2026";"210002534009";"RS";"2014";"2";"Eleição Ordinária";"1";"143";"Eleições Gerais 2014";"2014-10-05 00:00:00";"F";"RS";"RS";"RIO GRANDE DO SUL";"7";"Deputado Estadual";"210000000360";"13307";"HELEN MARTINS CABRAL";"HELEN CABRAL";"13";"PT";"Partido dos Trabalhadores";"12";"Apto";"";"";"5";"Suplente"
"21/09/2026";"12:34:43";"2026";"210002534040";"RS";"2014";"2";"Eleição Ordinária";"1";"143";"Eleições Gerais 2014";"2014-10-05 00:00:00";"F";"RS";"RS";"RIO GRANDE DO SUL";"7";"Deputado Estadual";"210000000344";"13813";"ANA INES AFFONSO";"ANA AFFONSO";"13";"PT";"Partido dos Trabalhadores";"12";"Apto";"";"";"5";"Suplente"
"21/09/2026";"12:34:43";"2026";"210002539818";"RS";"2014";"2";"Eleição Ordinária";"1";"143";"Eleições Gerais 2014";"2014-10-05 00:00:00";"F";"RS";"RS";"RIO GRANDE DO SUL";"7";"Deputado Estadual";"210000000207";"12580";"REGINA MARIA BECKER";"REGINA BECKER FORTUNATI";"12";"PDT";"Partido Democrático Trabalhista";"12";"Apto";"";"";"2";"Eleito por QP"
"21/09/2026";"12:34:43";"2026";"210002539798";"RS";"2014";"2";"Eleição Ordinária";"1";"143";"Eleições Gerais 2014";"2014-10-05 00:00:00";"F";"RS";"RS";"RIO GRANDE DO SUL";"7";"Deputado Estadual";"210000000214";"12120";"DIEGO DAL PIVA DA LUZ";"DIEGO PICUCHA";"12";"PDT";"Partido Democrático Trabalhista";"12";"Apto";"";"";"5";"Suplente"
"21/09/2026";"12:34:43";"2026";"210002539803";"RS";"2014";"2";"Eleição Ordinária";"1";"143";"Eleições Gerais 2014";"2014-10-05 00:00:00";"F";"RS";"RS";"RIO GRANDE DO SUL";"7";"Deputado Estadual";"210000000188";"12333";"GILMAR SOSSELLA";"GILMAR SOSSELLA";"12";"PDT";"Partido Democrático Trabalhista";"12";"Apto";"";"";"2";"Eleito por QP"
"21/09/2026";"12:34:43";"2026";"210002534017";"RS";"2014";"2";"Eleição Ordinária";"1";"143";"Eleições Gerais 2014";"2014-10-05 00:00:00";"F";"RS";"RS";"RIO GRANDE DO SUL";"7";"Deputado Estadual";"210000000364";"13500";"JOSÉ SIDNEY NUNES DE ALMEIDA";"ZÉ NUNES";"13";"PT";"Partido dos Trabalhadores";"12";"Apto";"";"";"2";"Eleito por QP"
"21/09/2026";"12:34:43";"2026";"210002534019";"RS";"2014";"2";"Eleição Ordinária";"1";"143";"Eleições Gerais 2014";"2014-10-05 00:00:00";"F";"RS";"RS";"RIO GRANDE DO SUL";"6";"Deputado Federal";"210000000404";"1301";"GILBERTO JOSÉ SPIER VARGAS";"PEPE VARGAS";"13";"PT";"Partido dos Trabalhadores";"12";"Apto";"";"";"2";"Eleito por QP"
"21/09/2026";"12:34:43";"2026";"210002539816";"RS";"2014";"2";"Eleição Ordinária";"1";"143";"Eleições Gerais 2014";"2014-10-05 00:00:00";"F";"RS";"RS";"RIO GRANDE DO SUL";"7";"Deputado Estadual";"210000000800";"22000";"CARLOS ALEXANDRE GONÇALVES";"ALEXANDRE GONÇALVES";"22";"PR";"Partido da República";"12";"Apto";"";"";"5";"Suplente"
"21/09/2026";"12:34:43";"2026";"210002539821";"RS";"2016";"2";"Eleição Ordinária";"1";"220";"Eleições Municipais 2016";"2016-10-02 00:00:00";"M";"RS";"87238";"JAGUARI";"13";"Vereador";"210000029943";"12012";"CÁTINA MONTEIRO FRESCURA";"CÁTINA MONTEIRO";"12";"PDT";"Partido Democrático Trabalhista";"12";"Apto";"-3";"#NE";"2";"Eleito por QP"
"21/09/2026";"12:34:43";"2026";"210002534005";"RS";"2016";"2";"Eleição Ordinária";"1";"220";"Eleições Municipais 2016";"2016-10-02 00:00:00";"M";"RS";"86932";"CHARQUEADAS";"13";"Vereador";"210000023991";"13655";"JOACIR PICOLOTTO";"PICOLOTTO";"13";"PT";"Partido dos Trabalhadores";"12";"Apto";"-3";"#NE";"5";"Suplente"
"21/09/2026";"12:34:43";"2026";"210002539791";"RS";"2016";"2";"Eleição Ordinária";"1";"220";"Eleições Municipais 2016";"2016-10-02 00:00:00";"M";"RS";"85219";"ARROIO DOS RATOS";"13";"Vereador";"210000015601";"12365";"CLEOMAR SANTOS OLIVEIRA";"MARA SANTOS";"12";"PDT";"Partido Democrático Trabalhista";"12";"Apto";"-3";"#NE";"5";"Suplente"
"21/09/2026";"12:34:43";"2026";"210002534018";"RS";"2004";"2";"Eleição Ordinária";"1";"6";"Eleições Municipais de 2004 - 1º turno";"2004-10-03 00:00:00";"M";"RS";"87963";"TIRADENTES DO SUL";"13";"Vereador";"137";"13000";"CLEONICE FABIANE BACK";"CLEONICE BACK";"13";"PT";"Partido dos Trabalhadores";"12";"Apto";"-3";"#NE";"1";"Eleito"
"21/09/2026";"12:34:43";"2026";"210002539815";"RS";"2004";"2";"Eleição Ordinária";"1";"6";"Eleições Municipais de 2004 - 1º turno";"2004-10-03 00:00:00";"M";"RS";"88013";"PORTO ALEGRE";"13";"Vereador";"58";"22009";"RONI DA SILVA";"DJ RONI DO HIP HOP";"22";"PL";"Partido Liberal";"12";"Apto";"-3";"#NE";"5";"Suplente"
"21/09/2026";"12:34:43";"2026";"210002534017";"RS";"2004";"2";"Eleição Ordinária";"1";"6";"Eleições Municipais de 2004 - 1º turno";"2004-10-03 00:00:00";"M";"RS";"88790";"SAO LOURENCO DO SUL";"11";"Prefeito";"3";"13";"JOSÉ SIDNEY NUNES DE ALMEIDA";"ZÉ NUNES";"13";"PT";"Partido dos Trabalhadores";"12";"Apto";"-3";"#NE";"1";"Eleito"
"21/09/2026";"12:34:43";"2026";"210002534020";"RS";"2004";"2";"Eleição Ordinária";"1";"6";"Eleições Municipais de 2004 - 1º turno";"2004-10-03 00:00:00";"M";"RS";"88153";"RIO GRANDE";"12";"Vice-Prefeito";"22";"13";"HALLEY LINO DE SOUZA";"HALLEY";"13";"PT";"Partido dos Trabalhadores";"12";"Apto";"-3";"#NE";"-1";"#NULO"
"21/09/2026";"12:34:43";"2026";"210002534030";"RS";"2016";"2";"Eleição Ordinária";"1";"220";"Eleições Municipais 2016";"2016-10-02 00:00:00";"M";"RS";"89354";"TRAMANDAÍ";"13";"Vereador";"210000003858";"12100";"HUMBERTO MATOS DE OLIVEIRA";"PROF. HUMBERTO";"12";"PDT";"Partido Democrático Trabalhista";"12";"Apto";"-3";"#NE";"5";"Suplente"
"21/09/2026";"12:34:43";"2026";"210002539805";"RS";"2016";"2";"Eleição Ordinária";"1";"220";"Eleições Municipais 2016";"2016-10-02 00:00:00";"M";"RS";"88633";"SÃO BORJA";"12";"Vice-prefeito";"210000019112";"12";"TIAGO CADO FERNANDES";"TIAGO CADÓ";"12";"PDT";"Partido Democrático Trabalhista";"12";"Apto";"-3";"#NE";"4";"Não eleito"
"21/09/2026";"12:34:43";"2026";"210002537534";"RS";"2016";"2";"Eleição Ordinária";"1";"220";"Eleições Municipais 2016";"2016-10-02 00:00:00";"M";"RS";"87912";"PELOTAS";"13";"Vereador";"210000032481";"40080";"CESAR BRIZOLARA";"CESINHA";"40";"PSB";"Partido Socialista Brasileiro";"12";"Apto";"-3";"#NE";"5";"Suplente"
"21/09/2026";"12:34:43";"2026";"210002534031";"RS";"2024";"2";"Eleição Ordinária";"1";"619";"Eleições Municipais 2024";"2024-10-06 00:00:00";"M";"RS";"86371";"ERECHIM";"13";"Vereador";"210002227232";"65123";"SANDRA REGINA PICOLI OSTROVSKI";"SANDRA PICOLI";"65";"PC do B";"Partido Comunista do Brasil";"-3";"#NE";"2";"Deferido";"2";"Eleito por QP"
"21/09/2026";"12:34:43";"2026";"210002533946";"RS";"2016";"2";"Eleição Ordinária";"1";"220";"Eleições Municipais 2016";"2016-10-02 00:00:00";"M";"RS";"89630";"VIAMÃO";"13";"Vereador";"210000022434";"50005";"ADRIANO TADEU HARTMANN RICOLDI";"ADRIANO RICOLDI";"50";"PSOL";"Partido Socialismo e Liberdade";"12";"Apto";"-3";"#NE";"5";"Suplente"
"21/09/2026";"12:34:43";"2026";"210002537530";"RS";"2010";"2";"Eleição Ordinária";"1";"37";"Eleições 2010";"2010-10-03 00:00:00";"F";"RS";"RS";"RIO GRANDE DO SUL";"6";"Deputado Federal";"210000000170";"6555";"ANDRE CASSIO DA SILVA OLIVEIRA";"ANDRE OLIVEIRA";"65";"PC do B";"Partido Comunista do Brasil";"12";"Apto";"-3";"#NE";"5";"Suplente"
"21/09/2026";"12:34:43";"2026";"210002533946";"RS";"2024";"1";"Eleição Suplementar";"1";"6267";"Eleição Suplementar Viamão - RS";"2026-04-12 00:00:00";"M";"RS";"89630";"VIAMÃO";"11";"Prefeito";"210002528036";"50";"ADRIANO TADEU HARTMANN RICOLDI";"ADRIANO RICOLDI";"50";"PSOL";"PARTIDO SOCIALISMO E LIBERDADE";"-3";"#NE";"2";"Deferido";"-1";"#NULO"
"21/09/2026";"12:34:43";"2026";"210002539799";"RS";"2024";"1";"Eleição Suplementar";"1";"6267";"Eleição Suplementar Viamão - RS";"2026-04-12 00:00:00";"M";"RS";"89630";"VIAMÃO";"11";"Prefeito";"210002528038";"12";"CARLOS AUGUSTO DA SILVA LOPES";"GUTO LOPES";"12";"PDT";"PARTIDO DEMOCRÁTICO TRABALHISTA";"-3";"#NE";"2";"Deferido";"-1";"#NULO"
"21/09/2026";"12:34:43";"2026";"210002534027";"RS";"2024";"1";"Eleição Suplementar";"1";"6268";"Eleição Suplementar Cachoeirinha - RS";"2026-04-12 00:00:00";"M";"RS";"85618";"CACHOEIRINHA";"12";"Vice-prefeito";"210002528188";"13";"CLAUDIA AZEVEDO DE OLIVEIRA";"CLAUDIA AZEVEDO";"43";"PV";"PARTIDO VERDE";"-3";"#NE";"2";"Deferido";"4";"Não eleito"
"21/09/2026";"12:34:43";"2026";"210002533931";"RS";"2022";"2";"Eleição Ordinária";"1";"546";"Eleições Gerais Estaduais 2022";"2022-10-02 00:00:00";"E";"RS";"RS";"RIO GRANDE DO SUL";"7";"Deputado Estadual";"210001598524";"50555";"KAREN MORAIS DOS SANTOS";"KAREN SANTOS";"50";"PSOL";"Partido Socialismo e Liberdade";"12";"Apto";"-3";"#NE";"5";"Suplente"
"21/09/2026";"12:34:43";"2026";"210002539779";"RS";"2016";"2";"Eleição Ordinária";"1";"220";"Eleições Municipais 2016";"2016-10-02 00:00:00";"M";"RS";"88315";"ROSÁRIO DO SUL";"13";"Vereador";"210000018608";"15155";"TIAGO DE MENEZES VIEIRA";"TIAGO MENEZES";"15";"PMDB";"Partido do Movimento Democrático Brasileiro";"12";"Apto";"-3";"#NE";"5";"Suplente"
"21/09/2026";"12:34:43";"2026";"210002539799";"RS";"2016";"2";"Eleição Ordinária";"1";"220";"Eleições Municipais 2016";"2016-10-02 00:00:00";"M";"RS";"89630";"VIAMÃO";"13";"Vereador";"210000022438";"50000";"CARLOS AUGUSTO DA SILVA LOPES";"GUTO LOPES";"50";"PSOL";"Partido Socialismo e Liberdade";"12";"Apto";"-3";"#NE";"2";"Eleito por QP"
"21/09/2026";"12:34:43";"2026";"210002534036";"RS";"2020";"2";"Eleição Ordinária";"1";"426";"Eleições Municipais 2020";"2020-11-15 00:00:00";"M";"RS";"89630";"VIAMÃO";"12";"Vice-prefeito";"210000660770";"12";"ADÃO PRETTO FILHO";"ADÃO PRETTO";"13";"PT";"Partido dos Trabalhadores";"12";"Apto";"-3";"#NE";"4";"Não eleito"
"21/09/2026";"12:34:43";"2026";"210002537539";"RS";"2020";"2";"Eleição Ordinária";"1";"426";"Eleições Municipais 2020";"2020-11-15 00:00:00";"M";"RS";"88927";"BALNEÁRIO PINHAL";"12";"Vice-prefeito";"210000687840";"14";"ALEQUIS LOPES PINTO";"ALEQUIS LOPES PINTO";"40";"PSB";"Partido Socialista Brasileiro";"12";"Apto";"-3";"#NE";"1";"Eleito"
"21/09/2026";"12:34:43";"2026";"210002534012";"RS";"2020";"2";"Eleição Ordinária";"1";"426";"Eleições Municipais 2020";"2020-11-15 00:00:00";"M";"RS";"88013";"PORTO ALEGRE";"12";"Vice-prefeito";"210000729171";"65";"MIGUEL SOLDATELLI ROSSETTO";"ROSSETTO";"13";"PT";"Partido dos Trabalhadores";"12";"Apto";"-3";"#NE";"6";"2º turno"
"21/09/2026";"12:34:43";"2026";"210002534012";"RS";"2020";"2";"Eleição Ordinária";"2";"426";"Eleições Municipais 2020";"2020-11-29 00:00:00";"M";"RS";"88013";"PORTO ALEGRE";"12";"Vice-prefeito";"210000729171";"65";"MIGUEL SOLDATELLI ROSSETTO";"ROSSETTO";"13";"PT";"Partido dos Trabalhadores";"12";"Apto";"-3";"#NE";"4";"Não eleito"
"21/09/2026";"12:34:43";"2026";"210002533937";"RS";"2020";"2";"Eleição Ordinária";"1";"426";"Eleições Municipais 2020";"2020-11-15 00:00:00";"M";"RS";"85898";"CANOAS";"12";"Vice-prefeito";"210000774512";"50";"DANIELLE DOS SANTOS KROEFF";"PROFE DANI";"50";"PSOL";"Partido Socialismo e Liberdade";"12";"Apto";"-3";"#NE";"4";"Não eleito"
"21/09/2026";"12:34:43";"2026";"210002533945";"RS";"2012";"2";"Eleição Ordinária";"1";"47";"Eleição Municipal 2012";"2012-10-07 00:00:00";"M";"RS";"85898";"CANOAS";"13";"Vereador";"210000020517";"11700";"IVERA REGINA SOARES DA SILVA";"IVERA";"11";"PP";"Partido Progressista";"12";"Apto";"-3";"#NE";"5";"Suplente"
"21/09/2026";"12:34:43";"2026";"210002537544";"RS";"2012";"2";"Eleição Ordinária";"1";"47";"Eleição Municipal 2012";"2012-10-07 00:00:00";"M";"RS";"86517";"ESTEIO";"13";"Vereador";"210000001101";"12466";"JONATAS RIBEIRO FAGUNDES";"AMARAL";"12";"PDT";"Partido Democrático Trabalhista";"12";"Apto";"-3";"#NE";"5";"Suplente"
"21/09/2026";"12:34:43";"2026";"210002539805";"RS";"2012";"2";"Eleição Ordinária";"1";"47";"Eleição Municipal 2012";"2012-10-07 00:00:00";"M";"RS";"88633";"SÃO BORJA";"13";"Vereador";"210000034736";"12000";"TIAGO CADO FERNANDES";"TIAGO CADO";"12";"PDT";"Partido Democrático Trabalhista";"12";"Apto";"-3";"#NE";"2";"Eleito por QP"
"21/09/2026";"12:34:43";"2026";"210002534049";"RS";"2012";"2";"Eleição Ordinária";"1";"47";"Eleição Municipal 2012";"2012-10-07 00:00:00";"M";"RS";"88013";"PORTO ALEGRE";"13";"Vereador";"210000000374";"13700";"CLÁUDIO MARCOS PERES TORALLES";"CLÁUDIO TORALLES";"13";"PT";"Partido dos Trabalhadores";"12";"Apto";"-3";"#NE";"5";"Suplente"
"21/09/2026";"12:34:43";"2026";"210002533940";"RS";"2024";"2";"Eleição Ordinária";"1";"619";"Eleições Municipais 2024";"2024-10-06 00:00:00";"M";"RS";"88412";"SANTA MARIA";"13";"Vereador";"210002038786";"50777";"ALICE CARVALHO DA SILVA DOS SANTOS";"ALICE CARVALHO";"50";"PSOL";"Partido Socialismo e Liberdade";"-3";"#NE";"2";"Deferido";"3";"Eleito por média"
"21/09/2026";"12:34:43";"2026";"210002534023";"RS";"2024";"2";"Eleição Ordinária";"1";"619";"Eleições Municipais 2024";"2024-10-06 00:00:00";"M";"RS";"88412";"SANTA MARIA";"13";"Vereador";"210002002018";"13015";"MARINA MARIA DE AVILA CALLEGARO";"MARINA CALLEGARO";"13";"PT";"Partido dos Trabalhadores";"-3";"#NE";"2";"Deferido";"2";"Eleito por QP"
"21/09/2026";"12:34:43";"2026";"210002534009";"RS";"2024";"2";"Eleição Ordinária";"1";"619";"Eleições Municipais 2024";"2024-10-06 00:00:00";"M";"RS";"88412";"SANTA MARIA";"13";"Vereador";"210002002017";"13730";"HELEN MARTINS CABRAL";"HELEN CABRAL";"13";"PT";"Partido dos Trabalhadores";"-3";"#NE";"2";"Deferido";"2";"Eleito por QP"
"21/09/2026";"12:34:43";"2026";"210002534037";"RS";"2024";"2";"Eleição Ordinária";"1";"619";"Eleições Municipais 2024";"2024-10-06 00:00:00";"M";"RS";"88412";"SANTA MARIA";"13";"Vereador";"210002002024";"13007";"SIDINEI CARDOSO PEREIRA";"SIDI";"13";"PT";"Partido dos Trabalhadores";"-3";"#NE";"2";"Deferido";"2";"Eleito por QP"
"21/09/2026";"12:34:43";"2026";"210002534006";"RS";"2024";"2";"Eleição Ordinária";"1";"619";"Eleições Municipais 2024";"2024-10-06 00:00:00";"M";"RS";"88412";"SANTA MARIA";"13";"Vereador";"210002002022";"13713";"VALDIR OLIVEIRA DE OLIVEIRA";"VALDIR OLIVEIRA";"13";"PT";"Partido dos Trabalhadores";"-3";"#NE";"2";"Deferido";"2";"Eleito por QP"
"21/09/2026";"12:34:43";"2026";"210002539819";"RS";"2024";"2";"Eleição Ordinária";"1";"619";"Eleições Municipais 2024";"2024-10-06 00:00:00";"M";"RS";"88412";"SANTA MARIA";"13";"Vereador";"210002158003";"12000";"LUIZ FERNANDO CUOZZO LEMOS";"PROF LUIZ FERNANDO";"12";"PDT";"Partido Democrático Trabalhista";"-3";"#NE";"2";"Deferido";"2";"Eleito por QP"
"21/09/2026";"12:34:43";"2026";"210002534011";"RS";"2024";"2";"Eleição Ordinária";"1";"619";"Eleições Municipais 2024";"2024-10-06 00:00:00";"M";"RS";"89273";"TAQUARA";"13";"Vereador";"210001986950";"13456";"MÔNICA JULIANA FACIO";"MÔNICA";"13";"PT";"Partido dos Trabalhadores";"-3";"#NE";"2";"Deferido";"3";"Eleito por média"
"21/09/2026";"12:34:43";"2026";"210002539804";"RS";"2024";"2";"Eleição Ordinária";"1";"619";"Eleições Municipais 2024";"2024-10-06 00:00:00";"M";"RS";"86835";"GRAVATAÍ";"12";"Vice-prefeito";"210002220301";"15";"THIAGO ENGELMAN DE LEON MADEIRA";"THIAGO DE LEON";"12";"PDT";"Partido Democrático Trabalhista";"-3";"#NE";"2";"Deferido";"4";"Não eleito"
"21/09/2026";"12:34:43";"2026";"210002533937";"RS";"2024";"2";"Eleição Ordinária";"1";"619";"Eleições Municipais 2024";"2024-10-06 00:00:00";"M";"RS";"85898";"CANOAS";"12";"Vice-prefeito";"210002366855";"50";"DANIELLE DOS SANTOS KROEFF";"PROFESSORA DANI KROEFF";"50";"PSOL";"Partido Socialismo e Liberdade";"-3";"#NE";"2";"Deferido";"4";"Não eleito"
"21/09/2026";"12:34:43";"2026";"210002534033";"RS";"2024";"2";"Eleição Ordinária";"1";"619";"Eleições Municipais 2024";"2024-10-06 00:00:00";"M";"RS";"85898";"CANOAS";"12";"Vice-prefeito";"210001982281";"55";"MARIA EUNICE DIAS WOLF";"MARIA EUNICE";"13";"PT";"Partido dos Trabalhadores";"-3";"#NE";"2";"Deferido";"6";"2º turno"
"21/09/2026";"12:34:43";"2026";"210002534033";"RS";"2024";"2";"Eleição Ordinária";"2";"619";"Eleições Municipais 2024";"2024-10-27 00:00:00";"M";"RS";"85898";"CANOAS";"12";"Vice-prefeito";"210001982281";"55";"MARIA EUNICE DIAS WOLF";"MARIA EUNICE";"13";"PT";"Partido dos Trabalhadores";"-3";"#NE";"2";"Deferido";"4";"Não eleito"
"21/09/2026";"12:34:43";"2026";"210002534034";"RS";"2008";"2";"Eleição Ordinária";"1";"30";"Eleições 2008";"2008-10-05 00:00:00";"M";"RS";"85316";"BAGÉ";"13";"Vereador";"21100";"13800";"LÉLIO NUNES LOPES FILHO";"LELINHO";"13";"PT";"Partido dos Trabalhadores";"12";"Apto";"-3";"#NE";"5";"Suplente"
"21/09/2026";"12:34:43";"2026";"210002539805";"RS";"2024";"2";"Eleição Ordinária";"1";"619";"Eleições Municipais 2024";"2024-10-06 00:00:00";"M";"RS";"88633";"SÃO BORJA";"11";"Prefeito";"210001924225";"12";"TIAGO CADÓ FERNANDES";"TIAGO CADÓ";"12";"PDT";"Partido Democrático Trabalhista";"-3";"#NE";"2";"Deferido";"4";"Não eleito"
"21/09/2026";"12:34:43";"2026";"210002537532";"RS";"2016";"2";"Eleição Ordinária";"1";"220";"Eleições Municipais 2016";"2016-10-02 00:00:00";"M";"RS";"87106";"MORMAÇO";"13";"Vereador";"210000011491";"40777";"ADILSON KUHN";"PROFESSOR ADILSON";"40";"PSB";"Partido Socialista Brasileiro";"12";"Apto";"-3";"#NE";"5";"Suplente"
"21/09/2026";"12:34:43";"2026";"210002539806";"RS";"2012";"2";"Eleição Ordinária";"1";"47";"Eleição Municipal 2012";"2012-10-07 00:00:00";"M";"RS";"85774";"CAMPO BOM";"12";"Vice-prefeito";"210000030089";"13";"LUCIANO LIBORIO BAPTISTA ORSI";"LUCIANO ORSI";"13";"PT";"Partido dos Trabalhadores";"12";"Apto";"-3";"#NE";"4";"Não eleito"
"21/09/2026";"12:34:43";"2026";"210002533936";"RS";"2012";"2";"Eleição Ordinária";"1";"47";"Eleição Municipal 2012";"2012-10-07 00:00:00";"M";"RS";"88013";"PORTO ALEGRE";"13";"Vereador";"210000018683";"50050";"LUCIANA KREBS GENRO";"LUCIANA GENRO";"50";"PSOL";"Partido Socialismo e Liberdade";"12";"Apto";"-3";"#NE";"4";"Não eleito"
"21/09/2026";"12:34:43";"2026";"210002539798";"RS";"2016";"1";"Eleição Suplementar";"1";"424";"Eleição suplementar de Parobé - RS";"2020-03-08 00:00:00";"M";"RS";"98256";"PAROBÉ";"11";"Prefeito";"210000631597";"12";"DIEGO DAL PIVA DA LUZ";"DIEGO PICUCHA";"12";"PDT";"Partido Democrático Trabalhista";"12";"Apto";"-3";"#NE";"1";"Eleito"
"21/09/2026";"12:34:43";"2026";"210002534031";"RS";"2016";"2";"Eleição Ordinária";"1";"220";"Eleições Municipais 2016";"2016-10-02 00:00:00";"M";"RS";"86371";"ERECHIM";"13";"Vereador";"210000009515";"65123";"SANDRA REGINA PICOLI OSTROVSKI";"SANDRA PICOLI";"65";"PC do B";"Partido Comunista do Brasil";"12";"Apto";"-3";"#NE";"2";"Eleito por QP"
"21/09/2026";"12:34:43";"2026";"210002537542";"RS";"2024";"2";"Eleição Ordinária";"1";"619";"Eleições Municipais 2024";"2024-10-06 00:00:00";"M";"RS";"88390";"SANTA CRUZ DO SUL";"13";"Vereador";"210001995368";"40007";"LEANDRO DOS SANTOS";"LEANDRO LIBAN";"40";"PSB";"Partido Socialista Brasileiro";"-3";"#NE";"2";"Deferido";"5";"Suplente"
"21/09/2026";"12:34:43";"2026";"210002537543";"RS";"2024";"2";"Eleição Ordinária";"1";"619";"Eleições Municipais 2024";"2024-10-06 00:00:00";"M";"RS";"85219";"ARROIO DOS RATOS";"13";"Vereador";"210001919768";"40222";"JESLEI SALINES DE SOUZA";"JÉSLEI SALLINES";"40";"PSB";"Partido Socialista Brasileiro";"-3";"#NE";"2";"Deferido";"5";"Suplente"
"21/09/2026";"12:34:43";"2026";"210002539820";"RS";"2024";"2";"Eleição Ordinária";"1";"619";"Eleições Municipais 2024";"2024-10-06 00:00:00";"M";"RS";"88390";"SANTA CRUZ DO SUL";"13";"Vereador";"210002107323";"12123";"ANDREIA LETICIA MARGAREZI";"ANDREIA ASSISTENTE SOCIAL";"12";"PDT";"Partido Democrático Trabalhista";"-3";"#NE";"2";"Deferido";"5";"Suplente"
"21/09/2026";"12:34:43";"2026";"210002533941";"RS";"2024";"2";"Eleição Ordinária";"1";"619";"Eleições Municipais 2024";"2024-10-06 00:00:00";"M";"RS";"88455";"SANT'ANA DO LIVRAMENTO";"13";"Vereador";"210002131396";"50000";"FABIANO BENITES";"FABIANO BENITES";"50";"PSOL";"Partido Socialismo e Liberdade";"-3";"#NE";"2";"Deferido";"4";"Não eleito"
"21/09/2026";"12:34:43";"2026";"210002539784";"RS";"2012";"2";"Eleição Ordinária";"1";"47";"Eleição Municipal 2012";"2012-10-07 00:00:00";"M";"RS";"87912";"PELOTAS";"13";"Vereador";"210000027123";"12320";"RUI ANTONIO GARCIA JORDÃO";"DJ E RADIALISTA RUI JORDÃO";"12";"PDT";"Partido Democrático Trabalhista";"12";"Apto";"-3";"#NE";"5";"Suplente"
"21/09/2026";"12:34:43";"2026";"210002534006";"RS";"2012";"2";"Eleição Ordinária";"1";"47";"Eleição Municipal 2012";"2012-10-07 00:00:00";"M";"RS";"88412";"SANTA MARIA";"12";"Vice-prefeito";"210000004234";"13";"VALDIR OLIVEIRA DE OLIVEIRA";"VALDIR OLIVEIRA";"13";"PT";"Partido dos Trabalhadores";"12";"Apto";"-3";"#NE";"4";"Não eleito"
"21/09/2026";"12:34:43";"2026";"210002534036";"RS";"2012";"2";"Eleição Ordinária";"1";"47";"Eleição Municipal 2012";"2012-10-07 00:00:00";"M";"RS";"89630";"VIAMÃO";"13";"Vereador";"210000033557";"13155";"ADÃO PRETTO FILHO";"ADÃO PRETTO FILHO";"13";"PT";"Partido dos Trabalhadores";"12";"Apto";"-3";"#NE";"5";"Suplente"
"21/09/2026";"12:34:43";"2026";"210002539777";"RS";"2012";"2";"Eleição Ordinária";"1";"47";"Eleição Municipal 2012";"2012-10-07 00:00:00";"M";"RS";"88013";"PORTO ALEGRE";"13";"Vereador";"210000010986";"12122";"THIAGO PEREIRA DUARTE";"DR THIAGO DUARTE";"12";"PDT";"Partido Democrático Trabalhista";"12";"Apto";"-3";"#NE";"2";"Eleito por QP"
"21/09/2026";"12:34:43";"2026";"210002533934";"RS";"2012";"2";"Eleição Ordinária";"1";"47";"Eleição Municipal 2012";"2012-10-07 00:00:00";"M";"RS";"88013";"PORTO ALEGRE";"13";"Vereador";"210000032922";"16160";"MATHEUS PEREIRA GOMES";"MATHEUS GORDO";"16";"PSTU";"Partido Socialista dos Trabalhadores Unificado";"12";"Apto";"-3";"#NE";"4";"Não eleito"
"21/09/2026";"12:34:43";"2026";"210002533929";"RS";"2016";"2";"Eleição Ordinária";"1";"220";"Eleições Municipais 2016";"2016-10-02 00:00:00";"M";"RS";"87955";"PIRATINI";"11";"Prefeito";"210000018550";"50";"PEDRO HOMERO STEIN";"PEDRO STEIN";"50";"PSOL";"Partido Socialismo e Liberdade";"12";"Apto";"-3";"#NE";"4";"Não eleito"
"21/09/2026";"12:34:43";"2026";"210002537540";"RS";"2018";"2";"Eleição Ordinária";"1";"297";"Eleições Gerais Estaduais 2018";"2018-10-07 00:00:00";"E";"RS";"RS";"RIO GRANDE DO SUL";"6";"Deputado Federal";"210000600944";"4050";"MARISA DA SILVA SANTOS";"MARISA DA SILVA";"40";"PSB";"Partido Socialista Brasileiro";"12";"Apto";"-3";"#NE";"5";"Suplente"
"21/09/2026";"12:34:43";"2026";"210002534031";"RS";"2018";"2";"Eleição Ordinária";"1";"297";"Eleições Gerais Estaduais 2018";"2018-10-07 00:00:00";"E";"RS";"RS";"RIO GRANDE DO SUL";"6";"Deputado Federal";"210000609466";"6533";"SANDRA REGINA PICOLI OSTROVSKI";"SANDRA PICOLI";"65";"PC do B";"Partido Comunista do Brasil";"12";"Apto";"-3";"#NE";"4";"Não eleito"
"21/09/2026";"12:34:43";"2026";"210002533946";"RS";"2020";"2";"Eleição Ordinária";"1";"426";"Eleições Municipais 2020";"2020-11-15 00:00:00";"M";"RS";"89630";"VIAMÃO";"11";"Prefeito";"210000768134";"50";"ADRIANO TADEU HARTMANN RICOLDI";"ADRIANO RICOLDI";"50";"PSOL";"Partido Socialismo e Liberdade";"12";"Apto";"-3";"#NE";"4";"Não eleito"
"21/09/2026";"12:34:43";"2026";"210002539799";"RS";"2020";"2";"Eleição Ordinária";"1";"426";"Eleições Municipais 2020";"2020-11-15 00:00:00";"M";"RS";"89630";"VIAMÃO";"11";"Prefeito";"210000660769";"12";"CARLOS AUGUSTO DA SILVA LOPES";"GUTO LOPES";"12";"PDT";"Partido Democrático Trabalhista";"12";"Apto";"-3";"#NE";"4";"Não eleito"
"21/09/2026";"12:34:43";"2026";"210002534048";"RS";"2006";"2";"Eleição Ordinária";"1";"7";"ELEIÇÕES GERAIS 2006 PRIMEIRO TURNO";"2006-10-01 00:00:00";"F";"RS";"RS";"RIO GRANDE DO SUL";"7";"Deputado Estadual";"10300";"43843";"WALMOCIR SILVA REIS";"WALMOCIR";"43";"PV";"Partido Verde";"12";"Apto";"-3";"#NE";"4";"Não eleito"
"21/09/2026";"12:34:43";"2026";"210002539803";"RS";"2006";"2";"Eleição Ordinária";"1";"7";"ELEIÇÕES GERAIS 2006 PRIMEIRO TURNO";"2006-10-01 00:00:00";"F";"RS";"RS";"RIO GRANDE DO SUL";"7";"Deputado Estadual";"10332";"12333";"GILMAR SOSSELLA";"SOSSELLA";"12";"PDT";"Partido Democrático Trabalhista";"12";"Apto";"-3";"#NE";"3";"Eleito por média"
"21/09/2026";"12:34:43";"2026";"210002539809";"RS";"2006";"2";"Eleição Ordinária";"1";"7";"ELEIÇÕES GERAIS 2006 PRIMEIRO TURNO";"2006-10-01 00:00:00";"F";"RS";"RS";"RIO GRANDE DO SUL";"7";"Deputado Estadual";"10330";"12312";"GERSON BURMANN";"GERSON BURMANN";"12";"PDT";"Partido Democrático Trabalhista";"12";"Apto";"-3";"#NE";"1";"Eleito"
"21/09/2026";"12:34:43";"2026";"210002534020";"RS";"2006";"2";"Eleição Ordinária";"1";"7";"ELEIÇÕES GERAIS 2006 PRIMEIRO TURNO";"2006-10-01 00:00:00";"F";"RS";"RS";"RIO GRANDE DO SUL";"6";"Deputado Federal";"10026";"1380";"HALLEY LINO DE SOUZA";"HALLEY";"13";"PT";"Partido dos Trabalhadores";"12";"Apto";"-3";"#NE";"5";"Suplente"
"21/09/2026";"12:34:43";"2026";"210002534019";"RS";"2006";"2";"Eleição Ordinária";"1";"7";"ELEIÇÕES GERAIS 2006 PRIMEIRO TURNO";"2006-10-01 00:00:00";"F";"RS";"RS";"RIO GRANDE DO SUL";"6";"Deputado Federal";"10005";"1301";"GILBERTO JOSÉ SPIER VARGAS";"PEPE VARGAS";"13";"PT";"Partido dos Trabalhadores";"12";"Apto";"-3";"#NE";"1";"Eleito"
"21/09/2026";"12:34:43";"2026";"210002539793";"RS";"2006";"2";"Eleição Ordinária";"1";"7";"ELEIÇÕES GERAIS 2006 PRIMEIRO TURNO";"2006-10-01 00:00:00";"F";"RS";"RS";"RIO GRANDE DO SUL";"7";"Deputado Estadual";"10196";"40234";"CARLOS AUGUSTO GONÇALVES LEITE";"CARLOS BREIK";"40";"PSB";"Partido Socialista Brasileiro";"12";"Apto";"-3";"#NE";"5";"Suplente"
"21/09/2026";"12:34:43";"2026";"210002534009";"RS";"2012";"2";"Eleição Ordinária";"1";"47";"Eleição Municipal 2012";"2012-10-07 00:00:00";"M";"RS";"88412";"SANTA MARIA";"11";"Prefeito";"210000004233";"13";"HELEN MARTINS CABRAL";"HELEN";"13";"PT";"Partido dos Trabalhadores";"12";"Apto";"-3";"#NE";"4";"Não eleito"
"21/09/2026";"12:34:43";"2026";"210002539812";"RS";"2020";"2";"Eleição Ordinária";"1";"426";"Eleições Municipais 2020";"2020-11-15 00:00:00";"M";"RS";"86967";"MAQUINÉ";"11";"Prefeito";"210000849183";"12";"JOÃO MARCOS BASSANI DOS SANTOS";"JOÃO MARCOS";"12";"PDT";"Partido Democrático Trabalhista";"12";"Apto";"-3";"#NE";"1";"Eleito"
"21/09/2026";"12:34:43";"2026";"210002533942";"RS";"2020";"2";"Eleição Ordinária";"1";"426";"Eleições Municipais 2020";"2020-11-15 00:00:00";"M";"RS";"89443";"SANTA MARGARIDA DO SUL";"13";"Vereador";"210000957351";"50800";"ABRÃO FERNANDES GODOIS";"ABRÃO GODOIS  O GODOI";"50";"PSOL";"Partido Socialismo e Liberdade";"12";"Apto";"-3";"#NE";"4";"Não eleito"
"21/09/2026";"12:34:43";"2026";"210002539798";"RS";"2012";"2";"Eleição Ordinária";"1";"47";"Eleição Municipal 2012";"2012-10-07 00:00:00";"M";"RS";"98256";"PAROBÉ";"13";"Vereador";"210000026663";"12345";"DIEGO DAL PIVA DA LUZ";"DIEGO PICUCHA";"12";"PDT";"Partido Democrático Trabalhista";"12";"Apto";"-3";"#NE";"2";"Eleito por QP"
"21/09/2026";"12:34:43";"2026";"210002534021";"RS";"2012";"2";"Eleição Ordinária";"1";"47";"Eleição Municipal 2012";"2012-10-07 00:00:00";"M";"RS";"89192";"SOLEDADE";"13";"Vereador";"210000025809";"40678";"GENEIR TADEU MARQUES RODRIGUES";"TADEU MARQUES";"40";"PSB";"Partido Socialista Brasileiro";"12";"Apto";"-3";"#NE";"5";"Suplente"
"21/09/2026";"12:34:43";"2026";"210002539816";"RS";"2012";"2";"Eleição Ordinária";"1";"47";"Eleição Municipal 2012";"2012-10-07 00:00:00";"M";"RS";"85898";"CANOAS";"13";"Vereador";"210000029037";"22000";"CARLOS ALEXANDRE GONÇALVES";"ALEXANDRE GONÇALVES";"22";"PR";"Partido da República";"12";"Apto";"-3";"#NE";"3";"Eleito por média"
"21/09/2026";"12:34:43";"2026";"210002539823";"RS";"2024";"2";"Eleição Ordinária";"1";"619";"Eleições Municipais 2024";"2024-10-06 00:00:00";"M";"RS";"88773";"SÃO LEOPOLDO";"13";"Vereador";"210001975301";"12712";"SARA MARROCOS BEZERRA GALL";"SARA GALL";"12";"PDT";"Partido Democrático Trabalhista";"-3";"#NE";"2";"Deferido";"5";"Suplente"
"21/09/2026";"12:34:43";"2026";"210002537529";"RS";"2024";"2";"Eleição Ordinária";"1";"619";"Eleições Municipais 2024";"2024-10-06 00:00:00";"M";"RS";"88773";"SÃO LEOPOLDO";"13";"Vereador";"210002275896";"55369";"GERALDO BATISTA DA SILVEIRA";"SARGENTO SILVEIRA";"55";"PSD";"Partido Social Democrático";"-3";"#NE";"2";"Deferido";"5";"Suplente"
"21/09/2026";"12:34:43";"2026";"210002539777";"RS";"2016";"2";"Eleição Ordinária";"1";"220";"Eleições Municipais 2016";"2016-10-02 00:00:00";"M";"RS";"88013";"PORTO ALEGRE";"13";"Vereador";"210000021072";"25555";"THIAGO PEREIRA DUARTE";"DR. THIAGO";"25";"DEM";"Democratas";"12";"Apto";"-3";"#NE";"2";"Eleito por QP"
"21/09/2026";"12:34:43";"2026";"210002534034";"RS";"2016";"2";"Eleição Ordinária";"1";"220";"Eleições Municipais 2016";"2016-10-02 00:00:00";"M";"RS";"85316";"BAGÉ";"13";"Vereador";"210000026272";"13800";"LELIO NUNES LOPES FILHO";"LELINHO";"13";"PT";"Partido dos Trabalhadores";"12";"Apto";"-3";"#NE";"2";"Eleito por QP"
"21/09/2026";"12:34:43";"2026";"210002537528";"RS";"2016";"2";"Eleição Ordinária";"1";"220";"Eleições Municipais 2016";"2016-10-02 00:00:00";"M";"RS";"85995";"CAXIAS DO SUL";"13";"Vereador";"210000002298";"40240";"WAGNER PETRINI";"MULEKE";"40";"PSB";"Partido Socialista Brasileiro";"12";"Apto";"-3";"#NE";"5";"Suplente"
"21/09/2026";"12:34:43";"2026";"210002533930";"RS";"2016";"2";"Eleição Ordinária";"1";"220";"Eleições Municipais 2016";"2016-10-02 00:00:00";"M";"RS";"87912";"PELOTAS";"13";"Vereador";"210000032276";"50999";"FERNANDA PINTO MIRANDA";"FERNANDA MIRANDA";"50";"PSOL";"Partido Socialismo e Liberdade";"12";"Apto";"-3";"#NE";"2";"Eleito por QP"
"21/09/2026";"12:34:43";"2026";"210002534019";"RS";"2016";"2";"Eleição Ordinária";"1";"220";"Eleições Municipais 2016";"2016-10-02 00:00:00";"M";"RS";"85995";"CAXIAS DO SUL";"11";"Prefeito";"210000004854";"13";"GILBERTO JOSE SPIER VARGAS";"PEPE VARGAS";"13";"PT";"Partido dos Trabalhadores";"12";"Apto";"-3";"#NE";"4";"Não eleito"
"21/09/2026";"12:34:43";"2026";"210002539778";"RS";"2018";"2";"Eleição Ordinária";"1";"297";"Eleições Gerais Estaduais 2018";"2018-10-07 00:00:00";"E";"RS";"RS";"RIO GRANDE DO SUL";"7";"Deputado Estadual";"210000604716";"12012";"AIRTON LUIZ ARTUS";"AIRTON ARTUS";"12";"PDT";"Partido Democrático Trabalhista";"12";"Apto";"-3";"#NE";"5";"Suplente"
"21/09/2026";"12:34:43";"2026";"210002534050";"RS";"2018";"2";"Eleição Ordinária";"1";"297";"Eleições Gerais Estaduais 2018";"2018-10-07 00:00:00";"E";"RS";"RS";"RIO GRANDE DO SUL";"7";"Deputado Estadual";"210000611351";"13120";"JEFERSON OLIVEIRA FERNANDES";"JEFERSON FERNANDES";"13";"PT";"Partido dos Trabalhadores";"12";"Apto";"-3";"#NE";"2";"Eleito por QP"
"21/09/2026";"12:34:43";"2026";"210002537537";"RS";"2018";"2";"Eleição Ordinária";"1";"297";"Eleições Gerais Estaduais 2018";"2018-10-07 00:00:00";"E";"RS";"RS";"RIO GRANDE DO SUL";"7";"Deputado Estadual";"210000609481";"65651";"BRUNA LIÉGE DA SILVA RODRIGUES";"BRUNA RODRIGUES";"65";"PC do B";"Partido Comunista do Brasil";"12";"Apto";"-3";"#NE";"4";"Não eleito"
"21/09/2026";"12:34:43";"2026";"210002539778";"RS";"2004";"2";"Eleição Ordinária";"1";"6";"Eleições Municipais de 2004 - 1º turno";"2004-10-03 00:00:00";"M";"RS";"89559";"VENANCIO AIRES";"12";"Vice-Prefeito";"146";"15";"AIRTON LUIZ ARTUS";"AIRTON";"12";"PDT";"Partido Democrático Trabalhista";"12";"Apto";"-3";"#NE";"-1";"#NULO"
"21/09/2026";"12:34:43";"2026";"210002534044";"RS";"2004";"2";"Eleição Ordinária";"1";"6";"Eleições Municipais de 2004 - 1º turno";"2004-10-03 00:00:00";"M";"RS";"88692";"SAO GABRIEL";"13";"Vereador";"18";"13001";"DARIU FRANCISCO ALVES GARCIA";"DARIU";"13";"PT";"Partido dos Trabalhadores";"12";"Apto";"-3";"#NE";"4";"Não eleito"
"21/09/2026";"12:34:43";"2026";"210002537531";"RS";"2024";"2";"Eleição Ordinária";"1";"619";"Eleições Municipais 2024";"2024-10-06 00:00:00";"M";"RS";"88692";"SÃO GABRIEL";"13";"Vereador";"210002355754";"40444";"LADISLÊ CAMARGO TEIXEIRA";"LADISLÊ TEIXEIRA";"40";"PSB";"Partido Socialista Brasileiro";"-3";"#NE";"2";"Deferido";"2";"Eleito por QP"
"21/09/2026";"12:34:43";"2026";"210002539777";"RS";"2024";"2";"Eleição Ordinária";"1";"619";"Eleições Municipais 2024";"2024-10-06 00:00:00";"M";"RS";"88013";"PORTO ALEGRE";"12";"Vice-prefeito";"210002355258";"12";"THIAGO PEREIRA DUARTE";"DOUTOR THIAGO";"44";"UNIÃO";"União Brasil";"-3";"#NE";"2";"Deferido";"4";"Não eleito"
"21/09/2026";"12:34:43";"2026";"210002537528";"RS";"2012";"2";"Eleição Ordinária";"1";"47";"Eleição Municipal 2012";"2012-10-07 00:00:00";"M";"RS";"85995";"CAXIAS DO SUL";"13";"Vereador";"210000010044";"40240";"WAGNER PETRINI";"MULEKE";"40";"PSB";"Partido Socialista Brasileiro";"12";"Apto";"-3";"#NE";"5";"Suplente"
"21/09/2026";"12:34:43";"2026";"210002539779";"RS";"2012";"2";"Eleição Ordinária";"1";"47";"Eleição Municipal 2012";"2012-10-07 00:00:00";"M";"RS";"88315";"ROSÁRIO DO SUL";"13";"Vereador";"210000024173";"45777";"TIAGO DE MENEZES VIEIRA";"TIAGO MENEZES";"45";"PSDB";"Partido da Social Democracia Brasileira";"12";"Apto";"-3";"#NE";"5";"Suplente"
"21/09/2026";"12:34:43";"2026";"210002539785";"RS";"2012";"2";"Eleição Ordinária";"1";"47";"Eleição Municipal 2012";"2012-10-07 00:00:00";"M";"RS";"89257";"TAPES";"13";"Vereador";"210000021309";"14444";"EVANIA MARIA SILVEIRA NUNES DE LIMA";"EVÂNIA";"14";"PTB";"Partido Trabalhista Brasileiro";"12";"Apto";"-3";"#NE";"2";"Eleito por QP"
"21/09/2026";"12:34:43";"2026";"210002539812";"RS";"2016";"2";"Eleição Ordinária";"1";"220";"Eleições Municipais 2016";"2016-10-02 00:00:00";"M";"RS";"86967";"MAQUINÉ";"11";"Prefeito";"210000030687";"12";"JOÃO MARCOS BASSANI DOS SANTOS";"JOÃO MARCOS";"12";"PDT";"Partido Democrático Trabalhista";"12";"Apto";"-3";"#NE";"1";"Eleito"
"21/09/2026";"12:34:43";"2026";"210002534042";"RS";"2016";"2";"Eleição Ordinária";"1";"220";"Eleições Municipais 2016";"2016-10-02 00:00:00";"M";"RS";"88994";"SAPIRANGA";"13";"Vereador";"210000013088";"13213";"RITA DE CASSIA DELLA GIUSTINA DE OLIVEIRA";"PROFESSORA RITA DELLA GIUSTINA";"13";"PT";"Partido dos Trabalhadores";"12";"Apto";"-3";"#NE";"2";"Eleito por QP"
"21/09/2026";"12:34:43";"2026";"210002539816";"RS";"2016";"2";"Eleição Ordinária";"1";"220";"Eleições Municipais 2016";"2016-10-02 00:00:00";"M";"RS";"85898";"CANOAS";"13";"Vereador";"210000014397";"23000";"CARLOS ALEXANDRE GONCALVES";"ALEXANDRE GONCALVES";"23";"PPS";"Partido Popular Socialista";"12";"Apto";"-3";"#NE";"2";"Eleito por QP"
"21/09/2026";"12:34:43";"2026";"210002534028";"RS";"2016";"2";"Eleição Ordinária";"1";"220";"Eleições Municipais 2016";"2016-10-02 00:00:00";"M";"RS";"88633";"SÃO BORJA";"13";"Vereador";"210000026631";"18123";"PAULO VANDERLEI FAGUAGA SIQUEIRA";"ORELHA";"18";"REDE";"Rede Sustentabilidade";"12";"Apto";"-3";"#NE";"5";"Suplente"
"21/09/2026";"12:34:43";"2026";"210002534011";"RS";"2016";"2";"Eleição Ordinária";"1";"220";"Eleições Municipais 2016";"2016-10-02 00:00:00";"M";"RS";"89273";"TAQUARA";"13";"Vereador";"210000007694";"13456";"MONICA JULIANA FACIO";"PROFESSORA MONICA";"13";"PT";"Partido dos Trabalhadores";"12";"Apto";"-3";"#NE";"2";"Eleito por QP"
"21/09/2026";"12:34:43";"2026";"210002537528";"RS";"2020";"2";"Eleição Ordinária";"1";"426";"Eleições Municipais 2020";"2020-11-15 00:00:00";"M";"RS";"85995";"CAXIAS DO SUL";"13";"Vereador";"210000724760";"40240";"WAGNER PETRINI";"WAGNER PETRINI MULEKE";"40";"PSB";"Partido Socialista Brasileiro";"12";"Apto";"-3";"#NE";"3";"Eleito por média"
"21/09/2026";"12:34:43";"2026";"210002534040";"RS";"2020";"2";"Eleição Ordinária";"1";"426";"Eleições Municipais 2020";"2020-11-15 00:00:00";"M";"RS";"88773";"SÃO LEOPOLDO";"13";"Vereador";"210000878961";"13813";"ANA INÉS AFFONSO";"ANA AFFONSO";"13";"PT";"Partido dos Trabalhadores";"12";"Apto";"-3";"#NE";"3";"Eleito por média"
"21/09/2026";"12:34:43";"2026";"210002539813";"RS";"2020";"2";"Eleição Ordinária";"1";"426";"Eleições Municipais 2020";"2020-11-15 00:00:00";"M";"RS";"88951";"SÃO SEPÉ";"13";"Vereador";"210001043160";"12005";"VLADIA FREITAS DE OLIVEIRA";"VLADIA";"12";"PDT";"Partido Democrático Trabalhista";"12";"Apto";"-3";"#NE";"5";"Suplente"
"21/09/2026";"12:34:43";"2026";"210002534021";"RS";"2024";"2";"Eleição Ordinária";"1";"619";"Eleições Municipais 2024";"2024-10-06 00:00:00";"M";"RS";"89192";"SOLEDADE";"13";"Vereador";"210002253258";"13678";"GENEIR TADEU MARQUES RODRIGUES";"PAI TADEU";"13";"PT";"Partido dos Trabalhadores";"-3";"#NE";"2";"Deferido";"2";"Eleito por QP"
"21/09/2026";"12:34:43";"2026";"210002533929";"RS";"2024";"2";"Eleição Ordinária";"1";"619";"Eleições Municipais 2024";"2024-10-06 00:00:00";"M";"RS";"87955";"PIRATINI";"11";"Prefeito";"210002365979";"50";"PEDRO HOMERO STEIN";"PEDRO STEIN";"50";"PSOL";"Partido Socialismo e Liberdade";"-3";"#NE";"2";"Deferido";"4";"Não eleito"
"21/09/2026";"12:34:43";"2026";"210002537539";"RS";"2012";"2";"Eleição Ordinária";"1";"47";"Eleição Municipal 2012";"2012-10-07 00:00:00";"M";"RS";"88927";"BALNEÁRIO PINHAL";"13";"Vereador";"210000011334";"40000";"ALEQUIS LOPES PINTO";"ALEQUIS CABELEREIRO";"40";"PSB";"Partido Socialista Brasileiro";"12";"Apto";"-3";"#NE";"2";"Eleito por QP"
"21/09/2026";"12:34:43";"2026";"210002534032";"RS";"2012";"2";"Eleição Ordinária";"1";"47";"Eleição Municipal 2012";"2012-10-07 00:00:00";"M";"RS";"88536";"SANTO ÂNGELO";"13";"Vereador";"210000024934";"13130";"GILBERTO CORAZZA";"CORAZZA";"13";"PT";"Partido dos Trabalhadores";"12";"Apto";"-3";"#NE";"2";"Eleito por QP"
"21/09/2026";"12:34:43";"2026";"210002534034";"RS";"2012";"2";"Eleição Ordinária";"1";"47";"Eleição Municipal 2012";"2012-10-07 00:00:00";"M";"RS";"85316";"BAGÉ";"13";"Vereador";"210000025043";"13800";"LELIO NUNES LOPES FILHO";"LELINHO";"13";"PT";"Partido dos Trabalhadores";"12";"Apto";"-3";"#NE";"2";"Eleito por QP"
"21/09/2026";"12:34:43";"2026";"210002534032";"RS";"2008";"2";"Eleição Ordinária";"1";"30";"Eleições 2008";"2008-10-05 00:00:00";"M";"RS";"88536";"SANTO ÂNGELO";"13";"Vereador";"17846";"13130";"GILBERTO CORAZZA";"CORAZZA";"13";"PT";"Partido dos Trabalhadores";"12";"Apto";"-3";"#NE";"1";"Eleito"
"21/09/2026";"12:34:43";"2026";"210002534034";"RS";"2020";"2";"Eleição Ordinária";"1";"426";"Eleições Municipais 2020";"2020-11-15 00:00:00";"M";"RS";"85316";"BAGÉ";"13";"Vereador";"210000827453";"13800";"LÉLIO NUNES LOPES FILHO";"LÉLINHO LOPES";"13";"PT";"Partido dos Trabalhadores";"12";"Apto";"-3";"#NE";"2";"Eleito por QP"
"21/09/2026";"12:34:43";"2026";"210002539823";"RS";"2016";"2";"Eleição Ordinária";"1";"220";"Eleições Municipais 2016";"2016-10-02 00:00:00";"M";"RS";"88773";"SÃO LEOPOLDO";"13";"Vereador";"210000015797";"12712";"SARA MARROCOS BEZERRA GALL";"SARA GALL";"12";"PDT";"Partido Democrático Trabalhista";"12";"Apto";"-3";"#NE";"5";"Suplente"
"21/09/2026";"12:34:43";"2026";"210002534045";"RS";"2022";"2";"Eleição Ordinária";"1";"546";"Eleições Gerais Estaduais 2022";"2022-10-02 00:00:00";"E";"RS";"RS";"RIO GRANDE DO SUL";"7";"Deputado Estadual";"210001610613";"13303";"HELENIR AGUIAR SCHURER";"PROFESSORA HELENIR";"13";"PT";"Partido dos Trabalhadores";"12";"Apto";"-3";"#NE";"5";"Suplente"
"21/09/2026";"12:34:43";"2026";"210002534043";"RS";"2022";"2";"Eleição Ordinária";"1";"546";"Eleições Gerais Estaduais 2022";"2022-10-02 00:00:00";"E";"RS";"RS";"RIO GRANDE DO SUL";"7";"Deputado Estadual";"210001610627";"13007";"LEONEL GUTERRES RADDE";"LEONEL RADDE";"13";"PT";"Partido dos Trabalhadores";"12";"Apto";"-3";"#NE";"2";"Eleito por QP"
"21/09/2026";"12:34:43";"2026";"210002537537";"RS";"2022";"2";"Eleição Ordinária";"1";"546";"Eleições Gerais Estaduais 2022";"2022-10-02 00:00:00";"E";"RS";"RS";"RIO GRANDE DO SUL";"7";"Deputado Estadual";"210001610601";"65651";"BRUNA LIEGE DA SILVA RODRIGUES";"BRUNA RODRIGUES";"65";"PC do B";"Partido Comunista do Brasil";"12";"Apto";"-3";"#NE";"2";"Eleito por QP"
"21/09/2026";"12:34:43";"2026";"210002534011";"RS";"2022";"2";"Eleição Ordinária";"1";"546";"Eleições Gerais Estaduais 2022";"2022-10-02 00:00:00";"E";"RS";"RS";"RIO GRANDE DO SUL";"7";"Deputado Estadual";"210001610634";"13789";"MÔNICA JULIANA FACIO";"MÔNICA";"13";"PT";"Partido dos Trabalhadores";"12";"Apto";"-3";"#NE";"5";"Suplente"
"21/09/2026";"12:34:43";"2026";"210002534035";"RS";"2022";"2";"Eleição Ordinária";"1";"546";"Eleições Gerais Estaduais 2022";"2022-10-02 00:00:00";"E";"RS";"RS";"RIO GRANDE DO SUL";"7";"Deputado Estadual";"210001610604";"13123";"EVA VALÉRIA LORENZATO";"EVA VALÉRIA LORENZATO";"13";"PT";"Partido dos Trabalhadores";"12";"Apto";"-3";"#NE";"5";"Suplente"
"21/09/2026";"12:34:43";"2026";"210002534020";"RS";"2022";"2";"Eleição Ordinária";"1";"546";"Eleições Gerais Estaduais 2022";"2022-10-02 00:00:00";"E";"RS";"RS";"RIO GRANDE DO SUL";"7";"Deputado Estadual";"210001610612";"13111";"HALLEY LINO DE SOUZA";"HALLEY";"13";"PT";"Partido dos Trabalhadores";"12";"Apto";"-3";"#NE";"5";"Suplente"
"21/09/2026";"12:34:43";"2026";"210002534008";"RS";"2022";"2";"Eleição Ordinária";"1";"546";"Eleições Gerais Estaduais 2022";"2022-10-02 00:00:00";"E";"RS";"RS";"RIO GRANDE DO SUL";"7";"Deputado Estadual";"210001610619";"13677";"IVONETE CARVALHO";"IVONETE CARVALHO";"13";"PT";"Partido dos Trabalhadores";"12";"Apto";"-3";"#NE";"5";"Suplente"
"21/09/2026";"12:34:43";"2026";"210002534012";"RS";"2022";"2";"Eleição Ordinária";"1";"546";"Eleições Gerais Estaduais 2022";"2022-10-02 00:00:00";"E";"RS";"RS";"RIO GRANDE DO SUL";"7";"Deputado Estadual";"210001610633";"13000";"MIGUEL SOLDATELLI ROSSETTO";"MIGUEL ROSSETTO";"13";"PT";"Partido dos Trabalhadores";"12";"Apto";"-3";"#NE";"3";"Eleito por média"
"21/09/2026";"12:34:43";"2026";"210002534007";"RS";"2022";"2";"Eleição Ordinária";"1";"546";"Eleições Gerais Estaduais 2022";"2022-10-02 00:00:00";"E";"RS";"RS";"RIO GRANDE DO SUL";"7";"Deputado Estadual";"210001610603";"13700";"EMANUEL HASSEN DE JESUS";"MANECO HASSEN";"13";"PT";"Partido dos Trabalhadores";"12";"Apto";"-3";"#NE";"5";"Suplente"
"21/09/2026";"12:34:43";"2026";"210002534036";"RS";"2022";"2";"Eleição Ordinária";"1";"546";"Eleições Gerais Estaduais 2022";"2022-10-02 00:00:00";"E";"RS";"RS";"RIO GRANDE DO SUL";"7";"Deputado Estadual";"210001610593";"13655";"ADÃO PRETTO FILHO";"ADÃO PRETTO";"13";"PT";"Partido dos Trabalhadores";"12";"Apto";"-3";"#NE";"2";"Eleito por QP"
"21/09/2026";"12:34:43";"2026";"210002534040";"RS";"2022";"2";"Eleição Ordinária";"1";"546";"Eleições Gerais Estaduais 2022";"2022-10-02 00:00:00";"E";"RS";"RS";"RIO GRANDE DO SUL";"7";"Deputado Estadual";"210001610598";"13813";"ANA INES AFFONSO";"ANA AFFONSO";"13";"PT";"Partido dos Trabalhadores";"12";"Apto";"-3";"#NE";"5";"Suplente"
"21/09/2026";"12:34:43";"2026";"210002534038";"RS";"2004";"2";"Eleição Ordinária";"1";"6";"Eleições Municipais de 2004 - 1º turno";"2004-10-03 00:00:00";"M";"RS";"88013";"PORTO ALEGRE";"13";"Vereador";"16";"13113";"SOFIA CAVEDON NUNES";"SOFIA CAVEDON";"13";"PT";"Partido dos Trabalhadores";"12";"Apto";"-3";"#NE";"1";"Eleito"
"21/09/2026";"12:34:43";"2026";"210002537530";"RS";"2004";"2";"Eleição Ordinária";"1";"6";"Eleições Municipais de 2004 - 1º turno";"2004-10-03 00:00:00";"M";"RS";"89125";"CAPAO BONITO DO SUL";"13";"Vereador";"126";"14814";"ANDRE CASSIO DA SILVA OLIVEIRA";"ANDRE CASSIO DE OLIVEIRA";"14";"PTB";"Partido Trabalhista Brasileiro";"12";"Apto";"-3";"#NE";"5";"Suplente"
"21/09/2026";"12:34:43";"2026";"210002539810";"RS";"2004";"2";"Eleição Ordinária";"1";"6";"Eleições Municipais de 2004 - 1º turno";"2004-10-03 00:00:00";"M";"RS";"88536";"SANTO ANGELO";"11";"Prefeito";"144";"12";"EDUARDO DEBACCO LOUREIRO";"EDUARDO LOUREIRO";"12";"PDT";"Partido Democrático Trabalhista";"12";"Apto";"-3";"#NE";"1";"Eleito"
"21/09/2026";"12:34:43";"2026";"210002534040";"RS";"2004";"2";"Eleição Ordinária";"1";"6";"Eleições Municipais de 2004 - 1º turno";"2004-10-03 00:00:00";"M";"RS";"88773";"SAO LEOPOLDO";"13";"Vereador";"188";"13613";"ANA INÉS AFFONSO";"PROFESSORA ANA";"13";"PT";"Partido dos Trabalhadores";"12";"Apto";"-3";"#NE";"1";"Eleito"
"21/09/2026";"12:34:43";"2026";"210002539799";"RS";"2004";"2";"Eleição Ordinária";"1";"6";"Eleições Municipais de 2004 - 1º turno";"2004-10-03 00:00:00";"M";"RS";"89630";"VIAMAO";"13";"Vereador";"6";"13040";"CARLOS AUGUSTO DA SILVA LOPES";"GUTO";"13";"PT";"Partido dos Trabalhadores";"12";"Apto";"-3";"#NE";"5";"Suplente"
"21/09/2026";"12:34:43";"2026";"210002534038";"RS";"2008";"2";"Eleição Ordinária";"1";"30";"Eleições 2008";"2008-10-05 00:00:00";"M";"RS";"88013";"PORTO ALEGRE";"13";"Vereador";"1615";"13113";"SOFIA CAVEDON NUNES";"SOFIA CAVEDON";"13";"PT";"Partido dos Trabalhadores";"12";"Apto";"-3";"#NE";"1";"Eleito"
"21/09/2026";"12:34:43";"2026";"210002534044";"RS";"2008";"2";"Eleição Ordinária";"1";"30";"Eleições 2008";"2008-10-05 00:00:00";"M";"RS";"88692";"SÃO GABRIEL";"13";"Vereador";"22681";"13001";"DARIU FRANCISCO ALVES GARCIA";"DARIU";"13";"PT";"Partido dos Trabalhadores";"12";"Apto";"-3";"#NE";"4";"Não eleito"
"21/09/2026";"12:34:43";"2026";"210002533936";"RS";"2008";"2";"Eleição Ordinária";"1";"30";"Eleições 2008";"2008-10-05 00:00:00";"M";"RS";"88013";"PORTO ALEGRE";"11";"Prefeito";"1188";"50";"LUCIANA KREBS GENRO";"LUCIANA GENRO";"50";"PSOL";"Partido Socialismo e Liberdade";"12";"Apto";"-3";"#NE";"4";"Não eleito"
"21/09/2026";"12:34:43";"2026";"210002534018";"RS";"2008";"2";"Eleição Ordinária";"1";"30";"Eleições 2008";"2008-10-05 00:00:00";"M";"RS";"87963";"TIRADENTES DO SUL";"13";"Vereador";"2461";"13000";"CLEONICE FABIANE BACK";"CLEONICE";"13";"PT";"Partido dos Trabalhadores";"12";"Apto";"-3";"#NE";"5";"Suplente"
"21/09/2026";"12:34:43";"2026";"210002534005";"RS";"2008";"2";"Eleição Ordinária";"1";"30";"Eleições 2008";"2008-10-05 00:00:00";"M";"RS";"86932";"CHARQUEADAS";"13";"Vereador";"5844";"13655";"JOACIR PICOLOTTO";"PICOLOTTO";"13";"PT";"Partido dos Trabalhadores";"12";"Apto";"-3";"#NE";"5";"Suplente"
"21/09/2026";"12:34:43";"2026";"210002534015";"RS";"2008";"2";"Eleição Ordinária";"1";"30";"Eleições 2008";"2008-10-05 00:00:00";"M";"RS";"87424";"PONTÃO";"11";"Prefeito";"5359";"13";"NELSON JOSÉ GRASSELLI";"NELSON GRASSELLI";"13";"PT";"Partido dos Trabalhadores";"12";"Apto";"-3";"#NE";"4";"Não eleito"
"21/09/2026";"12:34:43";"2026";"210002534019";"RS";"2008";"2";"Eleição Ordinária";"1";"30";"Eleições 2008";"2008-10-05 00:00:00";"M";"RS";"85995";"CAXIAS DO SUL";"11";"Prefeito";"22694";"13";"GILBERTO JOSÉ SPIER VARGAS";"PEPE";"13";"PT";"Partido dos Trabalhadores";"12";"Apto";"-3";"#NE";"4";"Não eleito"
"21/09/2026";"12:34:43";"2026";"210002534039";"RS";"2008";"2";"Eleição Ordinária";"1";"30";"Eleições 2008";"2008-10-05 00:00:00";"M";"RS";"85111";"ALVORADA";"11";"Prefeito";"270";"13";"STELA BEATRIZ FARIAS LOPES";"STELA";"13";"PT";"Partido dos Trabalhadores";"12";"Apto";"-3";"#NE";"4";"Não eleito"
"21/09/2026";"12:34:43";"2026";"210002539814";"RS";"2024";"2";"Eleição Ordinária";"1";"619";"Eleições Municipais 2024";"2024-10-06 00:00:00";"M";"RS";"89010";"SAPUCAIA DO SUL";"13";"Vereador";"210002027015";"12132";"GABRIELA ORTIZ ABENEL";"GABRIELA ORTIZ";"12";"PDT";"Partido Democrático Trabalhista";"-3";"#NE";"2";"Deferido";"4";"Não eleito"
"21/09/2026";"12:34:43";"2026";"210002533943";"RS";"2024";"2";"Eleição Ordinária";"1";"619";"Eleições Municipais 2024";"2024-10-06 00:00:00";"M";"RS";"89010";"SAPUCAIA DO SUL";"13";"Vereador";"210002065849";"50000";"MATHEUS EDEMAR PEREIRA VICENTE";"MATHEUS VICENTE";"50";"PSOL";"Partido Socialismo e Liberdade";"-3";"#NE";"2";"Deferido";"4";"Não eleito"
"21/09/2026";"12:34:43";"2026";"210002534005";"RS";"2024";"2";"Eleição Ordinária";"1";"619";"Eleições Municipais 2024";"2024-10-06 00:00:00";"M";"RS";"86932";"CHARQUEADAS";"13";"Vereador";"210002055807";"13655";"JOACIR PICOLOTTO";"PICOLOTTO";"13";"PT";"Partido dos Trabalhadores";"-3";"#NE";"2";"Deferido";"5";"Suplente"
"21/09/2026";"12:34:43";"2026";"210002537526";"RS";"2024";"2";"Eleição Ordinária";"1";"619";"Eleições Municipais 2024";"2024-10-06 00:00:00";"M";"RS";"88773";"SÃO LEOPOLDO";"13";"Vereador";"210002123292";"40800";"ANDRESSA CRISTIANE PEREIRA JOCHEM";"ANDRESSA CRISTIANE";"40";"PSB";"Partido Socialista Brasileiro";"-3";"#NE";"14";"Indeferido";"4";"Não eleito"
"21/09/2026";"12:34:43";"2026";"210002539789";"RS";"2024";"2";"Eleição Ordinária";"1";"619";"Eleições Municipais 2024";"2024-10-06 00:00:00";"M";"RS";"85995";"CAXIAS DO SUL";"13";"Vereador";"210002138127";"12000";"POLIANA MARTINAZZO";"POLI MARTINAZZO";"12";"PDT";"Partido Democrático Trabalhista";"-3";"#NE";"2";"Deferido";"5";"Suplente"
"21/09/2026";"12:34:43";"2026";"210002537528";"RS";"2024";"2";"Eleição Ordinária";"1";"619";"Eleições Municipais 2024";"2024-10-06 00:00:00";"M";"RS";"85995";"CAXIAS DO SUL";"13";"Vereador";"210001973068";"40240";"WAGNER PETRINI";"WAGNER PETRINI";"40";"PSB";"Partido Socialista Brasileiro";"-3";"#NE";"2";"Deferido";"3";"Eleito por média"
"21/09/2026";"12:34:43";"2026";"210002537548";"RS";"2024";"2";"Eleição Ordinária";"1";"619";"Eleições Municipais 2024";"2024-10-06 00:00:00";"M";"RS";"89613";"VIADUTOS";"11";"Prefeito";"210002303693";"40";"VALDECIR JOSE ZONIN";"CHIQUINHO ZONIN";"40";"PSB";"Partido Socialista Brasileiro";"-3";"#NE";"2";"Deferido";"4";"Não eleito"
"21/09/2026";"12:34:43";"2026";"210002534041";"RS";"2024";"2";"Eleição Ordinária";"1";"619";"Eleições Municipais 2024";"2024-10-06 00:00:00";"M";"RS";"88773";"SÃO LEOPOLDO";"11";"Prefeito";"210002067645";"13";"NELSON SPOLAOR";"NELSON SPOLAOR";"13";"PT";"Partido dos Trabalhadores";"-3";"#NE";"2";"Deferido";"4";"Não eleito"
"21/09/2026";"12:34:43";"2026";"210002539801";"RS";"2024";"2";"Eleição Ordinária";"1";"619";"Eleições Municipais 2024";"2024-10-06 00:00:00";"M";"RS";"85910";"CARAZINHO";"13";"Vereador";"210001985203";"12123";"BRUNO BERTE";"BRUNO BERTÉ";"12";"PDT";"Partido Democrático Trabalhista";"-3";"#NE";"2";"Deferido";"2";"Eleito por QP"
"21/09/2026";"12:34:43";"2026";"210002534032";"RS";"2024";"2";"Eleição Ordinária";"1";"619";"Eleições Municipais 2024";"2024-10-06 00:00:00";"M";"RS";"88536";"SANTO ÂNGELO";"11";"Prefeito";"210002230627";"13";"GILBERTO CORAZZA";"PROFESSOR CORAZZA";"13";"PT";"Partido dos Trabalhadores";"-3";"#NE";"2";"Deferido";"4";"Não eleito"
"21/09/2026";"12:34:43";"2026";"210002534041";"RS";"2014";"2";"Eleição Ordinária";"1";"143";"Eleições Gerais 2014";"2014-10-05 00:00:00";"F";"RS";"RS";"RIO GRANDE DO SUL";"7";"Deputado Estadual";"210000000387";"13000";"NELSON SPOLAOR";"NELSON SPOLAOR";"13";"PT";"Partido dos Trabalhadores";"12";"Apto";"";"";"5";"Suplente"
"21/09/2026";"12:34:43";"2026";"210002534050";"RS";"2014";"2";"Eleição Ordinária";"1";"143";"Eleições Gerais 2014";"2014-10-05 00:00:00";"F";"RS";"RS";"RIO GRANDE DO SUL";"7";"Deputado Estadual";"210000000361";"13120";"JEFERSON OLIVEIRA FERNANDES";"JEFERSON FERNANDES";"13";"PT";"Partido dos Trabalhadores";"12";"Apto";"";"";"2";"Eleito por QP"
"21/09/2026";"12:34:43";"2026";"210002539809";"RS";"2014";"2";"Eleição Ordinária";"1";"143";"Eleições Gerais 2014";"2014-10-05 00:00:00";"F";"RS";"RS";"RIO GRANDE DO SUL";"7";"Deputado Estadual";"210000000187";"12312";"GERSON BURMANN";"GERSON BURMANN";"12";"PDT";"Partido Democrático Trabalhista";"12";"Apto";"";"";"2";"Eleito por QP"
"21/09/2026";"12:34:43";"2026";"210002534048";"RS";"2014";"2";"Eleição Ordinária";"1";"143";"Eleições Gerais 2014";"2014-10-05 00:00:00";"F";"RS";"RS";"RIO GRANDE DO SUL";"7";"Deputado Estadual";"210000001004";"43192";"WALMOCIR SILVA REIS";"SOCORRISTA";"43";"PV";"Partido Verde";"12";"Apto";"";"";"5";"Suplente"
"21/09/2026";"12:34:43";"2026";"210002537545";"RS";"2014";"2";"Eleição Ordinária";"1";"143";"Eleições Gerais 2014";"2014-10-05 00:00:00";"F";"RS";"RS";"RIO GRANDE DO SUL";"7";"Deputado Estadual";"210000000511";"40700";"JOÃO PEDRO ROVERÉ GRILL";"JOÃO PEDRO GRILL";"40";"PSB";"Partido Socialista Brasileiro";"12";"Apto";"";"";"5";"Suplente"
"21/09/2026";"12:34:43";"2026";"210002534007";"RS";"2004";"2";"Eleição Ordinária";"1";"6";"Eleições Municipais de 2004 - 1º turno";"2004-10-03 00:00:00";"M";"RS";"89290";"TAQUARI";"13";"Vereador";"127";"13113";"EMANUEL HASSEN DE JESUS";"MANECO";"13";"PT";"Partido dos Trabalhadores";"12";"Apto";"-3";"#NE";"4";"Não eleito"
"21/09/2026";"12:34:43";"2026";"210002534015";"RS";"2012";"2";"Eleição Ordinária";"1";"47";"Eleição Municipal 2012";"2012-10-07 00:00:00";"M";"RS";"87424";"PONTÃO";"11";"Prefeito";"210000012538";"13";"NELSON JOSE GRASSELLI";"NELSON GRASSELLI";"13";"PT";"Partido dos Trabalhadores";"12";"Apto";"-3";"#NE";"1";"Eleito"
"21/09/2026";"12:34:43";"2026";"210002534039";"RS";"2014";"2";"Eleição Ordinária";"1";"143";"Eleições Gerais 2014";"2014-10-05 00:00:00";"F";"RS";"RS";"RIO GRANDE DO SUL";"7";"Deputado Estadual";"210000000399";"13113";"STELA BEATRIZ FARIAS LOPES";"STELA";"13";"PT";"Partido dos Trabalhadores";"12";"Apto";"";"";"2";"Eleito por QP"
"21/09/2026";"12:34:43";"2026";"210002534034";"RS";"2024";"2";"Eleição Ordinária";"1";"619";"Eleições Municipais 2024";"2024-10-06 00:00:00";"M";"RS";"85316";"BAGÉ";"13";"Vereador";"210002311390";"13800";"LÉLIO NUNES LOPES FILHO";"LELINHO LOPES";"13";"PT";"Partido dos Trabalhadores";"-3";"#NE";"2";"Deferido";"2";"Eleito por QP"
"21/09/2026";"12:34:43";"2026";"210002534011";"RS";"2012";"2";"Eleição Ordinária";"1";"47";"Eleição Municipal 2012";"2012-10-07 00:00:00";"M";"RS";"89273";"TAQUARA";"13";"Vereador";"210000026362";"13613";"MONICA JULIANA FACIO";"PROFESSORA MONICA";"13";"PT";"Partido dos Trabalhadores";"12";"Apto";"-3";"#NE";"4";"Não eleito"
"21/09/2026";"12:34:43";"2026";"210002537545";"RS";"2012";"2";"Eleição Ordinária";"1";"47";"Eleição Municipal 2012";"2012-10-07 00:00:00";"M";"RS";"88790";"SÃO LOURENÇO DO SUL";"12";"Vice-prefeito";"210000005674";"12";"JOAO PEDRO ROVERE GRILL";"JOAO PEDRO GRILL";"40";"PSB";"Partido Socialista Brasileiro";"3";"Inapto";"-3";"#NE";"-1";"#NULO"
"21/09/2026";"12:34:43";"2026";"210002537530";"RS";"2008";"2";"Eleição Ordinária";"1";"30";"Eleições 2008";"2008-10-05 00:00:00";"M";"RS";"89125";"CAPÃO BONITO DO SUL";"13";"Vereador";"15016";"65165";"ANDRE CASSIO DA SILVA OLIVEIRA";"ANDRE OLIVEIRA";"65";"PC do B";"Partido Comunista do Brasil";"12";"Apto";"-3";"#NE";"1";"Eleito"
"21/09/2026";"12:34:43";"2026";"210002534041";"RS";"2008";"2";"Eleição Ordinária";"1";"30";"Eleições 2008";"2008-10-05 00:00:00";"M";"RS";"88994";"SAPIRANGA";"11";"Prefeito";"1463";"13";"NELSON SPOLAOR";"SPOLAOR";"13";"PT";"Partido dos Trabalhadores";"12";"Apto";"-3";"#NE";"1";"Eleito"
"21/09/2026";"12:34:43";"2026";"210002539785";"RS";"2008";"2";"Eleição Ordinária";"1";"30";"Eleições 2008";"2008-10-05 00:00:00";"M";"RS";"89257";"TAPES";"13";"Vereador";"5619";"11444";"EVANIA MARIA SILVEIRA NUNES DE LIMA";"EVANIA NUNES";"11";"PP";"Partido Progressista";"12";"Apto";"-3";"#NE";"5";"Suplente"
"21/09/2026";"12:34:43";"2026";"210002534040";"RS";"2008";"2";"Eleição Ordinária";"1";"30";"Eleições 2008";"2008-10-05 00:00:00";"M";"RS";"88773";"SÃO LEOPOLDO";"13";"Vereador";"3120";"13613";"ANA INES AFFONSO";"ANA AFFONSO";"13";"PT";"Partido dos Trabalhadores";"12";"Apto";"-3";"#NE";"1";"Eleito"
"21/09/2026";"12:34:43";"2026";"210002539799";"RS";"2008";"2";"Eleição Ordinária";"1";"30";"Eleições 2008";"2008-10-05 00:00:00";"M";"RS";"89630";"VIAMÃO";"13";"Vereador";"12439";"50040";"CARLOS AUGUSTO DA SILVA LOPES";"GUTO";"50";"PSOL";"Partido Socialismo e Liberdade";"12";"Apto";"-3";"#NE";"5";"Suplente"
"21/09/2026";"12:34:43";"2026";"210002534032";"RS";"2004";"2";"Eleição Ordinária";"1";"6";"Eleições Municipais de 2004 - 1º turno";"2004-10-03 00:00:00";"M";"RS";"88536";"SANTO ANGELO";"13";"Vereador";"128";"13130";"GILBERTO CORAZZA";"PROFESSOR CORAZZA";"13";"PT";"Partido dos Trabalhadores";"12";"Apto";"-3";"#NE";"5";"Suplente"
"21/09/2026";"12:34:43";"2026";"210002537531";"RS";"2016";"2";"Eleição Ordinária";"1";"220";"Eleições Municipais 2016";"2016-10-02 00:00:00";"M";"RS";"88692";"SÃO GABRIEL";"13";"Vereador";"210000008216";"13713";"LADISLE CAMARGO TEIXEIRA";"LADISLE TEIXEIRA";"13";"PT";"Partido dos Trabalhadores";"12";"Apto";"-3";"#NE";"5";"Suplente"
"21/09/2026";"12:34:43";"2026";"210002534007";"RS";"2012";"2";"Eleição Ordinária";"1";"47";"Eleição Municipal 2012";"2012-10-07 00:00:00";"M";"RS";"89290";"TAQUARI";"11";"Prefeito";"210000029271";"13";"EMANUEL HASSEN DE JESUS";"MANECO";"13";"PT";"Partido dos Trabalhadores";"12";"Apto";"-3";"#NE";"1";"Eleito"
"21/09/2026";"12:34:43";"2026";"210002533940";"RS";"2018";"2";"Eleição Ordinária";"1";"297";"Eleições Gerais Estaduais 2018";"2018-10-07 00:00:00";"E";"RS";"RS";"RIO GRANDE DO SUL";"7";"Deputado Estadual";"210000600001";"50777";"ALICE CARVALHO DA SILVA DOS SANTOS";"ALICE CARVALHO";"50";"PSOL";"Partido Socialismo e Liberdade";"12";"Apto";"-3";"#NE";"5";"Suplente"
"21/09/2026";"12:34:43";"2026";"210002534017";"RS";"2018";"2";"Eleição Ordinária";"1";"297";"Eleições Gerais Estaduais 2018";"2018-10-07 00:00:00";"E";"RS";"RS";"RIO GRANDE DO SUL";"7";"Deputado Estadual";"210000611367";"13500";"JOSE SIDNEY NUNES DE ALMEIDA";"ZÉ NUNES";"13";"PT";"Partido dos Trabalhadores";"12";"Apto";"-3";"#NE";"2";"Eleito por QP"
"21/09/2026";"12:34:43";"2026";"210002534039";"RS";"2018";"2";"Eleição Ordinária";"1";"297";"Eleições Gerais Estaduais 2018";"2018-10-07 00:00:00";"E";"RS";"RS";"RIO GRANDE DO SUL";"7";"Deputado Estadual";"210000611371";"13113";"STELA BEATRIZ FARIAS LOPES";"STELA FARIAS";"13";"PT";"Partido dos Trabalhadores";"12";"Apto";"-3";"#NE";"3";"Eleito por média"
"21/09/2026";"12:34:43";"2026";"210002534043";"RS";"2018";"2";"Eleição Ordinária";"1";"297";"Eleições Gerais Estaduais 2018";"2018-10-07 00:00:00";"E";"RS";"RS";"RIO GRANDE DO SUL";"7";"Deputado Estadual";"210000611339";"13007";"LEONEL GUTERRES RADDE";"LEONEL RADDE";"13";"PT";"Partido dos Trabalhadores";"12";"Apto";"-3";"#NE";"5";"Suplente"
"21/09/2026";"12:34:43";"2026";"210002533929";"RS";"2018";"2";"Eleição Ordinária";"1";"297";"Eleições Gerais Estaduais 2018";"2018-10-07 00:00:00";"E";"RS";"RS";"RIO GRANDE DO SUL";"7";"Deputado Estadual";"210000600022";"50050";"PEDRO HOMERO STEIN";"PEDRO STEIN";"50";"PSOL";"Partido Socialismo e Liberdade";"12";"Apto";"-3";"#NE";"5";"Suplente"
"21/09/2026";"12:34:43";"2026";"210002534019";"RS";"2018";"2";"Eleição Ordinária";"1";"297";"Eleições Gerais Estaduais 2018";"2018-10-07 00:00:00";"E";"RS";"RS";"RIO GRANDE DO SUL";"7";"Deputado Estadual";"210000611363";"13001";"GILBERTO JOSE SPIER VARGAS";"PEPE VARGAS";"13";"PT";"Partido dos Trabalhadores";"12";"Apto";"-3";"#NE";"2";"Eleito por QP"
"21/09/2026";"12:34:43";"2026";"210002534008";"RS";"2012";"2";"Eleição Ordinária";"1";"47";"Eleição Municipal 2012";"2012-10-07 00:00:00";"M";"RS";"88412";"SANTA MARIA";"13";"Vereador";"210000023641";"13677";"IVONETE CARVALHO";"IVONETE CARVALHO";"13";"PT";"Partido dos Trabalhadores";"12";"Apto";"-3";"#NE";"5";"Suplente"
"21/09/2026";"12:34:43";"2026";"210002539807";"RS";"2020";"2";"Eleição Ordinária";"1";"426";"Eleições Municipais 2020";"2020-11-15 00:00:00";"M";"RS";"89516";"URUGUAIANA";"13";"Vereador";"210000741108";"40007";"LUIS FERNANDO PERES DOS SANTOS";"LUIS FERNANDO";"40";"PSB";"Partido Socialista Brasileiro";"12";"Apto";"-3";"#NE";"5";"Suplente"
"21/09/2026";"12:34:43";"2026";"210002533930";"RS";"2020";"2";"Eleição Ordinária";"1";"426";"Eleições Municipais 2020";"2020-11-15 00:00:00";"M";"RS";"87912";"PELOTAS";"13";"Vereador";"210000863533";"50999";"FERNANDA PINTO MIRANDA";"FERNANDA MIRANDA";"50";"PSOL";"Partido Socialismo e Liberdade";"12";"Apto";"-3";"#NE";"2";"Eleito por QP"
"21/09/2026";"12:34:43";"2026";"210002537534";"RS";"2020";"2";"Eleição Ordinária";"1";"426";"Eleições Municipais 2020";"2020-11-15 00:00:00";"M";"RS";"87912";"PELOTAS";"13";"Vereador";"210000680568";"40080";"CESAR BRIZOLARA";"CÉSINHA";"40";"PSB";"Partido Socialista Brasileiro";"12";"Apto";"-3";"#NE";"2";"Eleito por QP"
"21/09/2026";"12:34:43";"2026";"210002539817";"RS";"2020";"2";"Eleição Ordinária";"1";"426";"Eleições Municipais 2020";"2020-11-15 00:00:00";"M";"RS";"87858";"PASSO FUNDO";"13";"Vereador";"210000793546";"12123";"REGINA COSTA DOS SANTOS";"PROFESSORA REGINA";"12";"PDT";"Partido Democrático Trabalhista";"12";"Apto";"-3";"#NE";"2";"Eleito por QP"
"21/09/2026";"12:34:43";"2026";"210002537545";"RS";"2020";"2";"Eleição Ordinária";"1";"426";"Eleições Municipais 2020";"2020-11-15 00:00:00";"M";"RS";"85693";"CAMAQUÃ";"13";"Vereador";"210000682350";"40000";"JOÃO PEDRO ROVERE GRILL";"JOÃO PEDRO GRILL";"40";"PSB";"Partido Socialista Brasileiro";"12";"Apto";"-3";"#NE";"3";"Eleito por média"
"21/09/2026";"12:34:43";"2026";"210002534035";"RS";"2020";"2";"Eleição Ordinária";"1";"426";"Eleições Municipais 2020";"2020-11-15 00:00:00";"M";"RS";"87858";"PASSO FUNDO";"13";"Vereador";"210000965570";"13123";"EVA VALÉRIA LORENZATO";"EVA VALÉRIA LORENZATO";"13";"PT";"Partido dos Trabalhadores";"12";"Apto";"-3";"#NE";"3";"Eleito por média"
"21/09/2026";"12:34:43";"2026";"210002539819";"RS";"2020";"2";"Eleição Ordinária";"1";"426";"Eleições Municipais 2020";"2020-11-15 00:00:00";"M";"RS";"88412";"SANTA MARIA";"13";"Vereador";"210001165915";"12000";"LUIZ FERNANDO CUOZZO LEMOS";"PROF. LUIZ FERNANDO";"12";"PDT";"Partido Democrático Trabalhista";"12";"Apto";"-3";"#NE";"5";"Suplente"
"21/09/2026";"12:34:43";"2026";"210002534009";"RS";"2020";"2";"Eleição Ordinária";"1";"426";"Eleições Municipais 2020";"2020-11-15 00:00:00";"M";"RS";"88412";"SANTA MARIA";"13";"Vereador";"210000677815";"13730";"HELEN MARTINS CABRAL";"HELEN CABRAL";"13";"PT";"Partido dos Trabalhadores";"12";"Apto";"-3";"#NE";"5";"Suplente"
"21/09/2026";"12:34:43";"2026";"210002534031";"RS";"2020";"2";"Eleição Ordinária";"1";"426";"Eleições Municipais 2020";"2020-11-15 00:00:00";"M";"RS";"86371";"ERECHIM";"13";"Vereador";"210000760925";"65123";"SANDRA REGINA PICOLI OSTROVSKI";"SANDRA PICOLI";"65";"PC do B";"Partido Comunista do Brasil";"12";"Apto";"-3";"#NE";"3";"Eleito por média"
"21/09/2026";"12:34:43";"2026";"210002534023";"RS";"2020";"2";"Eleição Ordinária";"1";"426";"Eleições Municipais 2020";"2020-11-15 00:00:00";"M";"RS";"88412";"SANTA MARIA";"13";"Vereador";"210000677823";"13015";"MARINA MARIA DE AVILA CALEGARO";"MARINA CALLEGARO";"13";"PT";"Partido dos Trabalhadores";"12";"Apto";"-3";"#NE";"3";"Eleito por média"
"21/09/2026";"12:34:43";"2026";"210002534006";"RS";"2020";"2";"Eleição Ordinária";"1";"426";"Eleições Municipais 2020";"2020-11-15 00:00:00";"M";"RS";"88412";"SANTA MARIA";"13";"Vereador";"210000677832";"13713";"VALDIR OLIVEIRA DE OLIVEIRA";"VALDIR OLIVEIRA";"13";"PT";"Partido dos Trabalhadores";"12";"Apto";"-3";"#NE";"2";"Eleito por QP"
"21/09/2026";"12:34:43";"2026";"210002533940";"RS";"2020";"2";"Eleição Ordinária";"1";"426";"Eleições Municipais 2020";"2020-11-15 00:00:00";"M";"RS";"88412";"SANTA MARIA";"13";"Vereador";"210000663972";"50777";"ALICE CARVALHO DA SILVA DOS SANTOS";"ALICE CARVALHO";"50";"PSOL";"Partido Socialismo e Liberdade";"12";"Apto";"-3";"#NE";"4";"Não eleito"
"21/09/2026";"12:34:43";"2026";"210002534036";"RS";"2016";"2";"Eleição Ordinária";"1";"220";"Eleições Municipais 2016";"2016-10-02 00:00:00";"M";"RS";"89630";"VIAMÃO";"13";"Vereador";"210000027007";"13655";"ADÃO PRETTO FILHO";"ADÃO PRETTO FILHO";"13";"PT";"Partido dos Trabalhadores";"12";"Apto";"-3";"#NE";"3";"Eleito por média"
"21/09/2026";"12:34:43";"2026";"210002534040";"RS";"2010";"2";"Eleição Ordinária";"1";"37";"Eleições 2010";"2010-10-03 00:00:00";"F";"RS";"RS";"RIO GRANDE DO SUL";"7";"Deputado Estadual";"210000000502";"13813";"ANA INES AFFONSO";"ANA AFFONSO";"13";"PT";"Partido dos Trabalhadores";"12";"Apto";"-3";"#NE";"1";"Eleito"
"21/09/2026";"12:34:43";"2026";"210002534035";"RS";"2016";"2";"Eleição Ordinária";"1";"220";"Eleições Municipais 2016";"2016-10-02 00:00:00";"M";"RS";"87858";"PASSO FUNDO";"13";"Vereador";"210000027533";"13123";"EVA VALÉRIA LORENZATO";"EVA VALÉRIA LORENZATO";"13";"PT";"Partido dos Trabalhadores";"12";"Apto";"-3";"#NE";"4";"Não eleito"
"21/09/2026";"12:34:43";"2026";"210002539806";"RS";"2020";"2";"Eleição Ordinária";"1";"426";"Eleições Municipais 2020";"2020-11-15 00:00:00";"M";"RS";"85774";"CAMPO BOM";"11";"Prefeito";"210000821745";"12";"LUCIANO LIBÓRIO BAPTISTA ORSI";"LUCIANO ORSI";"12";"PDT";"Partido Democrático Trabalhista";"12";"Apto";"-3";"#NE";"1";"Eleito"
"21/09/2026";"12:34:43";"2026";"210002539808";"RS";"2020";"2";"Eleição Ordinária";"1";"426";"Eleições Municipais 2020";"2020-11-15 00:00:00";"M";"RS";"87050";"IJUÍ";"13";"Vereador";"210000747589";"12312";"MATHEUS PORCIUNCULA MACHADO POMPEO DE MATTOS";"MATHEUS POMPEO";"12";"PDT";"Partido Democrático Trabalhista";"12";"Apto";"-3";"#NE";"2";"Eleito por QP"
"21/09/2026";"12:34:43";"2026";"210002539821";"RS";"2020";"2";"Eleição Ordinária";"1";"426";"Eleições Municipais 2020";"2020-11-15 00:00:00";"M";"RS";"87238";"JAGUARI";"13";"Vereador";"210000784909";"12012";"CÁTINA MONTEIRO FRESCURA";"CÁTINA MONTEIRO";"12";"PDT";"Partido Democrático Trabalhista";"12";"Apto";"-3";"#NE";"2";"Eleito por QP"
"21/09/2026";"12:34:43";"2026";"210002537544";"RS";"2020";"2";"Eleição Ordinária";"1";"426";"Eleições Municipais 2020";"2020-11-15 00:00:00";"M";"RS";"86517";"ESTEIO";"13";"Vereador";"210000897348";"12466";"JONATAS RIBEIRO FAGUNDES";"AMARAL NEGRITO";"12";"PDT";"Partido Democrático Trabalhista";"12";"Apto";"-3";"#NE";"4";"Não eleito"
"21/09/2026";"12:34:43";"2026";"210002534018";"RS";"2018";"2";"Eleição Ordinária";"1";"297";"Eleições Gerais Estaduais 2018";"2018-10-07 00:00:00";"E";"RS";"RS";"RIO GRANDE DO SUL";"9";"1º Suplente";"210000606447";"131";"CLEONICE FABIANE BACK";"CLEONICE BACK";"13";"PT";"Partido dos Trabalhadores";"12";"Apto";"-3";"#NE";"1";"Eleito"
"21/09/2026";"12:34:43";"2026";"210002539801";"RS";"2020";"2";"Eleição Ordinária";"1";"426";"Eleições Municipais 2020";"2020-11-15 00:00:00";"M";"RS";"85910";"CARAZINHO";"13";"Vereador";"210001027337";"12123";"BRUNO BERTÉ";"BRUNO BERTÉ";"12";"PDT";"Partido Democrático Trabalhista";"12";"Apto";"-3";"#NE";"2";"Eleito por QP"
"21/09/2026";"12:34:43";"2026";"210002539784";"RS";"2020";"2";"Eleição Ordinária";"1";"426";"Eleições Municipais 2020";"2020-11-15 00:00:00";"M";"RS";"87912";"PELOTAS";"12";"Vice-prefeito";"210001240582";"15";"RUI ANTONIO GARCIA JORDÃO";"RUI JORDÃO";"15";"MDB";"Movimento Democrático Brasileiro";"12";"Apto";"-3";"#NE";"4";"Não eleito"
"21/09/2026";"12:34:43";"2026";"210002534032";"RS";"2020";"2";"Eleição Ordinária";"1";"426";"Eleições Municipais 2020";"2020-11-15 00:00:00";"M";"RS";"88536";"SANTO ÂNGELO";"13";"Vereador";"210000881289";"13100";"GILBERTO CORAZZA";"PROFESSOR CORAZZA";"13";"PT";"Partido dos Trabalhadores";"12";"Apto";"-3";"#NE";"3";"Eleito por média"
"21/09/2026";"12:34:43";"2026";"210002534042";"RS";"2020";"2";"Eleição Ordinária";"1";"426";"Eleições Municipais 2020";"2020-11-15 00:00:00";"M";"RS";"88994";"SAPIRANGA";"13";"Vereador";"210000891333";"13213";"RITA DE CASSIA DELLA GIUSTINA DE OLIVEIRA";"PROFESSORA RITA DELLA GIUSTINA";"13";"PT";"Partido dos Trabalhadores";"12";"Apto";"-3";"#NE";"2";"Eleito por QP"
"21/09/2026";"12:34:43";"2026";"210002539788";"RS";"2008";"2";"Eleição Ordinária";"1";"30";"Eleições 2008";"2008-10-05 00:00:00";"M";"RS";"87211";"JAGUARÃO";"13";"Vereador";"19085";"12123";"CRISTIANO DOS SANTOS CARDOSO";"CRISTIANO CARDOSO";"12";"PDT";"Partido Democrático Trabalhista";"12";"Apto";"-3";"#NE";"4";"Não eleito"
"21/09/2026";"12:34:43";"2026";"210002539810";"RS";"2008";"2";"Eleição Ordinária";"1";"30";"Eleições 2008";"2008-10-05 00:00:00";"M";"RS";"88536";"SANTO ÂNGELO";"11";"Prefeito";"18664";"12";"EDUARDO DEBACCO LOUREIRO";"EDUARDO LOUREIRO";"12";"PDT";"Partido Democrático Trabalhista";"12";"Apto";"-3";"#NE";"1";"Eleito"
"21/09/2026";"12:34:43";"2026";"210002534007";"RS";"2008";"2";"Eleição Ordinária";"1";"30";"Eleições 2008";"2008-10-05 00:00:00";"M";"RS";"89290";"TAQUARI";"11";"Prefeito";"15701";"13";"EMANUEL HASSEN DE JESUS";"MANECO";"13";"PT";"Partido dos Trabalhadores";"12";"Apto";"-3";"#NE";"4";"Não eleito"
"21/09/2026";"12:34:43";"2026";"210002534009";"RS";"2008";"2";"Eleição Ordinária";"1";"30";"Eleições 2008";"2008-10-05 00:00:00";"M";"RS";"88412";"SANTA MARIA";"13";"Vereador";"3197";"13603";"HELEN MARTINS CABRAL";"HELEN CABRAL";"13";"PT";"Partido dos Trabalhadores";"12";"Apto";"-3";"#NE";"1";"Eleito"
"21/09/2026";"12:34:43";"2026";"210002539778";"RS";"2008";"2";"Eleição Ordinária";"1";"30";"Eleições 2008";"2008-10-05 00:00:00";"M";"RS";"89559";"VENÂNCIO AIRES";"11";"Prefeito";"9905";"12";"AIRTON LUIZ ARTUS";"AIRTON ARTUS";"12";"PDT";"Partido Democrático Trabalhista";"12";"Apto";"-3";"#NE";"1";"Eleito"
"21/09/2026";"12:34:43";"2026";"210002539777";"RS";"2008";"2";"Eleição Ordinária";"1";"30";"Eleições 2008";"2008-10-05 00:00:00";"M";"RS";"88013";"PORTO ALEGRE";"13";"Vereador";"26312";"12122";"THIAGO PEREIRA DUARTE";"DR THIAGO DUARTE";"12";"PDT";"Partido Democrático Trabalhista";"12";"Apto";"-3";"#NE";"5";"Suplente"
"21/09/2026";"12:34:43";"2026";"210002533945";"RS";"2008";"2";"Eleição Ordinária";"1";"30";"Eleições 2008";"2008-10-05 00:00:00";"M";"RS";"85898";"CANOAS";"13";"Vereador";"12391";"11678";"IVERA REGINA SOARES DA SILVA";"IVERA";"11";"PP";"Partido Progressista";"3";"Inapto";"-3";"#NE";"11";"Indeferido com Recurso"
"21/09/2026";"12:34:43";"2026";"210002534041";"RS";"2016";"2";"Eleição Ordinária";"1";"220";"Eleições Municipais 2016";"2016-10-02 00:00:00";"M";"RS";"88994";"SAPIRANGA";"11";"Prefeito";"210000005894";"13";"NELSON SPOLAOR";"SPOLAOR";"13";"PT";"Partido dos Trabalhadores";"12";"Apto";"-3";"#NE";"4";"Não eleito"
"21/09/2026";"12:34:43";"2026";"210002539777";"RS";"2004";"2";"Eleição Ordinária";"1";"6";"Eleições Municipais de 2004 - 1º turno";"2004-10-03 00:00:00";"M";"RS";"88013";"PORTO ALEGRE";"13";"Vereador";"480";"12122";"THIAGO PEREIRA DUARTE";"DR.THIAGO PEREIRA DUARTE";"12";"PDT";"Partido Democrático Trabalhista";"12";"Apto";"-3";"#NE";"5";"Suplente"
"21/09/2026";"12:34:43";"2026";"210002534046";"RS";"2024";"2";"Eleição Ordinária";"1";"619";"Eleições Municipais 2024";"2024-10-06 00:00:00";"M";"RS";"85618";"CACHOEIRINHA";"13";"Vereador";"210002072390";"13123";"LEONARDO DA COSTA SILVA";"LÉO DA COSTA";"13";"PT";"Partido dos Trabalhadores";"-3";"#NE";"2";"Deferido";"2";"Eleito por QP"
"21/09/2026";"12:34:43";"2026";"210002537531";"RS";"2008";"2";"Eleição Ordinária";"1";"30";"Eleições 2008";"2008-10-05 00:00:00";"M";"RS";"88692";"SÃO GABRIEL";"13";"Vereador";"23251";"22221";"LADISLE CAMARGO TEIXEIRA";"LADISLE TEIXEIRA";"22";"PR";"Partido da República";"12";"Apto";"-3";"#NE";"5";"Suplente"
"21/09/2026";"12:34:43";"2026";"210002534017";"RS";"2008";"2";"Eleição Ordinária";"1";"30";"Eleições 2008";"2008-10-05 00:00:00";"M";"RS";"88790";"SÃO LOURENÇO DO SUL";"11";"Prefeito";"2474";"13";"JOSÉ SIDNEY NUNES DE ALMEIDA";"ZÉ NUNES";"13";"PT";"Partido dos Trabalhadores";"12";"Apto";"-3";"#NE";"1";"Eleito"
"21/09/2026";"12:34:43";"2026";"210002539777";"RS";"2018";"2";"Eleição Ordinária";"1";"297";"Eleições Gerais Estaduais 2018";"2018-10-07 00:00:00";"E";"RS";"RS";"RIO GRANDE DO SUL";"7";"Deputado Estadual";"210000603564";"25555";"THIAGO PEREIRA DUARTE";"DR. THIAGO";"25";"DEM";"Democratas";"12";"Apto";"-3";"#NE";"2";"Eleito por QP"
"21/09/2026";"12:34:43";"2026";"210002539810";"RS";"2018";"2";"Eleição Ordinária";"1";"297";"Eleições Gerais Estaduais 2018";"2018-10-07 00:00:00";"E";"RS";"RS";"RIO GRANDE DO SUL";"7";"Deputado Estadual";"210000604687";"12412";"EDUARDO DEBACCO LOUREIRO";"EDUARDO LOUREIRO";"12";"PDT";"Partido Democrático Trabalhista";"12";"Apto";"-3";"#NE";"2";"Eleito por QP"
"21/09/2026";"12:34:43";"2026";"210002539809";"RS";"2018";"2";"Eleição Ordinária";"1";"297";"Eleições Gerais Estaduais 2018";"2018-10-07 00:00:00";"E";"RS";"RS";"RIO GRANDE DO SUL";"7";"Deputado Estadual";"210000604688";"12312";"GERSON BURMANN";"GERSON BURMANN";"12";"PDT";"Partido Democrático Trabalhista";"12";"Apto";"-3";"#NE";"2";"Eleito por QP"
"21/09/2026";"12:34:43";"2026";"210002534038";"RS";"2018";"2";"Eleição Ordinária";"1";"297";"Eleições Gerais Estaduais 2018";"2018-10-07 00:00:00";"E";"RS";"RS";"RIO GRANDE DO SUL";"7";"Deputado Estadual";"210000611358";"13400";"SOFIA CAVEDON NUNES";"SOFIA CAVEDON";"13";"PT";"Partido dos Trabalhadores";"12";"Apto";"-3";"#NE";"2";"Eleito por QP"
"21/09/2026";"12:34:43";"2026";"210002534012";"RS";"2018";"2";"Eleição Ordinária";"1";"297";"Eleições Gerais Estaduais 2018";"2018-10-07 00:00:00";"E";"RS";"RS";"RIO GRANDE DO SUL";"3";"Governador";"210000606452";"13";"MIGUEL SOLDATELLI ROSSETTO";"MIGUEL ROSSETTO";"13";"PT";"Partido dos Trabalhadores";"12";"Apto";"-3";"#NE";"4";"Não eleito"
"21/09/2026";"12:34:43";"2026";"210002537530";"RS";"2018";"2";"Eleição Ordinária";"1";"297";"Eleições Gerais Estaduais 2018";"2018-10-07 00:00:00";"E";"RS";"RS";"RIO GRANDE DO SUL";"7";"Deputado Estadual";"210000609479";"65610";"ANDRE CASSIO DA SILVA OLIVEIRA";"ANDRÉ OLIVEIRA";"65";"PC do B";"Partido Comunista do Brasil";"12";"Apto";"-3";"#NE";"4";"Não eleito"
"21/09/2026";"12:34:43";"2026";"210002534028";"RS";"2018";"2";"Eleição Ordinária";"1";"297";"Eleições Gerais Estaduais 2018";"2018-10-07 00:00:00";"E";"RS";"RS";"RIO GRANDE DO SUL";"7";"Deputado Estadual";"210000605839";"18666";"PAULO VANDERLEI FAGUAGA SIQUEIRA";"ORELHA";"18";"REDE";"Rede Sustentabilidade";"12";"Apto";"-3";"#NE";"5";"Suplente"
"21/09/2026";"12:34:43";"2026";"210002539818";"RS";"2018";"2";"Eleição Ordinária";"1";"297";"Eleições Gerais Estaduais 2018";"2018-10-07 00:00:00";"E";"RS";"RS";"RIO GRANDE DO SUL";"7";"Deputado Estadual";"210000607332";"14580";"REGINA MARIA BECKER";"REGINA BECKER FORTUNATI";"14";"PTB";"Partido Trabalhista Brasileiro";"12";"Apto";"-3";"#NE";"5";"Suplente"
"21/09/2026";"12:34:43";"2026";"210002539783";"RS";"2020";"2";"Eleição Ordinária";"1";"426";"Eleições Municipais 2020";"2020-11-15 00:00:00";"M";"RS";"88013";"PORTO ALEGRE";"13";"Vereador";"210001250408";"23456";"LUIZ JACOMINI RIGHI FILHO";"LUIZ JACOMINI";"23";"CIDADANIA";"Cidadania";"12";"Apto";"-3";"#NE";"5";"Suplente"
"21/09/2026";"12:34:43";"2026";"210002539822";"RS";"2020";"2";"Eleição Ordinária";"1";"426";"Eleições Municipais 2020";"2020-11-15 00:00:00";"M";"RS";"88013";"PORTO ALEGRE";"13";"Vereador";"210000841561";"12612";"PAULO ROBERTO SILVA";"PAULINHO DA BONJA";"12";"PDT";"Partido Democrático Trabalhista";"12";"Apto";"-3";"#NE";"5";"Suplente"
"21/09/2026";"12:34:43";"2026";"210002534003";"RS";"2020";"2";"Eleição Ordinária";"1";"426";"Eleições Municipais 2020";"2020-11-15 00:00:00";"M";"RS";"88013";"PORTO ALEGRE";"13";"Vereador";"210000652197";"50050";"ANDERSON NARCISO FERREIRA";"NATASHA FERREIRA";"50";"PSOL";"Partido Socialismo e Liberdade";"12";"Apto";"-3";"#NE";"5";"Suplente"
"21/09/2026";"12:34:43";"2026";"210002533931";"RS";"2020";"2";"Eleição Ordinária";"1";"426";"Eleições Municipais 2020";"2020-11-15 00:00:00";"M";"RS";"88013";"PORTO ALEGRE";"13";"Vereador";"210000652182";"50555";"KAREN MORAIS DOS SANTOS";"KAREN SANTOS";"50";"PSOL";"Partido Socialismo e Liberdade";"12";"Apto";"-3";"#NE";"2";"Eleito por QP"
"21/09/2026";"12:34:43";"2026";"210002534043";"RS";"2020";"2";"Eleição Ordinária";"1";"426";"Eleições Municipais 2020";"2020-11-15 00:00:00";"M";"RS";"88013";"PORTO ALEGRE";"13";"Vereador";"210000845655";"13007";"LEONEL GUTERRES RADDE";"LEONEL RADDE";"13";"PT";"Partido dos Trabalhadores";"12";"Apto";"-3";"#NE";"2";"Eleito por QP"
"21/09/2026";"12:34:43";"2026";"210002533933";"RS";"2020";"2";"Eleição Ordinária";"1";"426";"Eleições Municipais 2020";"2020-11-15 00:00:00";"M";"RS";"88013";"PORTO ALEGRE";"13";"Vereador";"210000652188";"50010";"VILMAR FRANCISCO DA SILVA";"VILMAR O GARI";"50";"PSOL";"Partido Socialismo e Liberdade";"12";"Apto";"-3";"#NE";"5";"Suplente"
"21/09/2026";"12:34:43";"2026";"210002533934";"RS";"2020";"2";"Eleição Ordinária";"1";"426";"Eleições Municipais 2020";"2020-11-15 00:00:00";"M";"RS";"88013";"PORTO ALEGRE";"13";"Vereador";"210000652190";"50123";"MATHEUS PEREIRA GOMES";"MATHEUS GOMES";"50";"PSOL";"Partido Socialismo e Liberdade";"12";"Apto";"-3";"#NE";"2";"Eleito por QP"
"21/09/2026";"12:34:43";"2026";"210002537538";"RS";"2020";"2";"Eleição Ordinária";"1";"426";"Eleições Municipais 2020";"2020-11-15 00:00:00";"M";"RS";"88013";"PORTO ALEGRE";"13";"Vereador";"210001052251";"45845";"PAULO DE TARSO GASPAR PINHEIRO MACHADO";"PAULODE TARSO PINHEIRO MACHADO";"45";"PSDB";"Partido da Social Democracia Brasileira";"12";"Apto";"-3";"#NE";"5";"Suplente"
"21/09/2026";"12:34:43";"2026";"210002537537";"RS";"2020";"2";"Eleição Ordinária";"1";"426";"Eleições Municipais 2020";"2020-11-15 00:00:00";"M";"RS";"88013";"PORTO ALEGRE";"13";"Vereador";"210000683430";"65651";"BRUNA LIEGE DA SILVA RODRIGUES";"BRUNA RODRIGUES";"65";"PC do B";"Partido Comunista do Brasil";"12";"Apto";"-3";"#NE";"2";"Eleito por QP"
"21/09/2026";"12:34:43";"2026";"210002534004";"RS";"2020";"2";"Eleição Ordinária";"1";"426";"Eleições Municipais 2020";"2020-11-15 00:00:00";"M";"RS";"88013";"PORTO ALEGRE";"13";"Vereador";"210000683425";"65444";"ERICK DÊNIL MACHADO PIMENTEL";"ERICK DÊNIL";"65";"PC do B";"Partido Comunista do Brasil";"12";"Apto";"-3";"#NE";"5";"Suplente"
"21/09/2026";"12:34:43";"2026";"210002534029";"RS";"2020";"2";"Eleição Ordinária";"1";"426";"Eleições Municipais 2020";"2020-11-15 00:00:00";"M";"RS";"88013";"PORTO ALEGRE";"13";"Vereador";"210000683436";"65656";"GIOVANI CULAU OLIVEIRA";"GIOVANI E MOVIMENTO COLETIVO";"65";"PC do B";"Partido Comunista do Brasil";"12";"Apto";"-3";"#NE";"5";"Suplente"
"21/09/2026";"12:34:43";"2026";"210002539777";"RS";"2014";"2";"Eleição Ordinária";"1";"143";"Eleições Gerais 2014";"2014-10-05 00:00:00";"F";"RS";"RS";"RIO GRANDE DO SUL";"7";"Deputado Estadual";"210000000210";"12122";"THIAGO PEREIRA DUARTE";"DR. THIAGO";"12";"PDT";"Partido Democrático Trabalhista";"12";"Apto";"";"";"5";"Suplente"
"21/09/2026";"12:34:43";"2026";"210002539812";"RS";"2012";"2";"Eleição Ordinária";"1";"47";"Eleição Municipal 2012";"2012-10-07 00:00:00";"M";"RS";"86967";"MAQUINÉ";"13";"Vereador";"210000033164";"12789";"JOÃO MARCOS BASSANI DOS SANTOS";"JOÃO MARCOS";"12";"PDT";"Partido Democrático Trabalhista";"12";"Apto";"-3";"#NE";"2";"Eleito por QP"
"21/09/2026";"12:34:43";"2026";"210002539817";"RS";"2022";"2";"Eleição Ordinária";"1";"546";"Eleições Gerais Estaduais 2022";"2022-10-02 00:00:00";"E";"RS";"RS";"RIO GRANDE DO SUL";"4";"Vice-governador";"210001615207";"12";"REGINA COSTA DOS SANTOS";"PROFESSORA REGINA";"12";"PDT";"Partido Democrático Trabalhista";"12";"Apto";"-3";"#NE";"4";"Não eleito"
"21/09/2026";"12:34:43";"2026";"210002539779";"RS";"2020";"2";"Eleição Ordinária";"1";"426";"Eleições Municipais 2020";"2020-11-15 00:00:00";"M";"RS";"88315";"ROSÁRIO DO SUL";"13";"Vereador";"210000861021";"12017";"TIAGO DE MENEZES VIEIRA";"TIAGO MENEZES";"12";"PDT";"Partido Democrático Trabalhista";"12";"Apto";"-3";"#NE";"5";"Suplente"
"21/09/2026";"12:34:43";"2026";"210002539814";"RS";"2020";"2";"Eleição Ordinária";"1";"426";"Eleições Municipais 2020";"2020-11-15 00:00:00";"M";"RS";"89010";"SAPUCAIA DO SUL";"13";"Vereador";"210000863913";"12132";"GABRIELA ORTIZ ABENEL";"GABRIELA ORTIZ";"12";"PDT";"Partido Democrático Trabalhista";"12";"Apto";"-3";"#NE";"3";"Eleito por média"
"21/09/2026";"12:34:43";"2026";"210002537530";"RS";"2020";"2";"Eleição Ordinária";"1";"426";"Eleições Municipais 2020";"2020-11-15 00:00:00";"M";"RS";"89125";"CAPÃO BONITO DO SUL";"13";"Vereador";"210000996600";"14614";"ANDRÉ CASSIO DA SILVA OLIVEIRA";"ANDRÉ OLIVEIRA";"14";"PTB";"Partido Trabalhista Brasileiro";"12";"Apto";"-3";"#NE";"5";"Suplente"
"21/09/2026";"12:34:43";"2026";"210002537530";"RS";"2022";"2";"Eleição Ordinária";"1";"546";"Eleições Gerais Estaduais 2022";"2022-10-02 00:00:00";"E";"RS";"RS";"RIO GRANDE DO SUL";"6";"Deputado Federal";"210001620439";"7080";"ANDRÉ CASSIO DA SILVA OLIVEIRA";"ANDRÉ OLIVEIRA";"70";"AVANTE";"AVANTE";"12";"Apto";"-3";"#NE";"4";"Não eleito"
"21/09/2026";"12:34:43";"2026";"210002533942";"RS";"2022";"2";"Eleição Ordinária";"1";"546";"Eleições Gerais Estaduais 2022";"2022-10-02 00:00:00";"E";"RS";"RS";"RIO GRANDE DO SUL";"6";"Deputado Federal";"210001596923";"5080";"ABRÃO FERNANDES GODOIS";"ABRÃO GODOIS";"50";"PSOL";"Partido Socialismo e Liberdade";"12";"Apto";"-3";"#NE";"5";"Suplente"
"21/09/2026";"12:34:43";"2026";"210002534030";"RS";"2022";"2";"Eleição Ordinária";"1";"546";"Eleições Gerais Estaduais 2022";"2022-10-02 00:00:00";"E";"RS";"RS";"RIO GRANDE DO SUL";"6";"Deputado Federal";"210001596922";"5040";"HUMBERTO MATOS DE OLIVEIRA";"HUMBERTO MATOS";"50";"PSOL";"Partido Socialismo e Liberdade";"12";"Apto";"-3";"#NE";"5";"Suplente"
"21/09/2026";"12:34:43";"2026";"210002534003";"RS";"2022";"2";"Eleição Ordinária";"1";"546";"Eleições Gerais Estaduais 2022";"2022-10-02 00:00:00";"E";"RS";"RS";"RIO GRANDE DO SUL";"6";"Deputado Federal";"210001596929";"5010";"ANDERSON NARCISO FERREIRA";"NATASHA";"50";"PSOL";"Partido Socialismo e Liberdade";"12";"Apto";"-3";"#NE";"5";"Suplente"
"21/09/2026";"12:34:43";"2026";"210002537544";"RS";"2022";"2";"Eleição Ordinária";"1";"546";"Eleições Gerais Estaduais 2022";"2022-10-02 00:00:00";"E";"RS";"RS";"RIO GRANDE DO SUL";"6";"Deputado Federal";"210001614001";"5546";"JONATAS RIBEIRO FAGUNDES";"AMARAL EL NEGRITO";"55";"PSD";"Partido Social Democrático";"12";"Apto";"-3";"#NE";"5";"Suplente"
"21/09/2026";"12:34:43";"2026";"210002539783";"RS";"2022";"2";"Eleição Ordinária";"1";"546";"Eleições Gerais Estaduais 2022";"2022-10-02 00:00:00";"E";"RS";"RS";"RIO GRANDE DO SUL";"6";"Deputado Federal";"210001620054";"2345";"LUIZ JACOMINI RIGHI FILHO";"LUIZ JACOMINI";"23";"CIDADANIA";"Cidadania";"12";"Apto";"-3";"#NE";"5";"Suplente"
"21/09/2026";"12:34:43";"2026";"210002539807";"RS";"2022";"2";"Eleição Ordinária";"1";"546";"Eleições Gerais Estaduais 2022";"2022-10-02 00:00:00";"E";"RS";"RS";"RIO GRANDE DO SUL";"6";"Deputado Federal";"210001596116";"1980";"LUIS FERNANDO PERES DOS SANTOS";"LUIS FERNANDO BRAITE";"19";"PODE";"Podemos";"12";"Apto";"-3";"#NE";"5";"Suplente"
"21/09/2026";"12:34:43";"2026";"210002537528";"RS";"2022";"2";"Eleição Ordinária";"1";"546";"Eleições Gerais Estaduais 2022";"2022-10-02 00:00:00";"E";"RS";"RS";"RIO GRANDE DO SUL";"6";"Deputado Federal";"210001596999";"4020";"WAGNER PETRINI";"WAGNER PETRINI";"40";"PSB";"Partido Socialista Brasileiro";"12";"Apto";"-3";"#NE";"5";"Suplente"
"21/09/2026";"12:34:43";"2026";"210002534033";"RS";"2022";"2";"Eleição Ordinária";"1";"546";"Eleições Gerais Estaduais 2022";"2022-10-02 00:00:00";"E";"RS";"RS";"RIO GRANDE DO SUL";"6";"Deputado Federal";"210001604651";"1314";"MARIA EUNICE DIAS WOLF";"MARIA EUNICE";"13";"PT";"Partido dos Trabalhadores";"12";"Apto";"-3";"#NE";"5";"Suplente"
"21/09/2026";"12:34:43";"2026";"210002539799";"RS";"2022";"2";"Eleição Ordinária";"1";"546";"Eleições Gerais Estaduais 2022";"2022-10-02 00:00:00";"E";"RS";"RS";"RIO GRANDE DO SUL";"6";"Deputado Federal";"210001604639";"1365";"CARLOS AUGUSTO DA SILVA LOPES";"GUTO LOPES";"13";"PT";"Partido dos Trabalhadores";"12";"Apto";"-3";"#NE";"5";"Suplente"
"21/09/2026";"12:34:43";"2026";"210002534034";"RS";"2022";"2";"Eleição Ordinária";"1";"546";"Eleições Gerais Estaduais 2022";"2022-10-02 00:00:00";"E";"RS";"RS";"RIO GRANDE DO SUL";"6";"Deputado Federal";"210001604648";"1380";"LELIO NUNES LOPES FILHO";"LELINHO LOPES";"13";"PT";"Partido dos Trabalhadores";"12";"Apto";"-3";"#NE";"5";"Suplente"
"21/09/2026";"12:34:43";"2026";"210002534005";"RS";"2022";"2";"Eleição Ordinária";"1";"546";"Eleições Gerais Estaduais 2022";"2022-10-02 00:00:00";"E";"RS";"RS";"RIO GRANDE DO SUL";"6";"Deputado Federal";"210001604647";"1345";"JOACIR PICOLOTTO";"PICOLOTTO";"13";"PT";"Partido dos Trabalhadores";"12";"Apto";"-3";"#NE";"5";"Suplente"
"21/09/2026";"12:34:43";"2026";"210002539785";"RS";"2022";"2";"Eleição Ordinária";"1";"546";"Eleições Gerais Estaduais 2022";"2022-10-02 00:00:00";"E";"RS";"RS";"RIO GRANDE DO SUL";"6";"Deputado Federal";"210001621251";"1244";"EVÂNIA MARIA SILVEIRA NUNES DE LIMA";"EVÂNIA NUNES";"12";"PDT";"Partido Democrático Trabalhista";"12";"Apto";"-3";"#NE";"5";"Suplente"
"21/09/2026";"12:34:43";"2026";"210002533932";"RS";"2022";"2";"Eleição Ordinária";"1";"546";"Eleições Gerais Estaduais 2022";"2022-10-02 00:00:00";"E";"RS";"RS";"RIO GRANDE DO SUL";"6";"Deputado Federal";"210001621255";"1255";"ROGÉRIO CHIMANSKI DA FONTOURA";"ROGÉRIO CHIMANSKI";"12";"PDT";"Partido Democrático Trabalhista";"12";"Apto";"-3";"#NE";"5";"Suplente"
"21/09/2026";"12:34:43";"2026";"210002539805";"RS";"2020";"2";"Eleição Ordinária";"1";"426";"Eleições Municipais 2020";"2020-11-15 00:00:00";"M";"RS";"88633";"SÃO BORJA";"13";"Vereador";"210000817330";"12000";"TIAGO CADÓ FERNANDES";"TIAGO CADÓ";"12";"PDT";"Partido Democrático Trabalhista";"12";"Apto";"-3";"#NE";"2";"Eleito por QP"
"21/09/2026";"12:34:43";"2026";"210002534005";"RS";"2020";"2";"Eleição Ordinária";"1";"426";"Eleições Municipais 2020";"2020-11-15 00:00:00";"M";"RS";"86932";"CHARQUEADAS";"13";"Vereador";"210000789613";"13655";"JOACIR PICOLOTTO";"PICOLOTTO";"13";"PT";"Partido dos Trabalhadores";"12";"Apto";"-3";"#NE";"5";"Suplente"
"21/09/2026";"12:34:43";"2026";"210002534021";"RS";"2020";"2";"Eleição Ordinária";"1";"426";"Eleições Municipais 2020";"2020-11-15 00:00:00";"M";"RS";"89192";"SOLEDADE";"13";"Vereador";"210000763722";"40678";"GENEIR TADEU MARQUES RODRIGUES";"PAI TADEU";"40";"PSB";"Partido Socialista Brasileiro";"12";"Apto";"-3";"#NE";"5";"Suplente"
"21/09/2026";"12:34:43";"2026";"210002539804";"RS";"2020";"2";"Eleição Ordinária";"1";"426";"Eleições Municipais 2020";"2020-11-15 00:00:00";"M";"RS";"86835";"GRAVATAÍ";"13";"Vereador";"210000853200";"12050";"THIAGO ENGELMAN DE LEON MADEIRA";"THIAGO DE LEON";"12";"PDT";"Partido Democrático Trabalhista";"12";"Apto";"-3";"#NE";"2";"Eleito por QP"
"21/09/2026";"12:34:43";"2026";"210002534028";"RS";"2020";"2";"Eleição Ordinária";"1";"426";"Eleições Municipais 2020";"2020-11-15 00:00:00";"M";"RS";"88633";"SÃO BORJA";"13";"Vereador";"210001112099";"13666";"PAULO VANDERLEI FAGUAGA SIQUEIRA";"ORELHA";"13";"PT";"Partido dos Trabalhadores";"3";"Inapto";"-3";"#NE";"4";"Não eleito"
"21/09/2026";"12:34:43";"2026";"210002537531";"RS";"2020";"2";"Eleição Ordinária";"1";"426";"Eleições Municipais 2020";"2020-11-15 00:00:00";"M";"RS";"88692";"SÃO GABRIEL";"13";"Vereador";"210000763650";"25555";"LADISLÊ CAMARGO TEIXEIRA";"LADISLÊ TEIXEIRA";"25";"DEM";"Democratas";"3";"Inapto";"-3";"#NE";"4";"Não eleito"
"21/09/2026";"12:34:43";"2026";"210002533931";"RS";"2016";"2";"Eleição Ordinária";"1";"220";"Eleições Municipais 2016";"2016-10-02 00:00:00";"M";"RS";"88013";"PORTO ALEGRE";"13";"Vereador";"210000006953";"50394";"KAREN MORAIS DOS SANTOS";"KAREN SANTOS";"50";"PSOL";"Partido Socialismo e Liberdade";"12";"Apto";"-3";"#NE";"5";"Suplente"
"21/09/2026";"12:34:43";"2026";"210002534048";"RS";"2016";"2";"Eleição Ordinária";"1";"220";"Eleições Municipais 2016";"2016-10-02 00:00:00";"M";"RS";"88013";"PORTO ALEGRE";"13";"Vereador";"210000030807";"43192";"WALMOCIR SILVA REIS";"SOCORRISTA WALVERDE";"43";"PV";"Partido Verde";"12";"Apto";"-3";"#NE";"4";"Não eleito"
"21/09/2026";"12:34:43";"2026";"210002539815";"RS";"2016";"2";"Eleição Ordinária";"1";"220";"Eleições Municipais 2016";"2016-10-02 00:00:00";"M";"RS";"88013";"PORTO ALEGRE";"13";"Vereador";"210000024691";"23010";"RONI DA SILVA";"GARÇOM RONI";"23";"PPS";"Partido Popular Socialista";"12";"Apto";"-3";"#NE";"5";"Suplente"
"21/09/2026";"12:34:43";"2026";"210002534043";"RS";"2016";"2";"Eleição Ordinária";"1";"220";"Eleições Municipais 2016";"2016-10-02 00:00:00";"M";"RS";"88013";"PORTO ALEGRE";"13";"Vereador";"210000010480";"13007";"LEONEL GUTERRES RADDE";"LEONEL RADDE";"13";"PT";"Partido dos Trabalhadores";"12";"Apto";"-3";"#NE";"5";"Suplente"
"21/09/2026";"12:34:43";"2026";"210002534038";"RS";"2016";"2";"Eleição Ordinária";"1";"220";"Eleições Municipais 2016";"2016-10-02 00:00:00";"M";"RS";"88013";"PORTO ALEGRE";"13";"Vereador";"210000010499";"13113";"SOFIA CAVEDON NUNES";"SOFIA CAVEDON";"13";"PT";"Partido dos Trabalhadores";"12";"Apto";"-3";"#NE";"2";"Eleito por QP"
"21/09/2026";"12:34:43";"2026";"210002537543";"RS";"2016";"2";"Eleição Ordinária";"1";"220";"Eleições Municipais 2016";"2016-10-02 00:00:00";"M";"RS";"85219";"ARROIO DOS RATOS";"13";"Vereador";"210000001612";"40222";"JESLEI SALINES DE SOUZA";"JÉSLEI SALLINES";"40";"PSB";"Partido Socialista Brasileiro";"12";"Apto";"-3";"#NE";"2";"Eleito por QP"
"21/09/2026";"12:34:43";"2026";"210002533936";"RS";"2016";"2";"Eleição Ordinária";"1";"220";"Eleições Municipais 2016";"2016-10-02 00:00:00";"M";"RS";"88013";"PORTO ALEGRE";"11";"Prefeito";"210000006927";"50";"LUCIANA KREBS GENRO";"LUCIANA GENRO";"50";"PSOL";"Partido Socialismo e Liberdade";"12";"Apto";"-3";"#NE";"4";"Não eleito"
"21/09/2026";"12:34:43";"2026";"210002534034";"RS";"2014";"2";"Eleição Ordinária";"1";"143";"Eleições Gerais 2014";"2014-10-05 00:00:00";"F";"RS";"RS";"RIO GRANDE DO SUL";"7";"Deputado Estadual";"210000000368";"13800";"LELIO NUNES LOPES FILHO";"LELINHO LOPES";"13";"PT";"Partido dos Trabalhadores";"12";"Apto";"";"";"5";"Suplente"
"21/09/2026";"12:34:43";"2026";"210002539800";"RS";"2014";"2";"Eleição Ordinária";"1";"143";"Eleições Gerais 2014";"2014-10-05 00:00:00";"F";"RS";"RS";"RIO GRANDE DO SUL";"7";"Deputado Estadual";"210000000804";"22122";"LUIS ROGERIO MARENCO FERRAN";"LUIZ MARENCO";"22";"PR";"Partido da República";"12";"Apto";"";"";"5";"Suplente"
"21/09/2026";"12:34:43";"2026";"210002539810";"RS";"2014";"2";"Eleição Ordinária";"1";"143";"Eleições Gerais 2014";"2014-10-05 00:00:00";"F";"RS";"RS";"RIO GRANDE DO SUL";"7";"Deputado Estadual";"210000000181";"12412";"EDUARDO DEBACCO LOUREIRO";"EDUARDO LOUREIRO";"12";"PDT";"Partido Democrático Trabalhista";"12";"Apto";"";"";"2";"Eleito por QP"
"21/09/2026";"12:34:43";"2026";"210002537545";"RS";"2022";"2";"Eleição Ordinária";"1";"546";"Eleições Gerais Estaduais 2022";"2022-10-02 00:00:00";"E";"RS";"RS";"RIO GRANDE DO SUL";"7";"Deputado Estadual";"210001602881";"40000";"JOÃO PEDRO ROVERÉ GRILL";"JOÃO PEDRO GRILL";"40";"PSB";"Partido Socialista Brasileiro";"3";"Inapto";"-3";"#NE";"-1";"#NULO"
"21/09/2026";"12:34:43";"2026";"210002539779";"RS";"2024";"2";"Eleição Ordinária";"1";"619";"Eleições Municipais 2024";"2024-10-06 00:00:00";"M";"RS";"88315";"ROSÁRIO DO SUL";"13";"Vereador";"210002241904";"12345";"TIAGO DE MENEZES VIEIRA";"TIAGO MENEZES";"12";"PDT";"Partido Democrático Trabalhista";"-3";"#NE";"2";"Deferido";"2";"Eleito por QP"
"21/09/2026";"12:34:43";"2026";"210002537545";"RS";"2024";"2";"Eleição Ordinária";"1";"619";"Eleições Municipais 2024";"2024-10-06 00:00:00";"M";"RS";"85693";"CAMAQUÃ";"13";"Vereador";"210001965835";"40000";"JOÃO PEDRO ROVERÉ GRILL";"JOAO PEDRO GRILL";"40";"PSB";"Partido Socialista Brasileiro";"-3";"#NE";"2";"Deferido";"3";"Eleito por média"
"21/09/2026";"12:34:43";"2026";"210002537544";"RS";"2024";"2";"Eleição Ordinária";"1";"619";"Eleições Municipais 2024";"2024-10-06 00:00:00";"M";"RS";"86517";"ESTEIO";"13";"Vereador";"210001923790";"40466";"JONATAS RIBEIRO FAGUNDES";"AMARAL NEGRITO";"40";"PSB";"Partido Socialista Brasileiro";"-3";"#NE";"2";"Deferido";"2";"Eleito por QP"
"21/09/2026";"12:34:43";"2026";"210002534028";"RS";"2024";"2";"Eleição Ordinária";"1";"619";"Eleições Municipais 2024";"2024-10-06 00:00:00";"M";"RS";"88633";"SÃO BORJA";"13";"Vereador";"210002027570";"13888";"PAULO VANDERLEI FAGUAGA SIQUEIRA";"ORELHA";"13";"PT";"Partido dos Trabalhadores";"-3";"#NE";"2";"Deferido";"2";"Eleito por QP"
"21/09/2026";"12:34:43";"2026";"210002534044";"RS";"2024";"2";"Eleição Ordinária";"1";"619";"Eleições Municipais 2024";"2024-10-06 00:00:00";"M";"RS";"88692";"SÃO GABRIEL";"13";"Vereador";"210002341353";"13613";"DARIU FRANCISCO ALVES GARCIA";"DARIU";"13";"PT";"Partido dos Trabalhadores";"-3";"#NE";"2";"Deferido";"4";"Não eleito"
"21/09/2026";"12:34:43";"2026";"210002539822";"RS";"2010";"2";"Eleição Ordinária";"1";"37";"Eleições 2010";"2010-10-03 00:00:00";"F";"RS";"RS";"RIO GRANDE DO SUL";"7";"Deputado Estadual";"210000000881";"12005";"PAULO ROBERTO SILVA";"PAULO SILVA";"12";"PDT";"Partido Democrático Trabalhista";"3";"Inapto";"-3";"#NE";"-1";"#NULO"
"21/09/2026";"12:34:43";"2026";"210002534032";"RS";"2010";"2";"Eleição Ordinária";"1";"37";"Eleições 2010";"2010-10-03 00:00:00";"F";"RS";"RS";"RIO GRANDE DO SUL";"10";"2º Suplente Senador";"210000000478";"131";"GILBERTO CORAZZA";"CORAZZA";"13";"PT";"Partido dos Trabalhadores";"12";"Apto";"-3";"#NE";"-1";"#NULO"
"21/09/2026";"12:34:43";"2026";"210002534019";"RS";"2010";"2";"Eleição Ordinária";"1";"37";"Eleições 2010";"2010-10-03 00:00:00";"F";"RS";"RS";"RIO GRANDE DO SUL";"6";"Deputado Federal";"210000000486";"1301";"GILBERTO JOSE SPIER VARGAS";"PEPE VARGAS";"13";"PT";"Partido dos Trabalhadores";"12";"Apto";"-3";"#NE";"1";"Eleito"
"21/09/2026";"12:34:43";"2026";"210002537545";"RS";"2010";"2";"Eleição Ordinária";"1";"37";"Eleições 2010";"2010-10-03 00:00:00";"F";"RS";"RS";"RIO GRANDE DO SUL";"7";"Deputado Estadual";"210000000241";"40678";"JOAO PEDRO ROVERE GRILL";"JOAO PEDRO GRILL";"40";"PSB";"Partido Socialista Brasileiro";"12";"Apto";"-3";"#NE";"5";"Suplente"
"21/09/2026";"12:34:43";"2026";"210002539809";"RS";"2010";"2";"Eleição Ordinária";"1";"37";"Eleições 2010";"2010-10-03 00:00:00";"F";"RS";"RS";"RIO GRANDE DO SUL";"7";"Deputado Estadual";"210000000848";"12312";"GERSON BURMANN";"GERSON BURMANN";"12";"PDT";"Partido Democrático Trabalhista";"12";"Apto";"-3";"#NE";"1";"Eleito"
"21/09/2026";"12:34:43";"2026";"210002534039";"RS";"2020";"2";"Eleição Ordinária";"1";"426";"Eleições Municipais 2020";"2020-11-15 00:00:00";"M";"RS";"85111";"ALVORADA";"11";"Prefeito";"210000643887";"13";"STELA BEATRIZ FARIAS LOPES";"STELA";"13";"PT";"Partido dos Trabalhadores";"12";"Apto";"-3";"#NE";"4";"Não eleito"
"21/09/2026";"12:34:43";"2026";"210002534004";"RS";"2018";"2";"Eleição Ordinária";"1";"297";"Eleições Gerais Estaduais 2018";"2018-10-07 00:00:00";"E";"RS";"RS";"RIO GRANDE DO SUL";"6";"Deputado Federal";"210000603870";"5488";"ERICK DÊNIL MACHADO PIMENTEL";"ERICK DÊNIL";"54";"PPL";"Partido Pátria Livre";"12";"Apto";"-3";"#NE";"4";"Não eleito"
"21/09/2026";"12:34:43";"2026";"210002539816";"RS";"2018";"2";"Eleição Ordinária";"1";"297";"Eleições Gerais Estaduais 2018";"2018-10-07 00:00:00";"E";"RS";"RS";"RIO GRANDE DO SUL";"6";"Deputado Federal";"210000610898";"2300";"CARLOS ALEXANDRE GONÇALVES";"ALEXANDRE GONÇALVES";"23";"PPS";"Partido Popular Socialista";"12";"Apto";"-3";"#NE";"4";"Não eleito"
"21/09/2026";"12:34:43";"2026";"210002534042";"RS";"2018";"2";"Eleição Ordinária";"1";"297";"Eleições Gerais Estaduais 2018";"2018-10-07 00:00:00";"E";"RS";"RS";"RIO GRANDE DO SUL";"6";"Deputado Federal";"210000611360";"1321";"RITA DE CÁSSIA DELLA GIUSTINA DE OLIVEIRA";"PROFESSORA RITA DELLA GIUSTINA";"13";"PT";"Partido dos Trabalhadores";"12";"Apto";"-3";"#NE";"5";"Suplente"
"21/09/2026";"12:34:43";"2026";"210002533945";"RS";"2018";"2";"Eleição Ordinária";"1";"297";"Eleições Gerais Estaduais 2018";"2018-10-07 00:00:00";"E";"RS";"RS";"RIO GRANDE DO SUL";"7";"Deputado Estadual";"210000616842";"90177";"IVERÁ REGINA SOARES DA SILVA";"IVERÁ";"90";"PROS";"Partido Republicano da Ordem Social";"12";"Apto";"-3";"#NE";"4";"Não eleito"
"21/09/2026";"12:34:43";"2026";"210002539818";"RS";"2022";"2";"Eleição Ordinária";"1";"546";"Eleições Gerais Estaduais 2022";"2022-10-02 00:00:00";"E";"RS";"RS";"RIO GRANDE DO SUL";"7";"Deputado Estadual";"210001601919";"44560";"REGINA MARIA BECKER";"REGINA BECKER";"44";"UNIÃO";"UNIÃO BRASIL";"12";"Apto";"-3";"#NE";"5";"Suplente"
"21/09/2026";"12:34:43";"2026";"210002539777";"RS";"2022";"2";"Eleição Ordinária";"1";"546";"Eleições Gerais Estaduais 2022";"2022-10-02 00:00:00";"E";"RS";"RS";"RIO GRANDE DO SUL";"7";"Deputado Estadual";"210001601925";"44555";"THIAGO PEREIRA DUARTE";"DR THIAGO";"44";"UNIÃO";"UNIÃO BRASIL";"12";"Apto";"-3";"#NE";"3";"Eleito por média"
"21/09/2026";"12:34:43";"2026";"210002539791";"RS";"2022";"2";"Eleição Ordinária";"1";"546";"Eleições Gerais Estaduais 2022";"2022-10-02 00:00:00";"E";"RS";"RS";"RIO GRANDE DO SUL";"7";"Deputado Estadual";"210001620195";"45987";"CLEOMAR SANTOS OLIVEIRA";"MARA SANTOS";"45";"PSDB";"Partido da Social Democracia Brasileira";"12";"Apto";"-3";"#NE";"5";"Suplente"
"21/09/2026";"12:34:43";"2026";"210002539816";"RS";"2022";"2";"Eleição Ordinária";"1";"546";"Eleições Gerais Estaduais 2022";"2022-10-02 00:00:00";"E";"RS";"RS";"RIO GRANDE DO SUL";"7";"Deputado Estadual";"210001621313";"12812";"CARLOS ALEXANDRE GONÇALVES";"ALEXANDRE GONÇALVES";"12";"PDT";"Partido Democrático Trabalhista";"12";"Apto";"-3";"#NE";"5";"Suplente"
"21/09/2026";"12:34:43";"2026";"210002539804";"RS";"2022";"2";"Eleição Ordinária";"1";"546";"Eleições Gerais Estaduais 2022";"2022-10-02 00:00:00";"E";"RS";"RS";"RIO GRANDE DO SUL";"7";"Deputado Estadual";"210001621306";"12050";"THIAGO ENGELMAN DE LEON MADEIRA";"THIAGO DE LEON";"12";"PDT";"Partido Democrático Trabalhista";"12";"Apto";"-3";"#NE";"5";"Suplente"
"21/09/2026";"12:34:43";"2026";"210002539805";"RS";"2022";"2";"Eleição Ordinária";"1";"546";"Eleições Gerais Estaduais 2022";"2022-10-02 00:00:00";"E";"RS";"RS";"RIO GRANDE DO SUL";"7";"Deputado Estadual";"210001621308";"12000";"TIAGO CADÓ FERNANDES";"TIAGO CADÓ";"12";"PDT";"Partido Democrático Trabalhista";"12";"Apto";"-3";"#NE";"5";"Suplente"
"21/09/2026";"12:34:43";"2026";"210002539800";"RS";"2022";"2";"Eleição Ordinária";"1";"546";"Eleições Gerais Estaduais 2022";"2022-10-02 00:00:00";"E";"RS";"RS";"RIO GRANDE DO SUL";"7";"Deputado Estadual";"210001621330";"12220";"LUIS ROGÉRIO MARENCO FERRÂN";"LUIZ MARENCO";"12";"PDT";"Partido Democrático Trabalhista";"12";"Apto";"-3";"#NE";"2";"Eleito por QP"
"21/09/2026";"12:34:43";"2026";"210002539814";"RS";"2022";"2";"Eleição Ordinária";"1";"546";"Eleições Gerais Estaduais 2022";"2022-10-02 00:00:00";"E";"RS";"RS";"RIO GRANDE DO SUL";"7";"Deputado Estadual";"210001621323";"12132";"GABRIELA ORTIZ ABENEL";"GABRIELA ORTIZ";"12";"PDT";"Partido Democrático Trabalhista";"12";"Apto";"-3";"#NE";"5";"Suplente"
"21/09/2026";"12:34:43";"2026";"210002539803";"RS";"2022";"2";"Eleição Ordinária";"1";"546";"Eleições Gerais Estaduais 2022";"2022-10-02 00:00:00";"E";"RS";"RS";"RIO GRANDE DO SUL";"7";"Deputado Estadual";"210001621287";"12333";"GILMAR SOSSELLA";"SOSSELLA";"12";"PDT";"Partido Democrático Trabalhista";"12";"Apto";"-3";"#NE";"2";"Eleito por QP"
"21/09/2026";"12:34:43";"2026";"210002539809";"RS";"2022";"2";"Eleição Ordinária";"1";"546";"Eleições Gerais Estaduais 2022";"2022-10-02 00:00:00";"E";"RS";"RS";"RIO GRANDE DO SUL";"7";"Deputado Estadual";"210001621326";"12312";"GERSON BURMANN";"GERSON BURMANN";"12";"PDT";"Partido Democrático Trabalhista";"12";"Apto";"-3";"#NE";"2";"Eleito por QP"
"21/09/2026";"12:34:43";"2026";"210002539810";"RS";"2022";"2";"Eleição Ordinária";"1";"546";"Eleições Gerais Estaduais 2022";"2022-10-02 00:00:00";"E";"RS";"RS";"RIO GRANDE DO SUL";"7";"Deputado Estadual";"210001621320";"12412";"EDUARDO DEBACCO LOUREIRO";"EDUARDO LOUREIRO";"12";"PDT";"Partido Democrático Trabalhista";"12";"Apto";"-3";"#NE";"2";"Eleito por QP"
"21/09/2026";"12:34:43";"2026";"210002539778";"RS";"2022";"2";"Eleição Ordinária";"1";"546";"Eleições Gerais Estaduais 2022";"2022-10-02 00:00:00";"E";"RS";"RS";"RIO GRANDE DO SUL";"7";"Deputado Estadual";"210001621312";"12012";"AIRTON LUIZ ARTUS";"AIRTON ARTUS";"12";"PDT";"Partido Democrático Trabalhista";"12";"Apto";"-3";"#NE";"5";"Suplente"
"21/09/2026";"12:34:43";"2026";"210002539821";"RS";"2022";"2";"Eleição Ordinária";"1";"546";"Eleições Gerais Estaduais 2022";"2022-10-02 00:00:00";"E";"RS";"RS";"RIO GRANDE DO SUL";"7";"Deputado Estadual";"210001621314";"12912";"CÁTINA MONTEIRO FRESCURA";"CÁTINA MONTEIRO";"12";"PDT";"Partido Democrático Trabalhista";"12";"Apto";"-3";"#NE";"5";"Suplente"
"21/09/2026";"12:34:43";"2026";"210002539822";"RS";"2022";"2";"Eleição Ordinária";"1";"546";"Eleições Gerais Estaduais 2022";"2022-10-02 00:00:00";"E";"RS";"RS";"RIO GRANDE DO SUL";"7";"Deputado Estadual";"210001621299";"12612";"PAULO ROBERTO SILVA";"PAULO SILVA";"12";"PDT";"Partido Democrático Trabalhista";"12";"Apto";"-3";"#NE";"5";"Suplente"
"21/09/2026";"12:34:43";"2026";"210002539787";"RS";"2024";"2";"Eleição Ordinária";"1";"619";"Eleições Municipais 2024";"2024-10-06 00:00:00";"M";"RS";"85596";"CACHOEIRA DO SUL";"13";"Vereador";"210002195046";"12613";"LEIDINARA FERREIRA MARQUES";"LEIDINARA MARQUES";"12";"PDT";"Partido Democrático Trabalhista";"-3";"#NE";"2";"Deferido";"4";"Não eleito"
"21/09/2026";"12:34:43";"2026";"210002537546";"RS";"2024";"2";"Eleição Ordinária";"1";"619";"Eleições Municipais 2024";"2024-10-06 00:00:00";"M";"RS";"85898";"CANOAS";"13";"Vereador";"210002129954";"40777";"RAQUEL ALVES DOS SANTOS";"RAQUEL ALVES DE IANSÃ";"40";"PSB";"Partido Socialista Brasileiro";"-3";"#NE";"2";"Deferido";"4";"Não eleito"
"21/09/2026";"12:34:43";"2026";"210002533945";"RS";"2024";"2";"Eleição Ordinária";"1";"619";"Eleições Municipais 2024";"2024-10-06 00:00:00";"M";"RS";"85898";"CANOAS";"13";"Vereador";"210002374096";"50444";"IVERA REGINA SOARES DA SILVA";"IVERÁ";"50";"PSOL";"Partido Socialismo e Liberdade";"-3";"#NE";"2";"Deferido";"4";"Não eleito"
"21/09/2026";"12:34:43";"2026";"210002539816";"RS";"2024";"2";"Eleição Ordinária";"1";"619";"Eleições Municipais 2024";"2024-10-06 00:00:00";"M";"RS";"85898";"CANOAS";"13";"Vereador";"210002149429";"12000";"CARLOS ALEXANDRE GONÇALVES";"ALEXANDRE GONÇALVES";"12";"PDT";"Partido Democrático Trabalhista";"-3";"#NE";"2";"Deferido";"2";"Eleito por QP"
"21/09/2026";"12:34:43";"2026";"210002534038";"RS";"2012";"2";"Eleição Ordinária";"1";"47";"Eleição Municipal 2012";"2012-10-07 00:00:00";"M";"RS";"88013";"PORTO ALEGRE";"13";"Vereador";"210000000403";"13113";"SOFIA CAVEDON NUNES";"SOFIA CAVEDON";"13";"PT";"Partido dos Trabalhadores";"12";"Apto";"-3";"#NE";"2";"Eleito por QP"
"21/09/2026";"12:34:43";"2026";"210002539806";"RS";"2016";"2";"Eleição Ordinária";"1";"220";"Eleições Municipais 2016";"2016-10-02 00:00:00";"M";"RS";"85774";"CAMPO BOM";"11";"Prefeito";"210000030720";"12";"LUCIANO LIBORIO BAPTISTA ORSI";"LUCIANO ORSI";"12";"PDT";"Partido Democrático Trabalhista";"12";"Apto";"-3";"#NE";"1";"Eleito"
"21/09/2026";"12:34:43";"2026";"210002539821";"RS";"2024";"2";"Eleição Ordinária";"1";"619";"Eleições Municipais 2024";"2024-10-06 00:00:00";"M";"RS";"87238";"JAGUARI";"13";"Vereador";"210002327873";"12012";"CATINA MONTEIRO FRESCURA";"CATINA MONTEIRO";"12";"PDT";"Partido Democrático Trabalhista";"-3";"#NE";"2";"Deferido";"2";"Eleito por QP"
"21/09/2026";"12:34:43";"2026";"210002539784";"RS";"2024";"2";"Eleição Ordinária";"1";"619";"Eleições Municipais 2024";"2024-10-06 00:00:00";"M";"RS";"87912";"PELOTAS";"13";"Vereador";"210002216029";"12180";"RUI ANTÔNIO GARCIA JORDÃO";"RUI JORDÃO";"12";"PDT";"Partido Democrático Trabalhista";"-3";"#NE";"2";"Deferido";"4";"Não eleito"
"21/09/2026";"12:34:43";"2026";"210002533930";"RS";"2024";"2";"Eleição Ordinária";"1";"619";"Eleições Municipais 2024";"2024-10-06 00:00:00";"M";"RS";"87912";"PELOTAS";"13";"Vereador";"210002167822";"50999";"FERNANDA PINTO MIRANDA";"FERNANDA MIRANDA";"50";"PSOL";"Partido Socialismo e Liberdade";"-3";"#NE";"2";"Deferido";"2";"Eleito por QP"
"21/09/2026";"12:34:43";"2026";"210002537534";"RS";"2024";"2";"Eleição Ordinária";"1";"619";"Eleições Municipais 2024";"2024-10-06 00:00:00";"M";"RS";"87912";"PELOTAS";"13";"Vereador";"210001919031";"40123";"CESAR BRIZOLARA";"CESINHA";"40";"PSB";"Partido Socialista Brasileiro";"-3";"#NE";"2";"Deferido";"2";"Eleito por QP"
"21/09/2026";"12:34:43";"2026";"210002534053";"RS";"2024";"2";"Eleição Ordinária";"1";"619";"Eleições Municipais 2024";"2024-10-06 00:00:00";"M";"RS";"86240";"ELDORADO DO SUL";"13";"Vereador";"210002272616";"13007";"MARCELO CORDEIRO";"MARCELO CORDEIRO";"13";"PT";"Partido dos Trabalhadores";"-3";"#NE";"2";"Deferido";"4";"Não eleito"
"21/09/2026";"12:34:43";"2026";"210002539798";"RS";"2016";"2";"Eleição Ordinária";"1";"220";"Eleições Municipais 2016";"2016-10-02 00:00:00";"M";"RS";"98256";"PAROBÉ";"11";"Prefeito";"210000019471";"12";"DIEGO DAL PIVA DA LUZ";"DIEGO PICUCHA";"12";"PDT";"Partido Democrático Trabalhista";"12";"Apto";"-3";"#NE";"4";"Não eleito"
"21/09/2026";"12:34:43";"2026";"210002534040";"RS";"2016";"2";"Eleição Ordinária";"1";"220";"Eleições Municipais 2016";"2016-10-02 00:00:00";"M";"RS";"88773";"SÃO LEOPOLDO";"13";"Vereador";"210000024000";"13813";"ANA INES AFFONSO";"ANA AFFONSO";"13";"PT";"Partido dos Trabalhadores";"12";"Apto";"-3";"#NE";"3";"Eleito por média"
"21/09/2026";"12:34:43";"2026";"210002534023";"RS";"2016";"2";"Eleição Ordinária";"1";"220";"Eleições Municipais 2016";"2016-10-02 00:00:00";"M";"RS";"88412";"SANTA MARIA";"13";"Vereador";"210000008743";"13015";"MARINA MARIA DE AVILA CALLEGARO";"MARINA CALLEGARO";"13";"PT";"Partido dos Trabalhadores";"12";"Apto";"-3";"#NE";"5";"Suplente"
"21/09/2026";"12:34:43";"2026";"210002534006";"RS";"2016";"2";"Eleição Ordinária";"1";"220";"Eleições Municipais 2016";"2016-10-02 00:00:00";"M";"RS";"88412";"SANTA MARIA";"13";"Vereador";"210000008765";"13713";"VALDIR OLIVEIRA DE OLIVEIRA";"VALDIR OLIVEIRA";"13";"PT";"Partido dos Trabalhadores";"12";"Apto";"-3";"#NE";"2";"Eleito por QP"
"21/09/2026";"12:34:43";"2026";"210002534026";"RS";"2016";"2";"Eleição Ordinária";"1";"220";"Eleições Municipais 2016";"2016-10-02 00:00:00";"M";"RS";"89010";"SAPUCAIA DO SUL";"13";"Vereador";"210000004000";"13060";"DOUGLAS JUNIOR BUTZKE";"DOUGLAS BUTZKE";"13";"PT";"Partido dos Trabalhadores";"12";"Apto";"-3";"#NE";"5";"Suplente"
"21/09/2026";"12:34:43";"2026";"210002537539";"RS";"2016";"2";"Eleição Ordinária";"1";"220";"Eleições Municipais 2016";"2016-10-02 00:00:00";"M";"RS";"88927";"BALNEÁRIO PINHAL";"12";"Vice-prefeito";"210000001503";"14";"ALEQUIS LOPES PINTO";"ALEQUIS";"40";"PSB";"Partido Socialista Brasileiro";"12";"Apto";"-3";"#NE";"1";"Eleito"
"21/09/2026";"12:34:43";"2026";"210002534009";"RS";"2016";"2";"Eleição Ordinária";"1";"220";"Eleições Municipais 2016";"2016-10-02 00:00:00";"M";"RS";"88412";"SANTA MARIA";"12";"Vice-prefeito";"210000008742";"13";"HELEN MARTINS CABRAL";"HELEN CABRAL";"13";"PT";"Partido dos Trabalhadores";"12";"Apto";"-3";"#NE";"6";"2º turno"
"21/09/2026";"12:34:43";"2026";"210002534009";"RS";"2016";"2";"Eleição Ordinária";"2";"220";"Eleições Municipais 2016";"2016-10-30 00:00:00";"M";"RS";"88412";"SANTA MARIA";"12";"Vice-prefeito";"210000008742";"13";"HELEN MARTINS CABRAL";"HELEN CABRAL";"13";"PT";"Partido dos Trabalhadores";"12";"Apto";"-3";"#NE";"4";"Não eleito"
"21/09/2026";"12:34:43";"2026";"210002539785";"RS";"2016";"2";"Eleição Ordinária";"1";"220";"Eleições Municipais 2016";"2016-10-02 00:00:00";"M";"RS";"89257";"TAPES";"11";"Prefeito";"210000032132";"14";"EVANIA MARIA SILVEIRA NUNES DE LIMA";"EVÂNIA NUNES";"14";"PTB";"Partido Trabalhista Brasileiro";"12";"Apto";"-3";"#NE";"4";"Não eleito"
"21/09/2026";"12:34:43";"2026";"210002539793";"RS";"2008";"2";"Eleição Ordinária";"1";"30";"Eleições 2008";"2008-10-05 00:00:00";"M";"RS";"88013";"PORTO ALEGRE";"13";"Vereador";"21667";"40234";"CARLOS AUGUSTO GONÇALVES LEITE";"CARLOS BREIK";"40";"PSB";"Partido Socialista Brasileiro";"12";"Apto";"-3";"#NE";"5";"Suplente"
"21/09/2026";"12:34:43";"2026";"210002537539";"RS";"2008";"2";"Eleição Ordinária";"1";"30";"Eleições 2008";"2008-10-05 00:00:00";"M";"RS";"88927";"BALNEÁRIO PINHAL";"13";"Vereador";"22727";"40000";"ALEQUIS LOPES PINTO";"ALEQUIS CABELEIREIRO";"40";"PSB";"Partido Socialista Brasileiro";"12";"Apto";"-3";"#NE";"1";"Eleito"
"21/09/2026";"12:34:43";"2026";"210002534048";"RS";"2008";"2";"Eleição Ordinária";"1";"30";"Eleições 2008";"2008-10-05 00:00:00";"M";"RS";"86240";"ELDORADO DO SUL";"13";"Vereador";"10970";"43843";"WALMOCIR SILVA REIS";"WALMOCIR";"43";"PV";"Partido Verde";"12";"Apto";"-3";"#NE";"5";"Suplente"
"21/09/2026";"12:34:43";"2026";"210002537545";"RS";"2008";"2";"Eleição Ordinária";"1";"30";"Eleições 2008";"2008-10-05 00:00:00";"M";"RS";"85464";"CRISTAL";"13";"Vereador";"20326";"40000";"JOÃO PEDRO ROVERÉ GRILL";"JOÃO PEDRO GRILL";"40";"PSB";"Partido Socialista Brasileiro";"12";"Apto";"-3";"#NE";"1";"Eleito"
"21/09/2026";"12:34:43";"2026";"210002534033";"RS";"2010";"2";"Eleição Ordinária";"1";"37";"Eleições 2010";"2010-10-03 00:00:00";"F";"RS";"RS";"RIO GRANDE DO SUL";"7";"Deputado Estadual";"210000000543";"13114";"MARIA EUNICE DIAS WOLF";"MARIA EUNICE";"13";"PT";"Partido dos Trabalhadores";"12";"Apto";"-3";"#NE";"5";"Suplente"
"21/09/2026";"12:34:43";"2026";"210002539803";"RS";"2010";"2";"Eleição Ordinária";"1";"37";"Eleições 2010";"2010-10-03 00:00:00";"F";"RS";"RS";"RIO GRANDE DO SUL";"7";"Deputado Estadual";"210000000849";"12333";"GILMAR SOSSELLA";"SOSSELLA";"12";"PDT";"Partido Democrático Trabalhista";"12";"Apto";"-3";"#NE";"1";"Eleito"
"21/09/2026";"12:34:43";"2026";"210002534039";"RS";"2010";"2";"Eleição Ordinária";"1";"37";"Eleições 2010";"2010-10-03 00:00:00";"F";"RS";"RS";"RIO GRANDE DO SUL";"7";"Deputado Estadual";"210000000564";"13113";"STELA BEATRIZ FARIAS LOPES";"STELA FARIAS";"13";"PT";"Partido dos Trabalhadores";"12";"Apto";"-3";"#NE";"1";"Eleito"
"21/09/2026";"12:34:43";"2026";"210002534005";"RS";"2010";"2";"Eleição Ordinária";"1";"37";"Eleições 2010";"2010-10-03 00:00:00";"F";"RS";"RS";"RIO GRANDE DO SUL";"7";"Deputado Estadual";"210000000524";"13170";"JOACIR PICOLOTTO";"PICOLOTTO";"13";"PT";"Partido dos Trabalhadores";"3";"Inapto";"-3";"#NE";"-1";"#NULO"
"21/09/2026";"12:34:43";"2026";"210002533929";"RS";"2010";"2";"Eleição Ordinária";"1";"37";"Eleições 2010";"2010-10-03 00:00:00";"F";"RS";"RS";"RIO GRANDE DO SUL";"7";"Deputado Estadual";"210000000080";"50050";"PEDRO HOMERO STEIN";"PEDRO STEINS";"50";"PSOL";"Partido Socialismo e Liberdade";"12";"Apto";"-3";"#NE";"4";"Não eleito"
"21/09/2026";"12:34:43";"2026";"210002533936";"RS";"2010";"2";"Eleição Ordinária";"1";"37";"Eleições 2010";"2010-10-03 00:00:00";"F";"RS";"RS";"RIO GRANDE DO SUL";"6";"Deputado Federal";"210000000029";"5050";"LUCIANA KREBS GENRO";"LUCIANA GENRO";"50";"PSOL";"Partido Socialismo e Liberdade";"12";"Apto";"-3";"#NE";"4";"Não eleito"
"21/09/2026";"12:34:43";"2026";"210002537545";"RS";"2026";"2";"Eleição Ordinária";"1";"6257";"Eleições Gerais Estaduais 2026";"2026-10-04 00:00:00";"E";"RS";"RS";"RIO GRANDE DO SUL";"7";"Deputado Estadual";"210002537545";"40000";"JOÃO PEDRO ROVERÉ GRILL";"JOÃO PEDRO GRILL";"40";"PSB";"PARTIDO SOCIALISTA BRASILEIRO";"-3";"#NE";"2";"Deferido";"-1";"#NULO"
"21/09/2026";"12:34:43";"2026";"210002537537";"RS";"2026";"2";"Eleição Ordinária";"1";"6257";"Eleições Gerais Estaduais 2026";"2026-10-04 00:00:00";"E";"RS";"RS";"RIO GRANDE DO SUL";"7";"Deputado Estadual";"210002537537";"40180";"BRUNA LIEGE DA SILVA RODRIGUES";"BRUNA RODRIGUES";"40";"PSB";"PARTIDO SOCIALISTA BRASILEIRO";"-3";"#NE";"2";"Deferido";"-1";"#NULO"
"21/09/2026";"12:34:43";"2026";"210002537544";"RS";"2026";"2";"Eleição Ordinária";"1";"6257";"Eleições Gerais Estaduais 2026";"2026-10-04 00:00:00";"E";"RS";"RS";"RIO GRANDE DO SUL";"7";"Deputado Estadual";"210002537544";"40466";"JONATAS RIBEIRO FAGUNDES";"AMARAL NEGRITO";"40";"PSB";"PARTIDO SOCIALISTA BRASILEIRO";"-3";"#NE";"2";"Deferido";"-1";"#NULO"
"21/09/2026";"12:34:43";"2026";"210002537543";"RS";"2026";"2";"Eleição Ordinária";"1";"6257";"Eleições Gerais Estaduais 2026";"2026-10-04 00:00:00";"E";"RS";"RS";"RIO GRANDE DO SUL";"7";"Deputado Estadual";"210002537543";"40222";"JESLEI SALINES DE SOUZA";"JÉSLEI SALLINES";"40";"PSB";"PARTIDO SOCIALISTA BRASILEIRO";"-3";"#NE";"2";"Deferido";"-1";"#NULO"
"21/09/2026";"12:34:43";"2026";"210002537547";"RS";"2026";"2";"Eleição Ordinária";"1";"6257";"Eleições Gerais Estaduais 2026";"2026-10-04 00:00:00";"E";"RS";"RS";"RIO GRANDE DO SUL";"7";"Deputado Estadual";"210002537547";"40777";"JANINE BORGES SOARES";"JANINE SOARES";"40";"PSB";"PARTIDO SOCIALISTA BRASILEIRO";"-3";"#NE";"2";"Deferido";"-1";"#NULO"
"21/09/2026";"12:34:43";"2026";"210002537529";"RS";"2026";"2";"Eleição Ordinária";"1";"6257";"Eleições Gerais Estaduais 2026";"2026-10-04 00:00:00";"E";"RS";"RS";"RIO GRANDE DO SUL";"7";"Deputado Estadual";"210002537529";"40369";"GERALDO BATISTA DA SILVEIRA";"GERALDO SILVEIRA";"40";"PSB";"PARTIDO SOCIALISTA BRASILEIRO";"-3";"#NE";"2";"Deferido";"-1";"#NULO"
"21/09/2026";"12:34:43";"2026";"210002537542";"RS";"2026";"2";"Eleição Ordinária";"1";"6257";"Eleições Gerais Estaduais 2026";"2026-10-04 00:00:00";"E";"RS";"RS";"RIO GRANDE DO SUL";"7";"Deputado Estadual";"210002537542";"40707";"LEANDRO DOS SANTOS";"LEANDRO LIBAN";"40";"PSB";"PARTIDO SOCIALISTA BRASILEIRO";"-3";"#NE";"2";"Deferido";"-1";"#NULO"
"21/09/2026";"12:34:43";"2026";"210002537536";"RS";"2026";"2";"Eleição Ordinária";"1";"6257";"Eleições Gerais Estaduais 2026";"2026-10-04 00:00:00";"E";"RS";"RS";"RIO GRANDE DO SUL";"7";"Deputado Estadual";"210002537536";"40042";"RENAN DA SILVA";"RENAN DA SILVA";"40";"PSB";"PARTIDO SOCIALISTA BRASILEIRO";"-3";"#NE";"2";"Deferido";"-1";"#NULO"
"21/09/2026";"12:34:43";"2026";"210002537531";"RS";"2026";"2";"Eleição Ordinária";"1";"6257";"Eleições Gerais Estaduais 2026";"2026-10-04 00:00:00";"E";"RS";"RS";"RIO GRANDE DO SUL";"7";"Deputado Estadual";"210002537531";"40444";"LADISLE CAMARGO TEIXEIRA";"LADISLÊ TEIXEIRA";"40";"PSB";"PARTIDO SOCIALISTA BRASILEIRO";"-3";"#NE";"2";"Deferido";"-1";"#NULO"
"21/09/2026";"12:34:43";"2026";"210002537541";"RS";"2026";"2";"Eleição Ordinária";"1";"6257";"Eleições Gerais Estaduais 2026";"2026-10-04 00:00:00";"E";"RS";"RS";"RIO GRANDE DO SUL";"7";"Deputado Estadual";"210002537541";"40199";"JANE LONGARAY BITENCOURT";"JANE LONGARAY BITENCOURT";"40";"PSB";"PARTIDO SOCIALISTA BRASILEIRO";"-3";"#NE";"2";"Deferido";"-1";"#NULO"
"21/09/2026";"12:34:43";"2026";"210002537528";"RS";"2026";"2";"Eleição Ordinária";"1";"6257";"Eleições Gerais Estaduais 2026";"2026-10-04 00:00:00";"E";"RS";"RS";"RIO GRANDE DO SUL";"7";"Deputado Estadual";"210002537528";"40240";"WAGNER PETRINI";"WAGNER PETRINI";"40";"PSB";"PARTIDO SOCIALISTA BRASILEIRO";"-3";"#NE";"2";"Deferido";"-1";"#NULO"
"21/09/2026";"12:34:43";"2026";"210002537548";"RS";"2026";"2";"Eleição Ordinária";"1";"6257";"Eleições Gerais Estaduais 2026";"2026-10-04 00:00:00";"E";"RS";"RS";"RIO GRANDE DO SUL";"7";"Deputado Estadual";"210002537548";"40111";"VALDECIR JOSÉ ZONIN";"CHIQUINHO ZONIN";"40";"PSB";"PARTIDO SOCIALISTA BRASILEIRO";"-3";"#NE";"2";"Deferido";"-1";"#NULO"
"21/09/2026";"12:34:43";"2026";"210002537539";"RS";"2026";"2";"Eleição Ordinária";"1";"6257";"Eleições Gerais Estaduais 2026";"2026-10-04 00:00:00";"E";"RS";"RS";"RIO GRANDE DO SUL";"7";"Deputado Estadual";"210002537539";"40400";"ALEQUIS LOPES PINTO";"ALEQUIS COLETIVO";"40";"PSB";"PARTIDO SOCIALISTA BRASILEIRO";"-3";"#NE";"2";"Deferido";"-1";"#NULO"
"21/09/2026";"12:34:43";"2026";"210002537535";"RS";"2026";"2";"Eleição Ordinária";"1";"6257";"Eleições Gerais Estaduais 2026";"2026-10-04 00:00:00";"E";"RS";"RS";"RIO GRANDE DO SUL";"7";"Deputado Estadual";"210002537535";"40540";"VANDA LENARA SOUZA MACHADO";"LENARA MACHADO";"40";"PSB";"PARTIDO SOCIALISTA BRASILEIRO";"-3";"#NE";"2";"Deferido";"-1";"#NULO"
"21/09/2026";"12:34:43";"2026";"210002537527";"RS";"2026";"2";"Eleição Ordinária";"1";"6257";"Eleições Gerais Estaduais 2026";"2026-10-04 00:00:00";"E";"RS";"RS";"RIO GRANDE DO SUL";"7";"Deputado Estadual";"210002537527";"40401";"JAQUELINE PEREIRA SILVEIRA CIBELLI DE CASTRO";"JAQUE SILVEIRA";"40";"PSB";"PARTIDO SOCIALISTA BRASILEIRO";"-3";"#NE";"2";"Deferido";"-1";"#NULO"
"21/09/2026";"12:34:43";"2026";"210002537546";"RS";"2026";"2";"Eleição Ordinária";"1";"6257";"Eleições Gerais Estaduais 2026";"2026-10-04 00:00:00";"E";"RS";"RS";"RIO GRANDE DO SUL";"7";"Deputado Estadual";"210002537546";"40770";"RAQUEL ALVES DOS SANTOS";"RAQUEL ALVES";"40";"PSB";"PARTIDO SOCIALISTA BRASILEIRO";"-3";"#NE";"2";"Deferido";"-1";"#NULO"
"21/09/2026";"12:34:43";"2026";"210002537534";"RS";"2026";"2";"Eleição Ordinária";"1";"6257";"Eleições Gerais Estaduais 2026";"2026-10-04 00:00:00";"E";"RS";"RS";"RIO GRANDE DO SUL";"7";"Deputado Estadual";"210002537534";"40123";"CESAR BRIZOLARA";"CÉSINHA";"40";"PSB";"PARTIDO SOCIALISTA BRASILEIRO";"-3";"#NE";"2";"Deferido";"-1";"#NULO"
"21/09/2026";"12:34:43";"2026";"210002537532";"RS";"2026";"2";"Eleição Ordinária";"1";"6257";"Eleições Gerais Estaduais 2026";"2026-10-04 00:00:00";"E";"RS";"RS";"RIO GRANDE DO SUL";"7";"Deputado Estadual";"210002537532";"40555";"ADILSON KUHN";"PROFESSOR ADILSON KUHN";"40";"PSB";"PARTIDO SOCIALISTA BRASILEIRO";"-3";"#NE";"2";"Deferido";"-1";"#NULO"
"21/09/2026";"12:34:43";"2026";"210002537538";"RS";"2026";"2";"Eleição Ordinária";"1";"6257";"Eleições Gerais Estaduais 2026";"2026-10-04 00:00:00";"E";"RS";"RS";"RIO GRANDE DO SUL";"7";"Deputado Estadual";"210002537538";"40040";"PAULO DE TARSO GASPAR PINHEIRO MACHADO";"PAULO DE TARSO";"40";"PSB";"PARTIDO SOCIALISTA BRASILEIRO";"-3";"#NE";"2";"Deferido";"-1";"#NULO"
"21/09/2026";"12:34:43";"2026";"210002537525";"RS";"2026";"2";"Eleição Ordinária";"1";"6257";"Eleições Gerais Estaduais 2026";"2026-10-04 00:00:00";"E";"RS";"RS";"RIO GRANDE DO SUL";"7";"Deputado Estadual";"210002537525";"40999";"LEONILDA KRAUSE";"LÉO KRAUSE";"40";"PSB";"PARTIDO SOCIALISTA BRASILEIRO";"-3";"#NE";"2";"Deferido";"-1";"#NULO"
"21/09/2026";"12:34:43";"2026";"210002537530";"RS";"2026";"2";"Eleição Ordinária";"1";"6257";"Eleições Gerais Estaduais 2026";"2026-10-04 00:00:00";"E";"RS";"RS";"RIO GRANDE DO SUL";"7";"Deputado Estadual";"210002537530";"40140";"ANDRE CASSIO DA SILVA OLIVEIRA";"ANDRÉ OLIVEIRA";"40";"PSB";"PARTIDO SOCIALISTA BRASILEIRO";"-3";"#NE";"2";"Deferido";"-1";"#NULO"
"21/09/2026";"12:34:43";"2026";"210002537526";"RS";"2026";"2";"Eleição Ordinária";"1";"6257";"Eleições Gerais Estaduais 2026";"2026-10-04 00:00:00";"E";"RS";"RS";"RIO GRANDE DO SUL";"7";"Deputado Estadual";"210002537526";"40800";"ANDRESSA CRISTIANE PEREIRA JOCHEM";"ANDRESSA MAIS PARTICIPAÇÃO";"40";"PSB";"PARTIDO SOCIALISTA BRASILEIRO";"-3";"#NE";"2";"Deferido";"-1";"#NULO"
"21/09/2026";"12:34:43";"2026";"210002537533";"RS";"2026";"2";"Eleição Ordinária";"1";"6257";"Eleições Gerais Estaduais 2026";"2026-10-04 00:00:00";"E";"RS";"RS";"RIO GRANDE DO SUL";"7";"Deputado Estadual";"210002537533";"40004";"VINICIUS KLEIN BONDAN";"VINICIUS BONDAN";"40";"PSB";"PARTIDO SOCIALISTA BRASILEIRO";"-3";"#NE";"2";"Deferido";"-1";"#NULO"
"21/09/2026";"12:34:43";"2026";"210002537540";"RS";"2026";"2";"Eleição Ordinária";"1";"6257";"Eleições Gerais Estaduais 2026";"2026-10-04 00:00:00";"E";"RS";"RS";"RIO GRANDE DO SUL";"7";"Deputado Estadual";"210002537540";"40050";"MARISA DA SILVA SANTOS";"MARISA SILVA";"40";"PSB";"PARTIDO SOCIALISTA BRASILEIRO";"-3";"#NE";"2";"Deferido";"-1";"#NULO"
"21/09/2026";"12:34:43";"2026";"210002534051";"RS";"2026";"2";"Eleição Ordinária";"1";"6257";"Eleições Gerais Estaduais 2026";"2026-10-04 00:00:00";"E";"RS";"RS";"RIO GRANDE DO SUL";"7";"Deputado Estadual";"210002534051";"13300";"ERICKA EYSHYLLA LEON RODRIGUES DE OLIVEIRA";"ERICKA OLIVEIRA";"13";"PT";"PARTIDO DOS TRABALHADORES";"-3";"#NE";"2";"Deferido";"-1";"#NULO"
"21/09/2026";"12:34:43";"2026";"210002534010";"RS";"2026";"2";"Eleição Ordinária";"1";"6257";"Eleições Gerais Estaduais 2026";"2026-10-04 00:00:00";"E";"RS";"RS";"RIO GRANDE DO SUL";"7";"Deputado Estadual";"210002534010";"13313";"DANIEL FERREIRA LIMA";"DANIEL FERREIRA";"13";"PT";"PARTIDO DOS TRABALHADORES";"-3";"#NE";"2";"Deferido";"-1";"#NULO"
"21/09/2026";"12:34:43";"2026";"210002534016";"RS";"2026";"2";"Eleição Ordinária";"1";"6257";"Eleições Gerais Estaduais 2026";"2026-10-04 00:00:00";"E";"RS";"RS";"RIO GRANDE DO SUL";"7";"Deputado Estadual";"210002534016";"65653";"NILVO RIBOLDI FILHO";"NILVO RIBOLDI";"65";"PCDOB";"PARTIDO COMUNISTA DO BRASIL";"-3";"#NE";"2";"Deferido";"-1";"#NULO"
"21/09/2026";"12:34:43";"2026";"210002534022";"RS";"2026";"2";"Eleição Ordinária";"1";"6257";"Eleições Gerais Estaduais 2026";"2026-10-04 00:00:00";"E";"RS";"RS";"RIO GRANDE DO SUL";"7";"Deputado Estadual";"210002534022";"43430";"EVERALDO DE OLIVEIRA";"EVERALDO DE OLIVEIRA";"43";"PV";"PARTIDO VERDE";"-3";"#NE";"2";"Deferido";"-1";"#NULO"
"21/09/2026";"12:34:43";"2026";"210002534024";"RS";"2026";"2";"Eleição Ordinária";"1";"6257";"Eleições Gerais Estaduais 2026";"2026-10-04 00:00:00";"E";"RS";"RS";"RIO GRANDE DO SUL";"7";"Deputado Estadual";"210002534024";"43999";"LUCIANE SOUZA D' AVILA";"LUCIANE D'AVILA";"43";"PV";"PARTIDO VERDE";"-3";"#NE";"2";"Deferido";"-1";"#NULO"
"21/09/2026";"12:34:43";"2026";"210002533390";"RS";"2026";"2";"Eleição Ordinária";"1";"6257";"Eleições Gerais Estaduais 2026";"2026-10-04 00:00:00";"E";"RS";"RS";"RIO GRANDE DO SUL";"7";"Deputado Estadual";"210002533390";"80000";"EVERALDO SANTOS DE OLIVEIRA JUNIOR";"EVERALDO OLIVEIRA";"80";"UP";"UNIDADE POPULAR";"-3";"#NE";"2";"Deferido";"-1";"#NULO"
"21/09/2026";"12:34:43";"2026";"210002533391";"RS";"2026";"2";"Eleição Ordinária";"1";"6257";"Eleições Gerais Estaduais 2026";"2026-10-04 00:00:00";"E";"RS";"RS";"RIO GRANDE DO SUL";"7";"Deputado Estadual";"210002533391";"80123";"SAMARA GARCIA DE ALMEIDA";"SAMARA GARCIA";"80";"UP";"UNIDADE POPULAR";"-3";"#NE";"2";"Deferido";"-1";"#NULO"
"21/09/2026";"12:34:43";"2026";"210002533939";"RS";"2026";"2";"Eleição Ordinária";"1";"6257";"Eleições Gerais Estaduais 2026";"2026-10-04 00:00:00";"E";"RS";"RS";"RIO GRANDE DO SUL";"7";"Deputado Estadual";"210002533939";"50007";"DJALMA DUTRA NETO";"DJALMA DUTRA";"50";"PSOL";"PARTIDO SOCIALISMO E LIBERDADE";"-3";"#NE";"2";"Deferido";"-1";"#NULO"
"21/09/2026";"12:34:43";"2026";"210002533926";"RS";"2026";"2";"Eleição Ordinária";"1";"6257";"Eleições Gerais Estaduais 2026";"2026-10-04 00:00:00";"E";"RS";"RS";"RIO GRANDE DO SUL";"7";"Deputado Estadual";"210002533926";"50200";"GABRIELLA CARVALHO DA ROSA";"GABI ROSA";"50";"PSOL";"PARTIDO SOCIALISMO E LIBERDADE";"-3";"#NE";"2";"Deferido";"-1";"#NULO"
"21/09/2026";"12:34:43";"2026";"210002533925";"RS";"2026";"2";"Eleição Ordinária";"1";"6257";"Eleições Gerais Estaduais 2026";"2026-10-04 00:00:00";"E";"RS";"RS";"RIO GRANDE DO SUL";"7";"Deputado Estadual";"210002533925";"50100";"MARJORIE MONIQUE SASSET";"MARJORIE SASSET";"50";"PSOL";"PARTIDO SOCIALISMO E LIBERDADE";"-3";"#NE";"2";"Deferido";"-1";"#NULO"
"21/09/2026";"12:34:43";"2026";"210002533944";"RS";"2026";"2";"Eleição Ordinária";"1";"6257";"Eleições Gerais Estaduais 2026";"2026-10-04 00:00:00";"E";"RS";"RS";"RIO GRANDE DO SUL";"7";"Deputado Estadual";"210002533944";"50222";"INACIO MATOS RODRIGUES";"INÁCIO RODRIGUES";"50";"PSOL";"PARTIDO SOCIALISMO E LIBERDADE";"-3";"#NE";"2";"Deferido";"-1";"#NULO"
"21/09/2026";"12:34:43";"2026";"210002533928";"RS";"2026";"2";"Eleição Ordinária";"1";"6257";"Eleições Gerais Estaduais 2026";"2026-10-04 00:00:00";"E";"RS";"RS";"RIO GRANDE DO SUL";"7";"Deputado Estadual";"210002533928";"50333";"JULIANA SELLE VINSKOSKI";"SORA JU";"50";"PSOL";"PARTIDO SOCIALISMO E LIBERDADE";"-3";"#NE";"2";"Deferido";"-1";"#NULO"
"21/09/2026";"12:34:43";"2026";"210002533929";"RS";"2026";"2";"Eleição Ordinária";"1";"6257";"Eleições Gerais Estaduais 2026";"2026-10-04 00:00:00";"E";"RS";"RS";"RIO GRANDE DO SUL";"7";"Deputado Estadual";"210002533929";"50500";"PEDRO HOMERO STEIN";"PEDRO STEIN";"50";"PSOL";"PARTIDO SOCIALISMO E LIBERDADE";"-3";"#NE";"2";"Deferido";"-1";"#NULO"
