"DT_GERACAO";"HH_GERACAO";"ANO_ELEICAO";"CD_ELEICAO";"DS_ELEICAO";"SG_UF";"CD_CARGO";"DS_CARGO";"SQ_CANDIDATO";"NR_CANDIDATO";"NM_CANDIDATO";"NM_URNA_CANDIDATO";"SG_PARTIDO";"NM_PARTIDO";"NR_PARTIDO";"NR_FEDERACAO";"NM_FEDERACAO";"SG_FEDERACAO";"DS_SITUACAO_CANDIDATURA";"DS_DETALHE_SITUACAO_CAND";"DS_SITUACAO_JULGAMENTO";"DS_SITUACAO_CASSACAO";"DS_SITUACAO_SUBSTITUICAO";"DS_OCUPACAO";"ST_REELEICAO";"NM_MUNICIPIO_NASCIMENTO";"SG_UF_NASCIMENTO"
"21/09/2026";"12:31:37";"2026";"6259";"Eleições Gerais Estaduais 2026";"RS";"7";"DEPUTADO ESTADUAL";"210002533062";"30330";"IGOR DAL BO";"DAL BÓ";"NOVO";"PARTIDO NOVO";"30";"-1";"#NULO";"#NULO";"#NE";"";"";"";"";"DIRETOR DE EMPRESAS";"";"";"RS"
"21/09/2026";"12:31:37";"2026";"6259";"Eleições Gerais Estaduais 2026";"RS";"7";"DEPUTADO ESTADUAL";"210002537531";"40444";"LADISLE CAMARGO TEIXEIRA";"LADISLÊ TEIXEIRA";"PSB";"PARTIDO SOCIALISTA BRASILEIRO";"40";"-1";"#NULO";"#NULO";"#NE";"";"";"";"";"INDUSTRIAL";"";"";"RS"
"21/09/2026";"12:31:37";"2026";"6259";"Eleições Gerais Estaduais 2026";"RS";"7";"DEPUTADO ESTADUAL";"210002537538";"40040";"PAULO DE TARSO GASPAR PINHEIRO MACHADO";"PAULO DE TARSO";"PSB";"PARTIDO SOCIALISTA BRASILEIRO";"40";"-1";"#NULO";"#NULO";"#NE";"";"";"";"";"ECONOMISTA";"";"";"RS"
"21/09/2026";"12:31:37";"2026";"6259";"Eleições Gerais Estaduais 2026";"RS";"7";"DEPUTADO ESTADUAL";"210002537533";"40004";"VINICIUS KLEIN BONDAN";"VINICIUS BONDAN";"PSB";"PARTIDO SOCIALISTA BRASILEIRO";"40";"-1";"#NULO";"#NULO";"#NE";"";"";"";"";"ADVOGADO";"";"";"RS"
"21/09/2026";"12:31:37";"2026";"6259";"Eleições Gerais Estaduais 2026";"RS";"7";"DEPUTADO ESTADUAL";"210002533067";"30011";"EBER LANGONI";"ÉBER LANGONI";"NOVO";"PARTIDO NOVO";"30";"-1";"#NULO";"#NULO";"#NE";"";"";"";"";"ADVOGADO";"";"";"RS"
"21/09/2026";"12:31:37";"2026";"6259";"Eleições Gerais Estaduais 2026";"RS";"7";"DEPUTADO ESTADUAL";"210002533037";"30700";"EFREU BRIGNOL QUINTANA";"EFREU QUINTANA";"NOVO";"PARTIDO NOVO";"30";"-1";"#NULO";"#NULO";"#NE";"";"";"";"";"ARQUITETO";"";"";"RS"
"21/09/2026";"12:31:37";"2026";"6259";"Eleições Gerais Estaduais 2026";"RS";"7";"DEPUTADO ESTADUAL";"210002533069";"30200";"IURI CABELEIRA GOMES";"IURI CABELEIRA";"NOVO";"PARTIDO NOVO";"30";"-1";"#NULO";"#NULO";"#NE";"";"";"";"";"BOMBEIRO MILITAR";"";"";"RS"
"21/09/2026";"12:31:37";"2026";"6259";"Eleições Gerais Estaduais 2026";"RS";"7";"DEPUTADO ESTADUAL";"210002533057";"30019";"CLAUDIA DE FREITAS PERUZZATO";"CLAUDIA LACERDA";"NOVO";"PARTIDO NOVO";"30";"-1";"#NULO";"#NULO";"#NE";"";"";"";"";"ADMINISTRADOR";"";"";"RS"
"21/09/2026";"12:31:37";"2026";"6259";"Eleições Gerais Estaduais 2026";"RS";"7";"DEPUTADO ESTADUAL";"210002533052";"30555";"LUIS PAULO KAYSER";"PRETO KAYSER";"NOVO";"PARTIDO NOVO";"30";"-1";"#NULO";"#NULO";"#NE";"";"";"";"";"ADMINISTRADOR";"";"";"RS"
"21/09/2026";"12:31:37";"2026";"6259";"Eleições Gerais Estaduais 2026";"RS";"7";"DEPUTADO ESTADUAL";"210002533054";"30999";"CRISTOL DE PAIVA GOUVÊA";"CRISTOL GOUVÊA";"NOVO";"PARTIDO NOVO";"30";"-1";"#NULO";"#NULO";"#NE";"";"";"";"";"FÍSICO";"";"";"RS"
"21/09/2026";"12:31:37";"2026";"6259";"Eleições Gerais Estaduais 2026";"RS";"7";"DEPUTADO ESTADUAL";"210002539792";"12555";"MARILUCE DOS SANTOS KURZ VIEIRA";"MARI KURZ";"PDT";"PARTIDO DEMOCRÁTICO TRABALHISTA";"12";"-1";"#NULO";"#NULO";"#NE";"";"";"";"";"PROFESSOR DE ENSINO SUPERIOR";"";"";"RS"
"21/09/2026";"12:31:37";"2026";"6259";"Eleições Gerais Estaduais 2026";"RS";"7";"DEPUTADO ESTADUAL";"210002539818";"12580";"REGINA MARIA BECKER";"REGINA BECKER FORTUNATI";"PDT";"PARTIDO DEMOCRÁTICO TRABALHISTA";"12";"-1";"#NULO";"#NULO";"#NE";"";"";"";"";"RELAÇÕES-PÚBLICAS";"";"";"RS"
"21/09/2026";"12:31:37";"2026";"6259";"Eleições Gerais Estaduais 2026";"RS";"7";"DEPUTADO ESTADUAL";"210002539800";"12220";"LUIS ROGERIO MARENCO FERRAN";"LUIZ MARENCO";"PDT";"PARTIDO DEMOCRÁTICO TRABALHISTA";"12";"-1";"#NULO";"#NULO";"#NE";"";"";"";"";"MÚSICO";"";"";"RS"
"21/09/2026";"12:31:37";"2026";"6259";"Eleições Gerais Estaduais 2026";"RS";"7";"DEPUTADO ESTADUAL";"210002539790";"12008";"RAQUEL FRANTZ MÖLLER ESTIVALETE";"RÀQUEL MÖLLER";"PDT";"PARTIDO DEMOCRÁTICO TRABALHISTA";"12";"-1";"#NULO";"#NULO";"#NE";"";"";"";"";"RELAÇÕES-PÚBLICAS";"";"";"RS"
"21/09/2026";"12:31:37";"2026";"6259";"Eleições Gerais Estaduais 2026";"RS";"7";"DEPUTADO ESTADUAL";"210002539815";"12999";"RONI DA SILVA";"GARÇOM RONI";"PDT";"PARTIDO DEMOCRÁTICO TRABALHISTA";"12";"-1";"#NULO";"#NULO";"#NE";"";"";"";"";"GARÇOM";"";"";"RS"
"21/09/2026";"12:31:37";"2026";"6259";"Eleições Gerais Estaduais 2026";"RS";"7";"DEPUTADO ESTADUAL";"210002534016";"65653";"NILVO RIBOLDI FILHO";"NILVO RIBOLDI";"PCDOB";"PARTIDO COMUNISTA DO BRASIL";"65";"101";"FEDERAÇÃO BRASIL DA ESPERANÇA - FE BRASIL";"13-PT/65-PC do B/43-PV";"#NE";"";"";"";"";"VENDEDOR DE COMÉRCIO VAREJISTA E ATACADISTA";"";"";"RS"
"21/09/2026";"12:31:37";"2026";"6259";"Eleições Gerais Estaduais 2026";"RS";"7";"DEPUTADO ESTADUAL";"210002534019";"13001";"GILBERTO JOSÉ SPIER VARGAS";"PEPE VARGAS";"PT";"PARTIDO DOS TRABALHADORES";"13";"101";"FEDERAÇÃO BRASIL DA ESPERANÇA - FE BRASIL";"13-PT/65-PC do B/43-PV";"#NE";"";"";"";"";"DEPUTADO";"";"";"RS"
"21/09/2026";"12:31:37";"2026";"6259";"Eleições Gerais Estaduais 2026";"RS";"7";"DEPUTADO ESTADUAL";"210002534043";"13007";"LEONEL GUTERRES RADDE";"LEONEL RADDE";"PT";"PARTIDO DOS TRABALHADORES";"13";"101";"FEDERAÇÃO BRASIL DA ESPERANÇA - FE BRASIL";"13-PT/65-PC do B/43-PV";"#NE";"";"";"";"";"DEPUTADO";"";"";"RS"
"21/09/2026";"12:31:37";"2026";"6259";"Eleições Gerais Estaduais 2026";"RS";"7";"DEPUTADO ESTADUAL";"210002534045";"13303";"HELENIR AGUIAR SCHÜRER";"PROFESSORA HELENIR";"PT";"PARTIDO DOS TRABALHADORES";"13";"101";"FEDERAÇÃO BRASIL DA ESPERANÇA - FE BRASIL";"13-PT/65-PC do B/43-PV";"#NE";"";"";"";"";"SERVIDOR PÚBLICO CIVIL APOSENTADO";"";"";"RS"
"21/09/2026";"12:31:37";"2026";"6259";"Eleições Gerais Estaduais 2026";"RS";"7";"DEPUTADO ESTADUAL";"210002534033";"13513";"MARIA EUNICE DIAS WOLF";"MARIA EUNICE";"PT";"PARTIDO DOS TRABALHADORES";"13";"101";"FEDERAÇÃO BRASIL DA ESPERANÇA - FE BRASIL";"13-PT/65-PC do B/43-PV";"#NE";"";"";"";"";"APOSENTADO (EXCETO SERVIDOR PÚBLICO)";"";"";"RS"
"21/09/2026";"12:31:37";"2026";"6259";"Eleições Gerais Estaduais 2026";"RS";"7";"DEPUTADO ESTADUAL";"210002539093";"10192";"CLAUDIA LUIZ DOS SANTOS";"CLAUDINHA SANTOS";"REPUBLICANOS";"REPUBLICANOS";"10";"-1";"#NULO";"#NULO";"#NE";"";"";"";"";"SERVIDOR PÚBLICO MUNICIPAL";"";"";"RS"
"21/09/2026";"12:31:37";"2026";"6259";"Eleições Gerais Estaduais 2026";"RS";"7";"DEPUTADO ESTADUAL";"210002539102";"10555";"PAULO CEZAR ZINN";"PAULINHO ZINN";"REPUBLICANOS";"REPUBLICANOS";"10";"-1";"#NULO";"#NULO";"#NE";"";"";"";"";"EMPRESÁRIO";"";"";"RS"
"21/09/2026";"12:31:37";"2026";"6259";"Eleições Gerais Estaduais 2026";"RS";"7";"DEPUTADO ESTADUAL";"210002539098";"10121";"ALESSANDRO NUNES DA COSTA";"PROFESSOR ALESSANDRO COSTA";"REPUBLICANOS";"REPUBLICANOS";"10";"-1";"#NULO";"#NULO";"#NE";"";"";"";"";"PROFESSOR DE ENSINO MÉDIO";"";"";"RS"
"21/09/2026";"12:31:37";"2026";"6259";"Eleições Gerais Estaduais 2026";"RS";"7";"DEPUTADO ESTADUAL";"210002539055";"10522";"ADRIANE GARCIA RODRIGUES";"ADRIANE RODRIGUES";"REPUBLICANOS";"REPUBLICANOS";"10";"-1";"#NULO";"#NULO";"#NE";"";"";"";"";"ADVOGADO";"";"";"RJ"
"21/09/2026";"12:31:37";"2026";"6259";"Eleições Gerais Estaduais 2026";"RS";"7";"DEPUTADO ESTADUAL";"210002539105";"10775";"FERNANDA BIDIGARAY";"FERNANDA BIDIGARAY";"REPUBLICANOS";"REPUBLICANOS";"10";"-1";"#NULO";"#NULO";"#NE";"";"";"";"";"OUTROS";"";"";"SP"
"21/09/2026";"12:31:37";"2026";"6259";"Eleições Gerais Estaduais 2026";"RS";"7";"DEPUTADO ESTADUAL";"210002539072";"10122";"MARTIM TODESCO ADREANI";"CAPITÃO MARTIM";"REPUBLICANOS";"REPUBLICANOS";"10";"-1";"#NULO";"#NULO";"#NE";"";"";"";"";"MEMBRO DAS FORÇAS ARMADAS";"";"";"RS"
"21/09/2026";"12:31:37";"2026";"6259";"Eleições Gerais Estaduais 2026";"RS";"7";"DEPUTADO ESTADUAL";"210002539075";"10888";"CARLA BEATRIZ LOPES BRUM";"CARLA BRUM";"REPUBLICANOS";"REPUBLICANOS";"10";"-1";"#NULO";"#NULO";"#NE";"";"";"";"";"ADVOGADO";"";"";"RS"
"21/09/2026";"12:31:37";"2026";"6259";"Eleições Gerais Estaduais 2026";"RS";"7";"DEPUTADO ESTADUAL";"210002539107";"10510";"MARIA DE FATIMA MARTINS FORTUNA";"DRA MARIA DE FÁTIMA";"REPUBLICANOS";"REPUBLICANOS";"10";"-1";"#NULO";"#NULO";"#NE";"";"";"";"";"MÉDICO";"";"";"BA"
"21/09/2026";"12:31:37";"2026";"6259";"Eleições Gerais Estaduais 2026";"RS";"7";"DEPUTADO ESTADUAL";"210002539088";"10190";"KLEUVIS ROGERIO PIERRE DORNELLES";"TENENTE PIERRE";"REPUBLICANOS";"REPUBLICANOS";"10";"-1";"#NULO";"#NULO";"#NE";"";"";"";"";"POLICIAL MILITAR";"";"";"RS"
"21/09/2026";"12:31:37";"2026";"6259";"Eleições Gerais Estaduais 2026";"RS";"7";"DEPUTADO ESTADUAL";"210002541968";"45100";"LILIAN EVELYN TAMA MELO FERREIRA";"ENFERMEIRA LILIAN RAMOS";"PSDB";"PARTIDO DA SOCIAL DEMOCRACIA BRASILEIRA";"45";"100";"FEDERAÇÃO PSDB CIDADANIA";"45-PSDB/23-CIDADANIA";"#NE";"";"";"";"";"ENFERMEIRO";"";"";"RS"
"21/09/2026";"12:31:37";"2026";"6259";"Eleições Gerais Estaduais 2026";"RS";"7";"DEPUTADO ESTADUAL";"210002541978";"45223";"EDENILSON ARAUJO SOUZA";"SAPO VOZ DO POVO";"PSDB";"PARTIDO DA SOCIAL DEMOCRACIA BRASILEIRA";"45";"100";"FEDERAÇÃO PSDB CIDADANIA";"45-PSDB/23-CIDADANIA";"#NE";"";"";"";"";"TRABALHADOR DE CONSTRUÇÃO CIVIL";"";"";"RS"
"21/09/2026";"12:31:37";"2026";"6259";"Eleições Gerais Estaduais 2026";"RS";"7";"DEPUTADO ESTADUAL";"210002541977";"45888";"MARCELO GARCIA APOITIA";"MARCELO APOITIA";"PSDB";"PARTIDO DA SOCIAL DEMOCRACIA BRASILEIRA";"45";"100";"FEDERAÇÃO PSDB CIDADANIA";"45-PSDB/23-CIDADANIA";"#NE";"";"";"";"";"ESTUDANTE, BOLSISTA, ESTAGIÁRIO E ASSEMELHADOS";"";"";"RS"
"21/09/2026";"12:31:37";"2026";"6259";"Eleições Gerais Estaduais 2026";"RS";"7";"DEPUTADO ESTADUAL";"210002541979";"45086";"KATIA ROSANE BITTENCOURT DOS SANTOS";"KÁTIA DO CAMELÓDROMO";"PSDB";"PARTIDO DA SOCIAL DEMOCRACIA BRASILEIRA";"45";"100";"FEDERAÇÃO PSDB CIDADANIA";"45-PSDB/23-CIDADANIA";"#NE";"";"";"";"";"COMERCIANTE";"";"";"RS"
"21/09/2026";"12:31:37";"2026";"6259";"Eleições Gerais Estaduais 2026";"RS";"7";"DEPUTADO ESTADUAL";"210002541947";"45333";"ALEX GUATIMOSIM DOS REIS";"ALEX GUATI";"PSDB";"PARTIDO DA SOCIAL DEMOCRACIA BRASILEIRA";"45";"100";"FEDERAÇÃO PSDB CIDADANIA";"45-PSDB/23-CIDADANIA";"#NE";"";"";"";"";"COMERCIANTE";"";"";"RS"
"21/09/2026";"12:31:37";"2026";"6259";"Eleições Gerais Estaduais 2026";"RS";"7";"DEPUTADO ESTADUAL";"210002541966";"45321";"MARISOL SANTOS SILVA";"MARISOL SANTOS";"PSDB";"PARTIDO DA SOCIAL DEMOCRACIA BRASILEIRA";"45";"100";"FEDERAÇÃO PSDB CIDADANIA";"45-PSDB/23-CIDADANIA";"#NE";"";"";"";"";"JORNALISTA E REDATOR";"";"";"RS"
"21/09/2026";"12:31:37";"2026";"6259";"Eleições Gerais Estaduais 2026";"RS";"7";"DEPUTADO ESTADUAL";"210002541950";"45045";"JOSIANE COUTINHO DA CUNHA";"JOSI CUNHA";"PSDB";"PARTIDO DA SOCIAL DEMOCRACIA BRASILEIRA";"45";"100";"FEDERAÇÃO PSDB CIDADANIA";"45-PSDB/23-CIDADANIA";"#NE";"";"";"";"";"AGRICULTOR";"";"";"RS"
"21/09/2026";"12:31:37";"2026";"6259";"Eleições Gerais Estaduais 2026";"RS";"7";"DEPUTADO ESTADUAL";"210002535695";"22300";"JONAS RODRIGUES SILVA";"JONAS RODRIGUES";"PL";"PARTIDO LIBERAL";"22";"-1";"#NULO";"#NULO";"#NE";"";"";"";"";"OUTROS";"";"";"RS"
"21/09/2026";"12:31:37";"2026";"6259";"Eleições Gerais Estaduais 2026";"RS";"7";"DEPUTADO ESTADUAL";"210002535706";"22214";"NEIVA TERESINHA MARQUES";"KELLY MORAES";"PL";"PARTIDO LIBERAL";"22";"-1";"#NULO";"#NULO";"#NE";"";"";"";"";"DEPUTADO";"";"";"RS"
"21/09/2026";"12:31:37";"2026";"6259";"Eleições Gerais Estaduais 2026";"RS";"7";"DEPUTADO ESTADUAL";"210002535665";"22114";"MARCELO DANTAS RITTA";"MARCELO BAGÉ";"PL";"PARTIDO LIBERAL";"22";"-1";"#NULO";"#NULO";"#NE";"";"";"";"";"SERVENTUÁRIO DE JUSTIÇA";"";"";"RS"
"21/09/2026";"12:31:37";"2026";"6259";"Eleições Gerais Estaduais 2026";"RS";"7";"DEPUTADO ESTADUAL";"210002535704";"22212";"EDERILDO PAPARICO BACCHI";"PAPARICO BACCHI";"PL";"PARTIDO LIBERAL";"22";"-1";"#NULO";"#NULO";"#NE";"";"";"";"";"PRODUTOR AGROPECUÁRIO";"";"";"RS"
"21/09/2026";"12:31:37";"2026";"6259";"Eleições Gerais Estaduais 2026";"RS";"7";"DEPUTADO ESTADUAL";"210002535710";"22222";"ADRIANE CERINI";"ADRI CHERINI";"PL";"PARTIDO LIBERAL";"22";"-1";"#NULO";"#NULO";"#NE";"";"";"";"";"RELAÇÕES-PÚBLICAS";"";"";"RS"
"21/09/2026";"12:31:37";"2026";"6259";"Eleições Gerais Estaduais 2026";"RS";"7";"DEPUTADO ESTADUAL";"210002543532";"22831";"MARCELO PERNONCINI FILHO";"MARCELO PERNONCINI FILHO";"PL";"PARTIDO LIBERAL";"22";"-1";"#NULO";"#NULO";"#NE";"";"";"";"";"MEMBRO DAS FORÇAS ARMADAS";"";"";"RS"
"21/09/2026";"12:31:37";"2026";"6259";"Eleições Gerais Estaduais 2026";"RS";"7";"DEPUTADO ESTADUAL";"210002535694";"22007";"PATRICIA ULGUIM CHAGAS";"PATRÍCIA CHAGAS";"PL";"PARTIDO LIBERAL";"22";"-1";"#NULO";"#NULO";"#NE";"";"";"";"";"FARMACÊUTICO";"";"";"RS"
"21/09/2026";"12:31:37";"2026";"6259";"Eleições Gerais Estaduais 2026";"RS";"7";"DEPUTADO ESTADUAL";"210002535674";"22001";"EVANDRO RODRIGO CORUJA CARDOSO";"POLICIAL EVANDRO CORUJA";"PL";"PARTIDO LIBERAL";"22";"-1";"#NULO";"#NULO";"#NE";"";"";"";"";"SERVIDOR PÚBLICO FEDERAL";"";"";"RS"
"21/09/2026";"12:31:37";"2026";"6259";"Eleições Gerais Estaduais 2026";"RS";"7";"DEPUTADO ESTADUAL";"210002535663";"22017";"SAIONARA GOLDONI";"SAIONARA MONDIALE";"PL";"PARTIDO LIBERAL";"22";"-1";"#NULO";"#NULO";"#NE";"";"";"";"";"COMERCIANTE";"";"";"RS"
"21/09/2026";"12:31:37";"2026";"6259";"Eleições Gerais Estaduais 2026";"RS";"7";"DEPUTADO ESTADUAL";"210002534344";"20200";"SILVIO ROBERTO STREIT";"GUGU STREIT";"PODE";"PODEMOS";"20";"-1";"#NULO";"#NULO";"#NE";"";"";"";"";"LOCUTOR E COMENTARISTA DE RÁDIO E TELEVISÃO E RADIALISTA";"";"";"RS"
"21/09/2026";"12:31:37";"2026";"6259";"Eleições Gerais Estaduais 2026";"RS";"7";"DEPUTADO ESTADUAL";"210002534322";"20022";"MATHEUS SPERRY PEREIRA";"MATHEUS SPERRY";"PODE";"PODEMOS";"20";"-1";"#NULO";"#NULO";"#NE";"";"";"";"";"ENGENHEIRO";"";"";"RS"
"21/09/2026";"12:31:37";"2026";"6259";"Eleições Gerais Estaduais 2026";"RS";"7";"DEPUTADO ESTADUAL";"210002534346";"20444";"ADRIANA FERNANDES DA SILVA";"ADRIANA DA SILVA";"PODE";"PODEMOS";"20";"-1";"#NULO";"#NULO";"#NE";"";"";"";"";"EMPRESÁRIO";"";"";"RS"
"21/09/2026";"12:31:37";"2026";"6259";"Eleições Gerais Estaduais 2026";"RS";"7";"DEPUTADO ESTADUAL";"210002534323";"20051";"ALEXSANDER DA CUNHA BARBOZA";"ALEX BARBOZA";"PODE";"PODEMOS";"20";"-1";"#NULO";"#NULO";"#NE";"";"";"";"";"EMPRESÁRIO";"";"";"RS"
"21/09/2026";"12:31:37";"2026";"6259";"Eleições Gerais Estaduais 2026";"RS";"7";"DEPUTADO ESTADUAL";"210002537904";"44661";"AMADEU DE ALMEIDA BOEIRA";"AMADEU BOEIRA";"UNIÃO";"UNIÃO BRASIL";"44";"104";"FEDERAÇÃO UNIÃO PROGRESSISTA";"44-UNIÃO/11-PP";"#NE";"";"";"";"";"PRODUTOR AGROPECUÁRIO";"";"";"RS"
"21/09/2026";"12:31:37";"2026";"6259";"Eleições Gerais Estaduais 2026";"RS";"7";"DEPUTADO ESTADUAL";"210002537885";"11011";"NICOLE GARSKE WEBER COVATTI";"NICOLE WEBER COVATTI";"PP";"PROGRESSISTAS";"11";"104";"FEDERAÇÃO UNIÃO PROGRESSISTA";"44-UNIÃO/11-PP";"#NE";"";"";"";"";"VEREADOR";"";"";"RS"
"21/09/2026";"12:31:37";"2026";"6259";"Eleições Gerais Estaduais 2026";"RS";"7";"DEPUTADO ESTADUAL";"210002537646";"11111";"SANDRO ROBERTO FRANCISCATTO";"SANDRO DO COVATTI";"PP";"PROGRESSISTAS";"11";"104";"FEDERAÇÃO UNIÃO PROGRESSISTA";"44-UNIÃO/11-PP";"#NE";"";"";"";"";"AUXILIAR DE ESCRITÓRIO E ASSEMELHADOS";"";"";"RS"
"21/09/2026";"12:31:37";"2026";"6259";"Eleições Gerais Estaduais 2026";"RS";"7";"DEPUTADO ESTADUAL";"210002537900";"11411";"ANA LUIZA TAVARES RUOSO";"ANINHA";"PP";"PROGRESSISTAS";"11";"104";"FEDERAÇÃO UNIÃO PROGRESSISTA";"44-UNIÃO/11-PP";"#NE";"";"";"";"";"PROFESSOR DE ENSINO SUPERIOR";"";"";"RS"
"21/09/2026";"12:31:37";"2026";"6259";"Eleições Gerais Estaduais 2026";"RS";"7";"DEPUTADO ESTADUAL";"210002537880";"11234";"VOLMIR RODRIGUES";"VOLMIR RODRIGUES GORDO";"PP";"PROGRESSISTAS";"11";"104";"FEDERAÇÃO UNIÃO PROGRESSISTA";"44-UNIÃO/11-PP";"#NE";"";"";"";"";"SERVIDOR PÚBLICO ESTADUAL";"";"";"RS"
"21/09/2026";"12:31:37";"2026";"6259";"Eleições Gerais Estaduais 2026";"RS";"7";"DEPUTADO ESTADUAL";"210002537645";"11522";"LUÍS FERNANDO CAVALHEIRO PIRES";"LUÍS FERNANDO PIRES";"PP";"PROGRESSISTAS";"11";"104";"FEDERAÇÃO UNIÃO PROGRESSISTA";"44-UNIÃO/11-PP";"#NE";"";"";"";"";"ADVOGADO";"";"";"RS"
"21/09/2026";"12:31:37";"2026";"6259";"Eleições Gerais Estaduais 2026";"RS";"7";"DEPUTADO ESTADUAL";"210002537892";"44000";"CHARLIS DOS SANTOS";"CHARLIS SANTOS";"UNIÃO";"UNIÃO BRASIL";"44";"104";"FEDERAÇÃO UNIÃO PROGRESSISTA";"44-UNIÃO/11-PP";"#NE";"";"";"";"";"REPRESENTANTE COMERCIAL";"";"";"RS"
"21/09/2026";"12:31:37";"2026";"6259";"Eleições Gerais Estaduais 2026";"RS";"7";"DEPUTADO ESTADUAL";"210002537889";"11311";"BEATRIZ POGGETTI PICCOLI";"BIA PICCOLI";"PP";"PROGRESSISTAS";"11";"104";"FEDERAÇÃO UNIÃO PROGRESSISTA";"44-UNIÃO/11-PP";"#NE";"";"";"";"";"ADVOGADO";"";"";"RS"
"21/09/2026";"12:31:37";"2026";"6259";"Eleições Gerais Estaduais 2026";"RS";"7";"DEPUTADO ESTADUAL";"210002537648";"11023";"MARCOS FELIPI HADDAD DE MENEZES GARCIA";"MARCOS FELIPI";"PP";"PROGRESSISTAS";"11";"104";"FEDERAÇÃO UNIÃO PROGRESSISTA";"44-UNIÃO/11-PP";"#NE";"";"";"";"";"VEREADOR";"";"";"RS"
"21/09/2026";"12:31:37";"2026";"6259";"Eleições Gerais Estaduais 2026";"RS";"7";"DEPUTADO ESTADUAL";"210002548196";"15444";"JOAO FRANCISCO COIMBRA PARENTI";"FIFO PARENTI";"MDB";"MOVIMENTO DEMOCRÁTICO BRASILEIRO";"15";"-1";"#NULO";"#NULO";"#NE";"";"";"";"";"ADVOGADO";"";"";"RS"
"21/09/2026";"12:31:37";"2026";"6259";"Eleições Gerais Estaduais 2026";"RS";"7";"DEPUTADO ESTADUAL";"210002548208";"15070";"ADROALDO ADOLFO ZACHOW";"ADRO CONTADOR";"MDB";"MOVIMENTO DEMOCRÁTICO BRASILEIRO";"15";"-1";"#NULO";"#NULO";"#NE";"";"";"";"";"CONTADOR";"";"";"RS"
"21/09/2026";"12:31:37";"2026";"6259";"Eleições Gerais Estaduais 2026";"RS";"7";"DEPUTADO ESTADUAL";"210002548191";"15222";"ARLINDO ANTONIO LOPES";"ARLINDO LOPES";"MDB";"MOVIMENTO DEMOCRÁTICO BRASILEIRO";"15";"-1";"#NULO";"#NULO";"#NE";"";"";"";"";"AGRICULTOR";"";"";"RS"
"21/09/2026";"12:31:37";"2026";"6259";"Eleições Gerais Estaduais 2026";"RS";"7";"DEPUTADO ESTADUAL";"210002548212";"15757";"DANIEL PETRO ALANO";"ALANO";"MDB";"MOVIMENTO DEMOCRÁTICO BRASILEIRO";"15";"-1";"#NULO";"#NULO";"#NE";"";"";"";"";"EMPRESÁRIO";"";"";"RS"
"21/09/2026";"12:31:37";"2026";"6259";"Eleições Gerais Estaduais 2026";"RS";"7";"DEPUTADO ESTADUAL";"210002548229";"15555";"ROBERTO SILVEIRA";"ROBERTO SILVEIRA";"MDB";"MOVIMENTO DEMOCRÁTICO BRASILEIRO";"15";"-1";"#NULO";"#NULO";"#NE";"";"";"";"";"PROFESSOR DE ENSINO MÉDIO";"";"";"RS"
"21/09/2026";"12:31:37";"2026";"6259";"Eleições Gerais Estaduais 2026";"RS";"7";"DEPUTADO ESTADUAL";"210002548199";"15050";"DANIELA FIORENTIN";"DANIELA FIORENTIN";"MDB";"MOVIMENTO DEMOCRÁTICO BRASILEIRO";"15";"-1";"#NULO";"#NULO";"#NE";"";"";"";"";"FOTÓGRAFO E ASSEMELHADOS";"";"";"RS"
"21/09/2026";"12:31:37";"2026";"6259";"Eleições Gerais Estaduais 2026";"RS";"7";"DEPUTADO ESTADUAL";"210002533937";"50005";"DANIELLE DOS SANTOS KROEFF";"PROFESSORA DANI KROEFF";"PSOL";"PARTIDO SOCIALISMO E LIBERDADE";"50";"102";"FEDERAÇÃO PSOL REDE";"50-PSOL/18-REDE";"#NE";"";"";"";"";"PROFESSOR DE ENSINO MÉDIO";"";"";"RS"
"21/09/2026";"12:31:37";"2026";"6259";"Eleições Gerais Estaduais 2026";"RS";"7";"DEPUTADO ESTADUAL";"210002540649";"55001";"MARCELO PITOL";"MARCELO PITOL";"PSD";"PARTIDO SOCIAL DEMOCRÁTICO";"55";"-1";"#NULO";"#NULO";"#NE";"";"";"";"";"VEREADOR";"";"";"RS"
"21/09/2026";"12:31:37";"2026";"6259";"Eleições Gerais Estaduais 2026";"RS";"7";"DEPUTADO ESTADUAL";"210002540638";"55789";"NEUZA MARTINS RUFATTO";"PROFESSORA NEUZA RUFATTO";"PSD";"PARTIDO SOCIAL DEMOCRÁTICO";"55";"-1";"#NULO";"#NULO";"#NE";"";"";"";"";"VEREADOR";"";"";"RS"
"21/09/2026";"12:31:37";"2026";"6259";"Eleições Gerais Estaduais 2026";"RS";"7";"DEPUTADO ESTADUAL";"210002540658";"55190";"GIORDANI KRUG CAMPOS RAMOS";"GIO KRUG";"PSD";"PARTIDO SOCIAL DEMOCRÁTICO";"55";"-1";"#NULO";"#NULO";"#NE";"";"";"";"";"POLICIAL MILITAR";"";"";"RS"
"21/09/2026";"12:31:37";"2026";"6259";"Eleições Gerais Estaduais 2026";"RS";"7";"DEPUTADO ESTADUAL";"210002540656";"55100";"MARCIO LUIS LISSEMERKI FERREIRA";"MARCIO FERREIRA";"PSD";"PARTIDO SOCIAL DEMOCRÁTICO";"55";"-1";"#NULO";"#NULO";"#NE";"";"";"";"";"REPRESENTANTE COMERCIAL";"";"";"RS"
"21/09/2026";"12:31:37";"2026";"6259";"Eleições Gerais Estaduais 2026";"RS";"7";"DEPUTADO ESTADUAL";"210002540657";"55678";"JORGE CLADISTONE POZZOBOM";"JORGE POZZOBOM";"PSD";"PARTIDO SOCIAL DEMOCRÁTICO";"55";"-1";"#NULO";"#NULO";"#NE";"";"";"";"";"ADVOGADO";"";"";"RS"
"21/09/2026";"12:31:37";"2026";"6259";"Eleições Gerais Estaduais 2026";"RS";"7";"DEPUTADO ESTADUAL";"210002540662";"55123";"NERI ANDRADE PEREIRA JUNIOR";"NERI O CARTEIRO";"PSD";"PARTIDO SOCIAL DEMOCRÁTICO";"55";"-1";"#NULO";"#NULO";"#NE";"";"";"";"";"VEREADOR";"";"";"SC"
"21/09/2026";"12:31:37";"2026";"6259";"Eleições Gerais Estaduais 2026";"RS";"7";"DEPUTADO ESTADUAL";"210002540647";"55055";"MATEUS JOSE DE LIMA WESP";"MATEUS WESP";"PSD";"PARTIDO SOCIAL DEMOCRÁTICO";"55";"-1";"#NULO";"#NULO";"#NE";"";"";"";"";"PROFESSOR DE ENSINO SUPERIOR";"";"";"RS"
"21/09/2026";"12:31:37";"2026";"6259";"Eleições Gerais Estaduais 2026";"RS";"7";"DEPUTADO ESTADUAL";"210002552766";"35077";"CRISTIAN DE SOUZA";"CRISTIAN CORAÇÃO HUMANO";"DEMOCRATA";"DEMOCRATA";"35";"-1";"#NULO";"#NULO";"#NE";"";"";"";"";"OUTROS";"";"";"RS"
"21/09/2026";"12:31:37";"2026";"6259";"Eleições Gerais Estaduais 2026";"RS";"7";"DEPUTADO ESTADUAL";"210002541958";"45055";"CARLOS ALEXANDRE BARBOSA";"XANDY BARBOSA";"PSDB";"PARTIDO DA SOCIAL DEMOCRACIA BRASILEIRA";"45";"100";"FEDERAÇÃO PSDB CIDADANIA";"45-PSDB/23-CIDADANIA";"#NE";"";"";"";"";"ADMINISTRADOR";"";"";"RS"
"21/09/2026";"12:31:37";"2026";"6259";"Eleições Gerais Estaduais 2026";"RS";"7";"DEPUTADO ESTADUAL";"210002537537";"40180";"BRUNA LIEGE DA SILVA RODRIGUES";"BRUNA RODRIGUES";"PSB";"PARTIDO SOCIALISTA BRASILEIRO";"40";"-1";"#NULO";"#NULO";"#NE";"";"";"";"";"ESTUDANTE, BOLSISTA, ESTAGIÁRIO E ASSEMELHADOS";"";"";"RS"
"21/09/2026";"12:31:37";"2026";"6259";"Eleições Gerais Estaduais 2026";"RS";"7";"DEPUTADO ESTADUAL";"210002537527";"40401";"JAQUELINE PEREIRA SILVEIRA CIBELLI DE CASTRO";"JAQUE SILVEIRA";"PSB";"PARTIDO SOCIALISTA BRASILEIRO";"40";"-1";"#NULO";"#NULO";"#NE";"";"";"";"";"EMPRESÁRIO";"";"";"RS"
"21/09/2026";"12:31:37";"2026";"6259";"Eleições Gerais Estaduais 2026";"RS";"7";"DEPUTADO ESTADUAL";"210002533046";"30321";"JUELCI DE SOUZA";"JUELCI DE SOUZA";"NOVO";"PARTIDO NOVO";"30";"-1";"#NULO";"#NULO";"#NE";"";"";"";"";"GERENTE";"";"";"RS"
"21/09/2026";"12:31:37";"2026";"6259";"Eleições Gerais Estaduais 2026";"RS";"7";"DEPUTADO ESTADUAL";"210002533068";"30007";"NOEMI LAUREANO FERNANDES";"NOEMI FERNANDES";"NOVO";"PARTIDO NOVO";"30";"-1";"#NULO";"#NULO";"#NE";"";"";"";"";"ARTISTA PLÁSTICO E ASSEMELHADOS";"";"";"RS"
"21/09/2026";"12:31:37";"2026";"6259";"Eleições Gerais Estaduais 2026";"RS";"7";"DEPUTADO ESTADUAL";"210002544838";"16000";"PATRICIA DE CASTRO PEIXE";"PATRÍCIA PEIXE";"PSTU";"PARTIDO SOCIALISTA  DOS TRABALHADORES UNIFICADO";"16";"-1";"#NULO";"#NULO";"#NE";"";"";"";"";"PROFESSOR DE ENSINO FUNDAMENTAL";"";"";"RS"
"21/09/2026";"12:31:37";"2026";"6259";"Eleições Gerais Estaduais 2026";"RS";"7";"DEPUTADO ESTADUAL";"210002544839";"16161";"ANDERSON DA SILVA RODRIGUES";"ANDERSON SILVA";"PSTU";"PARTIDO SOCIALISTA  DOS TRABALHADORES UNIFICADO";"16";"-1";"#NULO";"#NULO";"#NE";"";"";"";"";"ENGENHEIRO";"";"";"RS"
"21/09/2026";"12:31:37";"2026";"6259";"Eleições Gerais Estaduais 2026";"RS";"7";"DEPUTADO ESTADUAL";"210002533065";"30712";"CAMILA WILLEMBERG";"CAMILA WILLEMBERG";"NOVO";"PARTIDO NOVO";"30";"-1";"#NULO";"#NULO";"#NE";"";"";"";"";"EMPRESÁRIO";"";"";"RS"
"21/09/2026";"12:31:37";"2026";"6259";"Eleições Gerais Estaduais 2026";"RS";"7";"DEPUTADO ESTADUAL";"210002533073";"30030";"ANETTE SCHIEMANN PEGAS";"ANETTE SCHIEMANN";"NOVO";"PARTIDO NOVO";"30";"-1";"#NULO";"#NULO";"#NE";"";"";"";"";"EMPRESÁRIO";"";"";"SC"
"21/09/2026";"12:31:37";"2026";"6259";"Eleições Gerais Estaduais 2026";"RS";"7";"DEPUTADO ESTADUAL";"210002533048";"30333";"TIAGO CORREIA BITENCOURT";"TIAGO BITENCOURT";"NOVO";"PARTIDO NOVO";"30";"-1";"#NULO";"#NULO";"#NE";"";"";"";"";"EMPRESÁRIO";"";"";"RS"
"21/09/2026";"12:31:37";"2026";"6259";"Eleições Gerais Estaduais 2026";"RS";"7";"DEPUTADO ESTADUAL";"210002539787";"12613";"LEIDINARA FERREIRA MARQUES";"LEIDINARA MARQUES";"PDT";"PARTIDO DEMOCRÁTICO TRABALHISTA";"12";"-1";"#NULO";"#NULO";"#NE";"";"";"";"";"ASSISTENTE SOCIAL";"";"";"RS"
"21/09/2026";"12:31:37";"2026";"6259";"Eleições Gerais Estaduais 2026";"RS";"7";"DEPUTADO ESTADUAL";"210002539807";"12192";"LUIS FERNANDO PERES DOS SANTOS";"LUIS FERNANDO BRAITE";"PDT";"PARTIDO DEMOCRÁTICO TRABALHISTA";"12";"-1";"#NULO";"#NULO";"#NE";"";"";"";"";"VEREADOR";"";"";"RS"
"21/09/2026";"12:31:37";"2026";"6259";"Eleições Gerais Estaduais 2026";"RS";"7";"DEPUTADO ESTADUAL";"210002539808";"12120";"MATHEUS PORCIUNCULA MACHADO POMPEO DE MATTOS";"POMPEO FILHO";"PDT";"PARTIDO DEMOCRÁTICO TRABALHISTA";"12";"-1";"#NULO";"#NULO";"#NE";"";"";"";"";"ADVOGADO";"";"";"RS"
"21/09/2026";"12:31:37";"2026";"6259";"Eleições Gerais Estaduais 2026";"RS";"7";"DEPUTADO ESTADUAL";"210002539789";"12003";"POLIANA MARTINAZZO";"POLI MARTINAZZO";"PDT";"PARTIDO DEMOCRÁTICO TRABALHISTA";"12";"-1";"#NULO";"#NULO";"#NE";"";"";"";"";"PROFESSOR DE ENSINO FUNDAMENTAL";"";"";"RS"
"21/09/2026";"12:31:37";"2026";"6259";"Eleições Gerais Estaduais 2026";"RS";"7";"DEPUTADO ESTADUAL";"210002534034";"13800";"LÉLIO NUNES LOPES FILHO";"LELINHO LOPES";"PT";"PARTIDO DOS TRABALHADORES";"13";"101";"FEDERAÇÃO BRASIL DA ESPERANÇA - FE BRASIL";"13-PT/65-PC do B/43-PV";"#NE";"";"";"";"";"VEREADOR";"";"";"RS"
"21/09/2026";"12:31:37";"2026";"6259";"Eleições Gerais Estaduais 2026";"RS";"7";"DEPUTADO ESTADUAL";"210002534004";"65444";"ERICK DÊNIL MACHADO PIMENTEL";"ERICK DENIL";"PCDOB";"PARTIDO COMUNISTA DO BRASIL";"65";"101";"FEDERAÇÃO BRASIL DA ESPERANÇA - FE BRASIL";"13-PT/65-PC do B/43-PV";"#NE";"";"";"";"";"VEREADOR";"";"";"RS"
"21/09/2026";"12:31:37";"2026";"6259";"Eleições Gerais Estaduais 2026";"RS";"7";"DEPUTADO ESTADUAL";"210002534053";"13003";"MARCELO CORDEIRO";"MARCELO CORDEIRO";"PT";"PARTIDO DOS TRABALHADORES";"13";"101";"FEDERAÇÃO BRASIL DA ESPERANÇA - FE BRASIL";"13-PT/65-PC do B/43-PV";"#NE";"";"";"";"";"SERVIDOR PÚBLICO MUNICIPAL";"";"";"SC"
"21/09/2026";"12:31:37";"2026";"6259";"Eleições Gerais Estaduais 2026";"RS";"7";"DEPUTADO ESTADUAL";"210002534026";"13778";"DOUGLAS JUNIOR BUTZKE";"DOUGLAS BUTZKE";"PT";"PARTIDO DOS TRABALHADORES";"13";"101";"FEDERAÇÃO BRASIL DA ESPERANÇA - FE BRASIL";"13-PT/65-PC do B/43-PV";"#NE";"";"";"";"";"SERVIDOR PÚBLICO MUNICIPAL";"";"";"RS"
"21/09/2026";"12:31:37";"2026";"6259";"Eleições Gerais Estaduais 2026";"RS";"7";"DEPUTADO ESTADUAL";"210002534044";"13112";"DARIU FRANCISCO ALVES GARCIA";"DARIU GARCIA";"PT";"PARTIDO DOS TRABALHADORES";"13";"101";"FEDERAÇÃO BRASIL DA ESPERANÇA - FE BRASIL";"13-PT/65-PC do B/43-PV";"#NE";"";"";"";"";"OUTROS";"";"";"RS"
"21/09/2026";"12:31:37";"2026";"6259";"Eleições Gerais Estaduais 2026";"RS";"7";"DEPUTADO ESTADUAL";"210002534027";"43043";"CLAUDIA AZEVEDO DE OLIVEIRA";"CLÁUDIA AZEVEDO";"PV";"PARTIDO VERDE";"43";"101";"FEDERAÇÃO BRASIL DA ESPERANÇA - FE BRASIL";"13-PT/65-PC do B/43-PV";"#NE";"";"";"";"";"SERVIDOR PÚBLICO ESTADUAL";"";"";"RS"
"21/09/2026";"12:31:37";"2026";"6259";"Eleições Gerais Estaduais 2026";"RS";"7";"DEPUTADO ESTADUAL";"210002539053";"10444";"JOSE AIRTON RIBEIRO DE LIMA";"AIRTON LIMA";"REPUBLICANOS";"REPUBLICANOS";"10";"-1";"#NULO";"#NULO";"#NE";"";"";"";"";"LOCUTOR E COMENTARISTA DE RÁDIO E TELEVISÃO E RADIALISTA";"";"";"CE"
"21/09/2026";"12:31:37";"2026";"6259";"Eleições Gerais Estaduais 2026";"RS";"7";"DEPUTADO ESTADUAL";"210002539092";"10300";"SERGIO PERES ALOS";"SERGIO PERES";"REPUBLICANOS";"REPUBLICANOS";"10";"-1";"#NULO";"#NULO";"#NE";"";"";"";"";"DEPUTADO";"";"";"RS"
"21/09/2026";"12:31:37";"2026";"6259";"Eleições Gerais Estaduais 2026";"RS";"7";"DEPUTADO ESTADUAL";"210002539089";"10220";"LEANDRO RAZERA DE VARGAS";"LEANDRO VARGAS";"REPUBLICANOS";"REPUBLICANOS";"10";"-1";"#NULO";"#NULO";"#NE";"";"";"";"";"ELETRICISTA E ASSEMELHADOS";"";"";"RS"
"21/09/2026";"12:31:37";"2026";"6259";"Eleições Gerais Estaduais 2026";"RS";"7";"DEPUTADO ESTADUAL";"210002539090";"10007";"ÉDERSON MOISÉS OLIVEIRA DO AMARAL";"MOISÉS DE OLIVEIRA";"REPUBLICANOS";"REPUBLICANOS";"10";"-1";"#NULO";"#NULO";"#NE";"";"";"";"";"OUTROS";"";"";"RS"
"21/09/2026";"12:31:37";"2026";"6259";"Eleições Gerais Estaduais 2026";"RS";"7";"DEPUTADO ESTADUAL";"210002539057";"10222";"RODRIGO LORENZINI ZUCCO";"DELEGADO ZUCCO";"REPUBLICANOS";"REPUBLICANOS";"10";"-1";"#NULO";"#NULO";"#NE";"";"";"";"";"POLICIAL CIVIL";"";"";"RS"
"21/09/2026";"12:31:37";"2026";"6259";"Eleições Gerais Estaduais 2026";"RS";"7";"DEPUTADO ESTADUAL";"210002539106";"10456";"CHOU TSING YI";"DR CHOU YI";"REPUBLICANOS";"REPUBLICANOS";"10";"-1";"#NULO";"#NULO";"#NE";"";"";"";"";"MÉDICO";"";"";"ZZ"
"21/09/2026";"12:31:37";"2026";"6259";"Eleições Gerais Estaduais 2026";"RS";"7";"DEPUTADO ESTADUAL";"210002539087";"10333";"RODRIGO RABUSKE";"RODRIGO RABUSKE";"REPUBLICANOS";"REPUBLICANOS";"10";"-1";"#NULO";"#NULO";"#NE";"";"";"";"";"CONTADOR";"";"";"RS"
"21/09/2026";"12:31:37";"2026";"6259";"Eleições Gerais Estaduais 2026";"RS";"7";"DEPUTADO ESTADUAL";"210002541975";"45000";"MARISA ELOIDES SCHWARZER";"MARISA PROTETORA DE ANIMAIS";"PSDB";"PARTIDO DA SOCIAL DEMOCRACIA BRASILEIRA";"45";"100";"FEDERAÇÃO PSDB CIDADANIA";"45-PSDB/23-CIDADANIA";"#NE";"";"";"";"";"ADVOGADO";"";"";"RS"
"21/09/2026";"12:31:37";"2026";"6259";"Eleições Gerais Estaduais 2026";"RS";"7";"DEPUTADO ESTADUAL";"210002541956";"45999";"KELLEN DA COSTA CASTILHO IUNG";"KELLEN IUNG";"PSDB";"PARTIDO DA SOCIAL DEMOCRACIA BRASILEIRA";"45";"100";"FEDERAÇÃO PSDB CIDADANIA";"45-PSDB/23-CIDADANIA";"#NE";"";"";"";"";"ADVOGADO";"";"";"RS"
"21/09/2026";"12:31:37";"2026";"6259";"Eleições Gerais Estaduais 2026";"RS";"7";"DEPUTADO ESTADUAL";"210002541954";"45645";"JAQUELINE MARIA D AVILA DE SOUZA";"JAQUE D´AVILA";"PSDB";"PARTIDO DA SOCIAL DEMOCRACIA BRASILEIRA";"45";"100";"FEDERAÇÃO PSDB CIDADANIA";"45-PSDB/23-CIDADANIA";"#NE";"";"";"";"";"TÉCNICO DE LABORATÓRIO E RAIOS X";"";"";"RS"
"21/09/2026";"12:31:37";"2026";"6259";"Eleições Gerais Estaduais 2026";"RS";"7";"DEPUTADO ESTADUAL";"210002551738";"45005";"PAULO ROBERTO DA ROSA";"PAULO ROSA";"PSDB";"PARTIDO DA SOCIAL DEMOCRACIA BRASILEIRA";"45";"100";"FEDERAÇÃO PSDB CIDADANIA";"45-PSDB/23-CIDADANIA";"#NE";"";"";"";"";"EMPRESÁRIO";"";"";"RS"
"21/09/2026";"12:31:37";"2026";"6259";"Eleições Gerais Estaduais 2026";"RS";"7";"DEPUTADO ESTADUAL";"210002541961";"45097";"LUCAS DIAS DE OLIVEIRA";"LUCAS DIAS";"PSDB";"PARTIDO DA SOCIAL DEMOCRACIA BRASILEIRA";"45";"100";"FEDERAÇÃO PSDB CIDADANIA";"45-PSDB/23-CIDADANIA";"#NE";"";"";"";"";"EMPRESÁRIO";"";"";"RS"
"21/09/2026";"12:31:37";"2026";"6259";"Eleições Gerais Estaduais 2026";"RS";"7";"DEPUTADO ESTADUAL";"210002535668";"22200";"ELIEL ANTÔNIO ALVES DA SILVA";"ELIEL ALVES";"PL";"PARTIDO LIBERAL";"22";"-1";"#NULO";"#NULO";"#NE";"";"";"";"";"ENCANADOR, SOLDADOR, CHAPEADOR E CALDEIREIRO";"";"";"RS"
"21/09/2026";"12:31:37";"2026";"6259";"Eleições Gerais Estaduais 2026";"RS";"7";"DEPUTADO ESTADUAL";"210002535664";"22789";"ADRIANA VIEIRA LARA";"ADRIANA LARA";"PL";"PARTIDO LIBERAL";"22";"-1";"#NULO";"#NULO";"#NE";"";"";"";"";"DEPUTADO";"";"";"RS"
"21/09/2026";"12:31:37";"2026";"6259";"Eleições Gerais Estaduais 2026";"RS";"7";"DEPUTADO ESTADUAL";"210002535671";"22777";"CLAUDIO MAXIMILIANO BRANCHIERI";"PROFESSOR CLÁUDIO BRANCHIERI";"PL";"PARTIDO LIBERAL";"22";"-1";"#NULO";"#NULO";"#NE";"";"";"";"";"ECONOMISTA";"";"";"RS"
"21/09/2026";"12:31:37";"2026";"6259";"Eleições Gerais Estaduais 2026";"RS";"7";"DEPUTADO ESTADUAL";"210002535669";"22100";"MAURICIO FERNANDO SCALCO";"SCALCO";"PL";"PARTIDO LIBERAL";"22";"-1";"#NULO";"#NULO";"#NE";"";"";"";"";"EMPRESÁRIO";"";"";"RS"
"21/09/2026";"12:31:37";"2026";"6259";"Eleições Gerais Estaduais 2026";"RS";"7";"DEPUTADO ESTADUAL";"210002535690";"22220";"JOSE RICARDO RIBEIRO MILANEZ";"ZÉ MILANEZ";"PL";"PARTIDO LIBERAL";"22";"-1";"#NULO";"#NULO";"#NE";"";"";"";"";"PROFESSOR E INSTRUTOR DE FORMAÇÃO PROFISSIONAL";"";"";"RS"
"21/09/2026";"12:31:37";"2026";"6259";"Eleições Gerais Estaduais 2026";"RS";"7";"DEPUTADO ESTADUAL";"210002535699";"22193";"FELIPE COELHO PINTO";"FELIPE TORRES";"PL";"PARTIDO LIBERAL";"22";"-1";"#NULO";"#NULO";"#NE";"";"";"";"";"LOCUTOR E COMENTARISTA DE RÁDIO E TELEVISÃO E RADIALISTA";"";"";"RS"
"21/09/2026";"12:31:37";"2026";"6259";"Eleições Gerais Estaduais 2026";"RS";"7";"DEPUTADO ESTADUAL";"210002535712";"22123";"FERNANDO CECHINATO MACIEL";"PROFESSOR FERNANDO CECHINATO";"PL";"PARTIDO LIBERAL";"22";"-1";"#NULO";"#NULO";"#NE";"";"";"";"";"OUTROS";"";"";"RS"
"21/09/2026";"12:31:37";"2026";"6259";"Eleições Gerais Estaduais 2026";"RS";"7";"DEPUTADO ESTADUAL";"210002535686";"22022";"FILIPE ANTUNES GIL";"FILIPE GIL";"PL";"PARTIDO LIBERAL";"22";"-1";"#NULO";"#NULO";"#NE";"";"";"";"";"EMPRESÁRIO";"";"";"RS"
"21/09/2026";"12:31:37";"2026";"6259";"Eleições Gerais Estaduais 2026";"RS";"7";"DEPUTADO ESTADUAL";"210002535692";"22232";"DEIVID VELLEDA PANDA";"YOYO PANDA";"PL";"PARTIDO LIBERAL";"22";"-1";"#NULO";"#NULO";"#NE";"";"";"";"";"EMPRESÁRIO";"";"";"RS"
"21/09/2026";"12:31:37";"2026";"6259";"Eleições Gerais Estaduais 2026";"RS";"7";"DEPUTADO ESTADUAL";"210002534330";"20922";"DANIELA MACHADO DOS SANTOS";"PROF DANI";"PODE";"PODEMOS";"20";"-1";"#NULO";"#NULO";"#NE";"";"";"";"";"OUTROS";"";"";"RS"
"21/09/2026";"12:31:37";"2026";"6259";"Eleições Gerais Estaduais 2026";"RS";"7";"DEPUTADO ESTADUAL";"210002534304";"20345";"IVANETE RODRIGUES DA ROCHA";"MISSIONÁRIA IVANETE";"PODE";"PODEMOS";"20";"-1";"#NULO";"#NULO";"#NE";"";"";"";"";"APOSENTADO (EXCETO SERVIDOR PÚBLICO)";"";"";"RS"
"21/09/2026";"12:31:37";"2026";"6259";"Eleições Gerais Estaduais 2026";"RS";"7";"DEPUTADO ESTADUAL";"210002534317";"20168";"FERNANDA AMANDA BOHN";"FERNANDA BOHN";"PODE";"PODEMOS";"20";"-1";"#NULO";"#NULO";"#NE";"";"";"";"";"OUTROS";"";"";"RS"
"21/09/2026";"12:31:37";"2026";"6259";"Eleições Gerais Estaduais 2026";"RS";"7";"DEPUTADO ESTADUAL";"210002534336";"20400";"GABRIEL DIAS DA SILVA";"GABRIEL DIAS";"PODE";"PODEMOS";"20";"-1";"#NULO";"#NULO";"#NE";"";"";"";"";"ADVOGADO";"";"";"RS"
"21/09/2026";"12:31:37";"2026";"6259";"Eleições Gerais Estaduais 2026";"RS";"7";"DEPUTADO ESTADUAL";"210002534337";"20089";"ULBERTO NAVARRO PEREIRA";"GARRÃO";"PODE";"PODEMOS";"20";"-1";"#NULO";"#NULO";"#NE";"";"";"";"";"ADVOGADO";"";"";"RS"
"21/09/2026";"12:31:37";"2026";"6259";"Eleições Gerais Estaduais 2026";"RS";"7";"DEPUTADO ESTADUAL";"210002534318";"20114";"UILSON MOREIRA DROPPA";"UILSON DROPPA";"PODE";"PODEMOS";"20";"-1";"#NULO";"#NULO";"#NE";"";"";"";"";"VEREADOR";"";"";"RS"
"21/09/2026";"12:31:37";"2026";"6259";"Eleições Gerais Estaduais 2026";"RS";"7";"DEPUTADO ESTADUAL";"210002534331";"20001";"DEIVID SALOMÉ MARTINS GOULART";"DR.DEIVID SALOME GOULART FILHO";"PODE";"PODEMOS";"20";"-1";"#NULO";"#NULO";"#NE";"";"";"";"";"ADVOGADO";"";"";"RS"
"21/09/2026";"12:31:37";"2026";"6259";"Eleições Gerais Estaduais 2026";"RS";"7";"DEPUTADO ESTADUAL";"210002537884";"44123";"LUCIANE RENATA AGAZZI";"LUCIANE AGAZZI";"UNIÃO";"UNIÃO BRASIL";"44";"104";"FEDERAÇÃO UNIÃO PROGRESSISTA";"44-UNIÃO/11-PP";"#NE";"";"";"";"";"AGRÔNOMO";"";"";"RS"
"21/09/2026";"12:31:37";"2026";"6259";"Eleições Gerais Estaduais 2026";"RS";"7";"DEPUTADO ESTADUAL";"210002537644";"11000";"JOEL LEANDRO WILHELM";"JOEL WILHELM";"PP";"PROGRESSISTAS";"11";"104";"FEDERAÇÃO UNIÃO PROGRESSISTA";"44-UNIÃO/11-PP";"#NE";"";"";"";"";"REPRESENTANTE COMERCIAL";"";"";"RS"
"21/09/2026";"12:31:37";"2026";"6259";"Eleições Gerais Estaduais 2026";"RS";"7";"DEPUTADO ESTADUAL";"210002537886";"44444";"DIRCEU FRANCISCON";"DIRCEU FRANCISCON";"UNIÃO";"UNIÃO BRASIL";"44";"104";"FEDERAÇÃO UNIÃO PROGRESSISTA";"44-UNIÃO/11-PP";"#NE";"";"";"";"";"DEPUTADO";"";"";"RS"
"21/09/2026";"12:31:37";"2026";"6259";"Eleições Gerais Estaduais 2026";"RS";"7";"DEPUTADO ESTADUAL";"210002537650";"11555";"JULIANO FRANCZAK";"GAÚCHO DA GERAL";"PP";"PROGRESSISTAS";"11";"104";"FEDERAÇÃO UNIÃO PROGRESSISTA";"44-UNIÃO/11-PP";"#NE";"";"";"";"";"DEPUTADO";"";"";"RS"
"21/09/2026";"12:31:37";"2026";"6259";"Eleições Gerais Estaduais 2026";"RS";"7";"DEPUTADO ESTADUAL";"210002537882";"11625";"CLAUDIO ROBERTO ROSA QUEVEDO";"CLAUDIO QUEVEDO";"PP";"PROGRESSISTAS";"11";"104";"FEDERAÇÃO UNIÃO PROGRESSISTA";"44-UNIÃO/11-PP";"#NE";"";"";"";"";"PECUARISTA";"";"";"RS"
"21/09/2026";"12:31:37";"2026";"6259";"Eleições Gerais Estaduais 2026";"RS";"7";"DEPUTADO ESTADUAL";"210002548205";"15456";"ALEXSANDRO SANTOS ARGENTA";"LECO";"MDB";"MOVIMENTO DEMOCRÁTICO BRASILEIRO";"15";"-1";"#NULO";"#NULO";"#NE";"";"";"";"";"VEREADOR";"";"";"RS"
"21/09/2026";"12:31:37";"2026";"6259";"Eleições Gerais Estaduais 2026";"RS";"7";"DEPUTADO ESTADUAL";"210002548218";"15053";"SANDRO FIGUEIREDO DE OLIVEIRA";"SANDRO BOKA";"MDB";"MOVIMENTO DEMOCRÁTICO BRASILEIRO";"15";"-1";"#NULO";"#NULO";"#NE";"";"";"";"";"ENGENHEIRO";"";"";"RS"
"21/09/2026";"12:31:37";"2026";"6259";"Eleições Gerais Estaduais 2026";"RS";"7";"DEPUTADO ESTADUAL";"210002548187";"15666";"ALESSANDRO GIOVELLI FERRONY";"FERRONY";"MDB";"MOVIMENTO DEMOCRÁTICO BRASILEIRO";"15";"-1";"#NULO";"#NULO";"#NE";"";"";"";"";"JORNALISTA E REDATOR";"";"";"RS"
"21/09/2026";"12:31:37";"2026";"6259";"Eleições Gerais Estaduais 2026";"RS";"7";"DEPUTADO ESTADUAL";"210002548215";"15215";"SONIA REJANE FAGUNDES";"SÔNIA DO POSTO";"MDB";"MOVIMENTO DEMOCRÁTICO BRASILEIRO";"15";"-1";"#NULO";"#NULO";"#NE";"";"";"";"";"SERVIDOR PÚBLICO MUNICIPAL";"";"";"RS"
"21/09/2026";"12:31:37";"2026";"6259";"Eleições Gerais Estaduais 2026";"RS";"7";"DEPUTADO ESTADUAL";"210002548217";"15111";"JOSE EDUARDO CONRADO BUCHABQUI";"JOSÉ E. BUCHABQUI";"MDB";"MOVIMENTO DEMOCRÁTICO BRASILEIRO";"15";"-1";"#NULO";"#NULO";"#NE";"";"";"";"";"CORRETOR DE IMÓVEIS, SEGUROS, TÍTULOS E VALORES";"";"";"RS"
"21/09/2026";"12:31:37";"2026";"6259";"Eleições Gerais Estaduais 2026";"RS";"7";"DEPUTADO ESTADUAL";"210002548230";"15888";"VITORINO BASEGGIO";"PROFESSOR VITORINO";"MDB";"MOVIMENTO DEMOCRÁTICO BRASILEIRO";"15";"-1";"#NULO";"#NULO";"#NE";"";"";"";"";"VEREADOR";"";"";"SC"
"21/09/2026";"12:31:37";"2026";"6259";"Eleições Gerais Estaduais 2026";"RS";"7";"DEPUTADO ESTADUAL";"210002548204";"15013";"LEOMAR MANOEL FERREIRA";"MANINHO";"MDB";"MOVIMENTO DEMOCRÁTICO BRASILEIRO";"15";"-1";"#NULO";"#NULO";"#NE";"";"";"";"";"VEREADOR";"";"";"RS"
"21/09/2026";"12:31:37";"2026";"6259";"Eleições Gerais Estaduais 2026";"RS";"7";"DEPUTADO ESTADUAL";"210002533946";"50550";"ADRIANO TADEU HARTMANN RICOLDI";"ADRIANO RICOLDI";"PSOL";"PARTIDO SOCIALISMO E LIBERDADE";"50";"102";"FEDERAÇÃO PSOL REDE";"50-PSOL/18-REDE";"#NE";"";"";"";"";"PADEIRO, CONFEITEIRO E ASSEMELHADOS";"";"";"SP"
"21/09/2026";"12:31:37";"2026";"6259";"Eleições Gerais Estaduais 2026";"RS";"7";"DEPUTADO ESTADUAL";"210002533934";"50123";"MATHEUS PEREIRA GOMES";"MATHEUS GOMES";"PSOL";"PARTIDO SOCIALISMO E LIBERDADE";"50";"102";"FEDERAÇÃO PSOL REDE";"50-PSOL/18-REDE";"#NE";"";"";"";"";"DEPUTADO";"";"";"RS"
"21/09/2026";"12:31:37";"2026";"6259";"Eleições Gerais Estaduais 2026";"RS";"7";"DEPUTADO ESTADUAL";"210002533938";"50950";"GUILHERME GIL DA SILVA";"GUILHERME GIL";"PSOL";"PARTIDO SOCIALISMO E LIBERDADE";"50";"102";"FEDERAÇÃO PSOL REDE";"50-PSOL/18-REDE";"#NE";"";"";"";"";"PROFESSOR DE ENSINO MÉDIO";"";"";"RS"
"21/09/2026";"12:31:37";"2026";"6259";"Eleições Gerais Estaduais 2026";"RS";"7";"DEPUTADO ESTADUAL";"210002533929";"50500";"PEDRO HOMERO STEIN";"PEDRO STEIN";"PSOL";"PARTIDO SOCIALISMO E LIBERDADE";"50";"102";"FEDERAÇÃO PSOL REDE";"50-PSOL/18-REDE";"#NE";"";"";"";"";"AGRICULTOR";"";"";"RS"
"21/09/2026";"12:31:37";"2026";"6259";"Eleições Gerais Estaduais 2026";"RS";"7";"DEPUTADO ESTADUAL";"210002540651";"55053";"PAULA SCHILD MASCARENHAS";"PAULA MASCARENHAS";"PSD";"PARTIDO SOCIAL DEMOCRÁTICO";"55";"-1";"#NULO";"#NULO";"#NE";"";"";"";"";"SERVIDOR PÚBLICO FEDERAL";"";"";"RS"
"21/09/2026";"12:31:37";"2026";"6259";"Eleições Gerais Estaduais 2026";"RS";"7";"DEPUTADO ESTADUAL";"210002540636";"55888";"VALDIR BONATTO";"PROFESSOR BONATTO";"PSD";"PARTIDO SOCIAL DEMOCRÁTICO";"55";"-1";"#NULO";"#NULO";"#NE";"";"";"";"";"PROFESSOR DE ENSINO SUPERIOR";"";"";"SC"
"21/09/2026";"12:31:37";"2026";"6259";"Eleições Gerais Estaduais 2026";"RS";"7";"DEPUTADO ESTADUAL";"210002535681";"22051";"GRAZIELE DE CAMARGO";"GRAZI DO AGRO";"PL";"PARTIDO LIBERAL";"22";"-1";"#NULO";"#NULO";"#NE";"";"";"";"";"PRODUTOR AGROPECUÁRIO";"";"";"RS"
"21/09/2026";"12:31:37";"2026";"6259";"Eleições Gerais Estaduais 2026";"RS";"7";"DEPUTADO ESTADUAL";"210002537543";"40222";"JESLEI SALINES DE SOUZA";"JÉSLEI SALLINES";"PSB";"PARTIDO SOCIALISTA BRASILEIRO";"40";"-1";"#NULO";"#NULO";"#NE";"";"";"";"";"VEREADOR";"";"";"RS"
"21/09/2026";"12:31:37";"2026";"6259";"Eleições Gerais Estaduais 2026";"RS";"7";"DEPUTADO ESTADUAL";"210002537529";"40369";"GERALDO BATISTA DA SILVEIRA";"GERALDO SILVEIRA";"PSB";"PARTIDO SOCIALISTA BRASILEIRO";"40";"-1";"#NULO";"#NULO";"#NE";"";"";"";"";"APOSENTADO (EXCETO SERVIDOR PÚBLICO)";"";"";"RS"
"21/09/2026";"12:31:37";"2026";"6259";"Eleições Gerais Estaduais 2026";"RS";"7";"DEPUTADO ESTADUAL";"210002533047";"30888";"SAMUEL MACIEL DA SILVA";"SAMUEL MACIEL";"NOVO";"PARTIDO NOVO";"30";"-1";"#NULO";"#NULO";"#NE";"";"";"";"";"VENDEDOR DE COMÉRCIO VAREJISTA E ATACADISTA";"";"";"RS"
"21/09/2026";"12:31:37";"2026";"6259";"Eleições Gerais Estaduais 2026";"RS";"7";"DEPUTADO ESTADUAL";"210002533070";"30900";"LUCIANO DRUM DE ALMEIDA";"LUCIANO DRUM";"NOVO";"PARTIDO NOVO";"30";"-1";"#NULO";"#NULO";"#NE";"";"";"";"";"ADMINISTRADOR";"";"";"RS"
"21/09/2026";"12:31:37";"2026";"6259";"Eleições Gerais Estaduais 2026";"RS";"7";"DEPUTADO ESTADUAL";"210002533051";"30111";"ÉMERSON DAPPER CARDOSO";"ÉMERSON CARDOSO";"NOVO";"PARTIDO NOVO";"30";"-1";"#NULO";"#NULO";"#NE";"";"";"";"";"TÉCNICO DE ELETRICIDADE, ELETRÔNICA E TELECOMUNICAÇÕES";"";"";"RS"
"21/09/2026";"12:31:37";"2026";"6259";"Eleições Gerais Estaduais 2026";"RS";"7";"DEPUTADO ESTADUAL";"210002533042";"30300";"RODRIGO D AVILA LOPES";"RODRIGO D AVILA";"NOVO";"PARTIDO NOVO";"30";"-1";"#NULO";"#NULO";"#NE";"";"";"";"";"ADVOGADO";"";"";"RS"
"21/09/2026";"12:31:37";"2026";"6259";"Eleições Gerais Estaduais 2026";"RS";"7";"DEPUTADO ESTADUAL";"210002533074";"30337";"ADRIANA NASCIMENTO DE MORAES";"ADRI MORAES";"NOVO";"PARTIDO NOVO";"30";"-1";"#NULO";"#NULO";"#NE";"";"";"";"";"OUTROS";"";"";"SP"
"21/09/2026";"12:31:37";"2026";"6259";"Eleições Gerais Estaduais 2026";"RS";"7";"DEPUTADO ESTADUAL";"210002533043";"30054";"DANIELA SILVA DE AVILA";"DANI SILVA";"NOVO";"PARTIDO NOVO";"30";"-1";"#NULO";"#NULO";"#NE";"";"";"";"";"ADVOGADO";"";"";"RS"
"21/09/2026";"12:31:37";"2026";"6259";"Eleições Gerais Estaduais 2026";"RS";"7";"DEPUTADO ESTADUAL";"210002539781";"12888";"ALVARO LUIZ PIMENTA MEIRA";"DR. ALVARO MEIRA";"PDT";"PARTIDO DEMOCRÁTICO TRABALHISTA";"12";"-1";"#NULO";"#NULO";"#NE";"";"";"";"";"ADVOGADO";"";"";"RS"
"21/09/2026";"12:31:37";"2026";"6259";"Eleições Gerais Estaduais 2026";"RS";"7";"DEPUTADO ESTADUAL";"210002539803";"12333";"GILMAR SOSSELLA";"GILMAR SOSSELLA";"PDT";"PARTIDO DEMOCRÁTICO TRABALHISTA";"12";"-1";"#NULO";"#NULO";"#NE";"";"";"";"";"DEPUTADO";"";"";"RS"
"21/09/2026";"12:31:37";"2026";"6259";"Eleições Gerais Estaduais 2026";"RS";"7";"DEPUTADO ESTADUAL";"210002539812";"12233";"JOÃO MARCOS BASSANI DOS SANTOS";"JOÃO MARCOS";"PDT";"PARTIDO DEMOCRÁTICO TRABALHISTA";"12";"-1";"#NULO";"#NULO";"#NE";"";"";"";"";"SERVIDOR PÚBLICO FEDERAL";"";"";"RS"
"21/09/2026";"12:31:37";"2026";"6259";"Eleições Gerais Estaduais 2026";"RS";"7";"DEPUTADO ESTADUAL";"210002534014";"13013";"BRUNNO MATTOS DA SILVA";"BRUNNO MATTOS";"PT";"PARTIDO DOS TRABALHADORES";"13";"101";"FEDERAÇÃO BRASIL DA ESPERANÇA - FE BRASIL";"13-PT/65-PC do B/43-PV";"#NE";"";"";"";"";"OUTROS";"";"";"RS"
"21/09/2026";"12:31:37";"2026";"6259";"Eleições Gerais Estaduais 2026";"RS";"7";"DEPUTADO ESTADUAL";"210002534031";"65123";"SANDRA REGINA PICOLI OSTROVSKI";"SANDRA PICOLI";"PCDOB";"PARTIDO COMUNISTA DO BRASIL";"65";"101";"FEDERAÇÃO BRASIL DA ESPERANÇA - FE BRASIL";"13-PT/65-PC do B/43-PV";"#NE";"";"";"";"";"VEREADOR";"";"";"RS"
"21/09/2026";"12:31:37";"2026";"6259";"Eleições Gerais Estaduais 2026";"RS";"7";"DEPUTADO ESTADUAL";"210002534051";"13300";"ERICKA EYSHYLLA LEON RODRIGUES DE OLIVEIRA";"ERICKA OLIVEIRA";"PT";"PARTIDO DOS TRABALHADORES";"13";"101";"FEDERAÇÃO BRASIL DA ESPERANÇA - FE BRASIL";"13-PT/65-PC do B/43-PV";"#NE";"";"";"";"";"ESTUDANTE, BOLSISTA, ESTAGIÁRIO E ASSEMELHADOS";"";"";"RS"
"21/09/2026";"12:31:37";"2026";"6259";"Eleições Gerais Estaduais 2026";"RS";"7";"DEPUTADO ESTADUAL";"210002534008";"13677";"IVONETE CARVALHO";"IVONETE CARVALHO";"PT";"PARTIDO DOS TRABALHADORES";"13";"101";"FEDERAÇÃO BRASIL DA ESPERANÇA - FE BRASIL";"13-PT/65-PC do B/43-PV";"#NE";"";"";"";"";"SERVIDOR PÚBLICO CIVIL APOSENTADO";"";"";"RS"
"21/09/2026";"12:31:37";"2026";"6259";"Eleições Gerais Estaduais 2026";"RS";"7";"DEPUTADO ESTADUAL";"210002534003";"13100";"NATASHA NARCISO FERREIRA";"NATASHA";"PT";"PARTIDO DOS TRABALHADORES";"13";"101";"FEDERAÇÃO BRASIL DA ESPERANÇA - FE BRASIL";"13-PT/65-PC do B/43-PV";"#NE";"";"";"";"";"VEREADOR";"";"";"RS"
"21/09/2026";"12:31:37";"2026";"6259";"Eleições Gerais Estaduais 2026";"RS";"7";"DEPUTADO ESTADUAL";"210002539076";"10111";"JOÃO CARLOS MENDONÇA RODRIGUES";"JOÃO MENDONÇA";"REPUBLICANOS";"REPUBLICANOS";"10";"-1";"#NULO";"#NULO";"#NE";"";"";"";"";"CONTADOR";"";"";"RS"
"21/09/2026";"12:31:37";"2026";"6259";"Eleições Gerais Estaduais 2026";"RS";"7";"DEPUTADO ESTADUAL";"210002539103";"10107";"MARLI RIBEIRO SERPA";"MARLI SERPA";"REPUBLICANOS";"REPUBLICANOS";"10";"-1";"#NULO";"#NULO";"#NE";"";"";"";"";"OCUPANTE DE CARGO EM COMISSÃO";"";"";"SC"
"21/09/2026";"12:31:37";"2026";"6259";"Eleições Gerais Estaduais 2026";"RS";"7";"DEPUTADO ESTADUAL";"210002539077";"10005";"DANUSA SULZBACHER";"DANUSA SULZBACHER";"REPUBLICANOS";"REPUBLICANOS";"10";"-1";"#NULO";"#NULO";"#NE";"";"";"";"";"OUTROS";"";"";"RS"
"21/09/2026";"12:31:37";"2026";"6259";"Eleições Gerais Estaduais 2026";"RS";"7";"DEPUTADO ESTADUAL";"210002539067";"10425";"ABEL GRAVE";"ABEL GRAVE";"REPUBLICANOS";"REPUBLICANOS";"10";"-1";"#NULO";"#NULO";"#NE";"";"";"";"";"OCUPANTE DE CARGO EM COMISSÃO";"";"";"RS"
"21/09/2026";"12:31:37";"2026";"6259";"Eleições Gerais Estaduais 2026";"RS";"7";"DEPUTADO ESTADUAL";"210002539091";"10010";"ANDREA CARLA RAMME";"DÉIA RAMMÉ";"REPUBLICANOS";"REPUBLICANOS";"10";"-1";"#NULO";"#NULO";"#NE";"";"";"";"";"JORNALISTA E REDATOR";"";"";"RS"
"21/09/2026";"12:31:37";"2026";"6259";"Eleições Gerais Estaduais 2026";"RS";"7";"DEPUTADO ESTADUAL";"210002539074";"10600";"LUCIANO VIEIRA BATISTA";"LUKY VIEIRA";"REPUBLICANOS";"REPUBLICANOS";"10";"-1";"#NULO";"#NULO";"#NE";"";"";"";"";"OUTROS";"";"";"RS"
"21/09/2026";"12:31:37";"2026";"6259";"Eleições Gerais Estaduais 2026";"RS";"7";"DEPUTADO ESTADUAL";"210002539052";"10077";"JOSE OSEAS DA COSTA";"PR OSÉAS COSTA";"REPUBLICANOS";"REPUBLICANOS";"10";"-1";"#NULO";"#NULO";"#NE";"";"";"";"";"MEMBRO DAS FORÇAS ARMADAS";"";"";"AL"
"21/09/2026";"12:31:37";"2026";"6259";"Eleições Gerais Estaduais 2026";"RS";"7";"DEPUTADO ESTADUAL";"210002539104";"10789";"DANIELA BROCCA LIMA";"DANIELA BROCCA";"REPUBLICANOS";"REPUBLICANOS";"10";"-1";"#NULO";"#NULO";"#NE";"";"";"";"";"SERVIDOR PÚBLICO MUNICIPAL";"";"";"SC"
"21/09/2026";"12:31:37";"2026";"6259";"Eleições Gerais Estaduais 2026";"RS";"7";"DEPUTADO ESTADUAL";"210002539066";"10400";"JESSÉ MARTINS";"JESSÉ MARTINS DE HORIZONTINA";"REPUBLICANOS";"REPUBLICANOS";"10";"-1";"#NULO";"#NULO";"#NE";"";"";"";"";"CORRETOR DE IMÓVEIS, SEGUROS, TÍTULOS E VALORES";"";"";"RS"
"21/09/2026";"12:31:37";"2026";"6259";"Eleições Gerais Estaduais 2026";"RS";"7";"DEPUTADO ESTADUAL";"210002533391";"80123";"SAMARA GARCIA DE ALMEIDA";"SAMARA GARCIA";"UP";"UNIDADE POPULAR";"80";"-1";"#NULO";"#NULO";"#NE";"";"";"";"";"ESTUDANTE, BOLSISTA, ESTAGIÁRIO E ASSEMELHADOS";"";"";"RS"
"21/09/2026";"12:31:37";"2026";"6259";"Eleições Gerais Estaduais 2026";"RS";"7";"DEPUTADO ESTADUAL";"210002541948";"45612";"ALECIO VALDECI PEREIRA DA ROSA";"PASTOR ALÉCIO";"PSDB";"PARTIDO DA SOCIAL DEMOCRACIA BRASILEIRA";"45";"100";"FEDERAÇÃO PSDB CIDADANIA";"45-PSDB/23-CIDADANIA";"#NE";"";"";"";"";"OUTROS";"";"";"RS"
"21/09/2026";"12:31:37";"2026";"6259";"Eleições Gerais Estaduais 2026";"RS";"7";"DEPUTADO ESTADUAL";"210002541967";"45022";"CHEILA GULGELMIN";"PROFESSORA CHEILA";"PSDB";"PARTIDO DA SOCIAL DEMOCRACIA BRASILEIRA";"45";"100";"FEDERAÇÃO PSDB CIDADANIA";"45-PSDB/23-CIDADANIA";"#NE";"";"";"";"";"OUTROS";"";"";"RS"
"21/09/2026";"12:31:37";"2026";"6259";"Eleições Gerais Estaduais 2026";"RS";"7";"DEPUTADO ESTADUAL";"210002541974";"45111";"EVELYN CRISTINA RODRIGUES FERNANDES";"EVELYN DO VASQUINHO";"PSDB";"PARTIDO DA SOCIAL DEMOCRACIA BRASILEIRA";"45";"100";"FEDERAÇÃO PSDB CIDADANIA";"45-PSDB/23-CIDADANIA";"#NE";"";"";"";"";"EMPRESÁRIO";"";"";"RS"
"21/09/2026";"12:31:37";"2026";"6259";"Eleições Gerais Estaduais 2026";"RS";"7";"DEPUTADO ESTADUAL";"210002535698";"22034";"CLÁUDIO GILNEI TATSCH";"CLÁUDIO TATSCH";"PL";"PARTIDO LIBERAL";"22";"-1";"#NULO";"#NULO";"#NE";"";"";"";"";"DEPUTADO";"";"";"RS"
"21/09/2026";"12:31:37";"2026";"6259";"Eleições Gerais Estaduais 2026";"RS";"7";"DEPUTADO ESTADUAL";"210002535675";"22500";"MARCO ANTÔNIO BAPTISTA ORSI JÚNIOR";"MARCO ORSI";"PL";"PARTIDO LIBERAL";"22";"-1";"#NULO";"#NULO";"#NE";"";"";"";"";"EMPRESÁRIO";"";"";"RS"
"21/09/2026";"12:31:37";"2026";"6259";"Eleições Gerais Estaduais 2026";"RS";"7";"DEPUTADO ESTADUAL";"210002535696";"22605";"ZIANIA MARIA BOLZAN";"ZIANIA BOLZAN";"PL";"PARTIDO LIBERAL";"22";"-1";"#NULO";"#NULO";"#NE";"";"";"";"";"SERVIDOR PÚBLICO CIVIL APOSENTADO";"";"";"RS"
"21/09/2026";"12:31:37";"2026";"6259";"Eleições Gerais Estaduais 2026";"RS";"7";"DEPUTADO ESTADUAL";"210002535691";"22800";"ALINE LEAL FONTANELLA KLEMT";"ALI KLEMT";"PL";"PARTIDO LIBERAL";"22";"-1";"#NULO";"#NULO";"#NE";"";"";"";"";"EMPRESÁRIO";"";"";"RS"
"21/09/2026";"12:31:37";"2026";"6259";"Eleições Gerais Estaduais 2026";"RS";"7";"DEPUTADO ESTADUAL";"210002535682";"22122";"MARCIO ASSIS PATUSSI";"MARCIO PATUSSI";"PL";"PARTIDO LIBERAL";"22";"-1";"#NULO";"#NULO";"#NE";"";"";"";"";"ADVOGADO";"";"";"RS"
"21/09/2026";"12:31:37";"2026";"6259";"Eleições Gerais Estaduais 2026";"RS";"7";"DEPUTADO ESTADUAL";"210002535670";"22522";"DAIANE MELLO";"DAIANE MELLO";"PL";"PARTIDO LIBERAL";"22";"-1";"#NULO";"#NULO";"#NE";"";"";"";"";"RELAÇÕES-PÚBLICAS";"";"";"RS"
"21/09/2026";"12:31:37";"2026";"6259";"Eleições Gerais Estaduais 2026";"RS";"7";"DEPUTADO ESTADUAL";"210002535677";"22030";"JULIANA CUCIOLLI";"JULI CUCIOLLI";"PL";"PARTIDO LIBERAL";"22";"-1";"#NULO";"#NULO";"#NE";"";"";"";"";"SERVIDOR PÚBLICO MUNICIPAL";"";"";"RS"
"21/09/2026";"12:31:37";"2026";"6259";"Eleições Gerais Estaduais 2026";"RS";"7";"DEPUTADO ESTADUAL";"210002535701";"22999";"MAGDIEL LAMBERTI BISSACO";"MAGDIEL BISSACO";"PL";"PARTIDO LIBERAL";"22";"-1";"#NULO";"#NULO";"#NE";"";"";"";"";"OUTROS";"";"";"RS"
"21/09/2026";"12:31:37";"2026";"6259";"Eleições Gerais Estaduais 2026";"RS";"7";"DEPUTADO ESTADUAL";"210002534312";"20555";"ENIO CARLOS TERRA";"ENIO TERRA";"PODE";"PODEMOS";"20";"-1";"#NULO";"#NULO";"#NE";"";"";"";"";"EMPRESÁRIO";"";"";"RS"
"21/09/2026";"12:31:37";"2026";"6259";"Eleições Gerais Estaduais 2026";"RS";"7";"DEPUTADO ESTADUAL";"210002534311";"20999";"ADEMAR SARZI SARTORI";"SARTORI";"PODE";"PODEMOS";"20";"-1";"#NULO";"#NULO";"#NE";"";"";"";"";"CORRETOR DE IMÓVEIS, SEGUROS, TÍTULOS E VALORES";"";"";"RS"
"21/09/2026";"12:31:37";"2026";"6259";"Eleições Gerais Estaduais 2026";"RS";"7";"DEPUTADO ESTADUAL";"210002534319";"20007";"IGOR PERES DUMMER";"ALEMÃO DA BORRACHARIA";"PODE";"PODEMOS";"20";"-1";"#NULO";"#NULO";"#NE";"";"";"";"";"EMPRESÁRIO";"";"";"RS"
"21/09/2026";"12:31:37";"2026";"6259";"Eleições Gerais Estaduais 2026";"RS";"7";"DEPUTADO ESTADUAL";"210002534347";"20300";"PAULO REMI SILVEIRA MARTINS";"PAULINHO DA FARMACIA";"PODE";"PODEMOS";"20";"-1";"#NULO";"#NULO";"#NE";"";"";"";"";"FARMACÊUTICO";"";"";"SC"
"21/09/2026";"12:31:37";"2026";"6259";"Eleições Gerais Estaduais 2026";"RS";"7";"DEPUTADO ESTADUAL";"210002534306";"20222";"PAULO ROBERTO DA SILVA";"PAULO OPUS DEI";"PODE";"PODEMOS";"20";"-1";"#NULO";"#NULO";"#NE";"";"";"";"";"MÚSICO";"";"";"RS"
"21/09/2026";"12:31:37";"2026";"6259";"Eleições Gerais Estaduais 2026";"RS";"7";"DEPUTADO ESTADUAL";"210002534303";"20122";"APARECIDO MACEDO";"CAPITÃO MACEDO PROFESSOR";"PODE";"PODEMOS";"20";"-1";"#NULO";"#NULO";"#NE";"";"";"";"";"POLICIAL MILITAR";"";"";"PR"
"21/09/2026";"12:31:37";"2026";"6259";"Eleições Gerais Estaduais 2026";"RS";"7";"DEPUTADO ESTADUAL";"210002537877";"11100";"ALEXANDRA DE FREITAS LENTZ";"ALEXANDRA LENTZ";"PP";"PROGRESSISTAS";"11";"104";"FEDERAÇÃO UNIÃO PROGRESSISTA";"44-UNIÃO/11-PP";"#NE";"";"";"";"";"ENFERMEIRO";"";"";"RS"
"21/09/2026";"12:31:37";"2026";"6259";"Eleições Gerais Estaduais 2026";"RS";"7";"DEPUTADO ESTADUAL";"210002537894";"11777";"MILLENA VIEIRA ANGELI";"MILLENA VIEIRA";"PP";"PROGRESSISTAS";"11";"104";"FEDERAÇÃO UNIÃO PROGRESSISTA";"44-UNIÃO/11-PP";"#NE";"";"";"";"";"AGENTE ADMINISTRATIVO";"";"";"RS"
"21/09/2026";"12:31:37";"2026";"6259";"Eleições Gerais Estaduais 2026";"RS";"7";"DEPUTADO ESTADUAL";"210002537891";"11770";"MARLENE FLORES DO NASCIMENTO";"VETERINÁRIA MARLENE NASCIMENTO";"PP";"PROGRESSISTAS";"11";"104";"FEDERAÇÃO UNIÃO PROGRESSISTA";"44-UNIÃO/11-PP";"#NE";"";"";"";"";"VETERINÁRIO";"";"";"RS"
"21/09/2026";"12:31:37";"2026";"6259";"Eleições Gerais Estaduais 2026";"RS";"7";"DEPUTADO ESTADUAL";"210002548190";"15770";"ANA CRISTINA DA SILVA";"ANA CRISTINA";"MDB";"MOVIMENTO DEMOCRÁTICO BRASILEIRO";"15";"-1";"#NULO";"#NULO";"#NE";"";"";"";"";"PEDAGOGO";"";"";"RS"
"21/09/2026";"12:31:37";"2026";"6259";"Eleições Gerais Estaduais 2026";"RS";"7";"DEPUTADO ESTADUAL";"210002548201";"15150";"FERNANDO POSTAL";"FERNANDO POSTAL";"MDB";"MOVIMENTO DEMOCRÁTICO BRASILEIRO";"15";"-1";"#NULO";"#NULO";"#NE";"";"";"";"";"OUTROS";"";"";"RS"
"21/09/2026";"12:31:37";"2026";"6259";"Eleições Gerais Estaduais 2026";"RS";"7";"DEPUTADO ESTADUAL";"210002548213";"15099";"ELISANDRA CARDOSO DA SILVA";"LISI CARDOSO";"MDB";"MOVIMENTO DEMOCRÁTICO BRASILEIRO";"15";"-1";"#NULO";"#NULO";"#NE";"";"";"";"";"ASSISTENTE SOCIAL";"";"";"RS"
"21/09/2026";"12:31:37";"2026";"6259";"Eleições Gerais Estaduais 2026";"RS";"7";"DEPUTADO ESTADUAL";"210002548228";"15030";"IDIANESA DE BISPO GODINHO GREGOLON";"IDIANESA DE BISPO GODINHO";"MDB";"MOVIMENTO DEMOCRÁTICO BRASILEIRO";"15";"-1";"#NULO";"#NULO";"#NE";"";"";"";"";"EMPRESÁRIO";"";"";"RS"
"21/09/2026";"12:31:37";"2026";"6259";"Eleições Gerais Estaduais 2026";"RS";"7";"DEPUTADO ESTADUAL";"210002548194";"15333";"CONSTANTINO ORSOLIN";"PROFESSOR CONSTANTINO";"MDB";"MOVIMENTO DEMOCRÁTICO BRASILEIRO";"15";"-1";"#NULO";"#NULO";"#NE";"";"";"";"";"PROFESSOR DE ENSINO MÉDIO";"";"";"RS"
"21/09/2026";"12:31:37";"2026";"6259";"Eleições Gerais Estaduais 2026";"RS";"7";"DEPUTADO ESTADUAL";"210002548202";"15386";"ROBERTO LUCCHESE";"ROBERTO LUCCHESE";"MDB";"MOVIMENTO DEMOCRÁTICO BRASILEIRO";"15";"-1";"#NULO";"#NULO";"#NE";"";"";"";"";"EMPRESÁRIO";"";"";"RS"
"21/09/2026";"12:31:37";"2026";"6259";"Eleições Gerais Estaduais 2026";"RS";"7";"DEPUTADO ESTADUAL";"210002533933";"50010";"VILMAR FRANCISCO DA SILVA";"VILMAR O GARI";"PSOL";"PARTIDO SOCIALISMO E LIBERDADE";"50";"102";"FEDERAÇÃO PSOL REDE";"50-PSOL/18-REDE";"#NE";"";"";"";"";"GARI OU LIXEIRO";"";"";"RS"
"21/09/2026";"12:31:37";"2026";"6259";"Eleições Gerais Estaduais 2026";"RS";"7";"DEPUTADO ESTADUAL";"210002533927";"18123";"CLAUDIA ORESTES BRUM";"PROFESSORA CLAUDIA BRUM";"REDE";"REDE SUSTENTABILIDADE";"18";"102";"FEDERAÇÃO PSOL REDE";"50-PSOL/18-REDE";"#NE";"";"";"";"";"PROFESSOR DE ENSINO MÉDIO";"";"";"RS"
"21/09/2026";"12:31:37";"2026";"6259";"Eleições Gerais Estaduais 2026";"RS";"7";"DEPUTADO ESTADUAL";"210002533925";"50100";"MARJORIE MONIQUE SASSET";"MARJORIE SASSET";"PSOL";"PARTIDO SOCIALISMO E LIBERDADE";"50";"102";"FEDERAÇÃO PSOL REDE";"50-PSOL/18-REDE";"#NE";"";"";"";"";"PROFESSOR DE ENSINO MÉDIO";"";"";"RS"
"21/09/2026";"12:31:37";"2026";"6259";"Eleições Gerais Estaduais 2026";"RS";"7";"DEPUTADO ESTADUAL";"210002533936";"50000";"LUCIANA KREBS GENRO";"LUCIANA GENRO";"PSOL";"PARTIDO SOCIALISMO E LIBERDADE";"50";"102";"FEDERAÇÃO PSOL REDE";"50-PSOL/18-REDE";"#NE";"";"";"";"";"DEPUTADO";"";"";"RS"
"21/09/2026";"12:31:37";"2026";"6259";"Eleições Gerais Estaduais 2026";"RS";"7";"DEPUTADO ESTADUAL";"210002533944";"50222";"INACIO MATOS RODRIGUES";"INÁCIO RODRIGUES";"PSOL";"PARTIDO SOCIALISMO E LIBERDADE";"50";"102";"FEDERAÇÃO PSOL REDE";"50-PSOL/18-REDE";"#NE";"";"";"";"";"EMPRESÁRIO";"";"";"RS"
"21/09/2026";"12:31:37";"2026";"6259";"Eleições Gerais Estaduais 2026";"RS";"7";"DEPUTADO ESTADUAL";"210002540660";"55255";"DIANA SALES";"DIANA SALES";"PSD";"PARTIDO SOCIAL DEMOCRÁTICO";"55";"-1";"#NULO";"#NULO";"#NE";"";"";"";"";"AGRICULTOR";"";"";"RS"
"21/09/2026";"12:31:37";"2026";"6259";"Eleições Gerais Estaduais 2026";"RS";"7";"DEPUTADO ESTADUAL";"210002540637";"55456";"DIMAS SOUZA DA COSTA";"DIMAS COSTA";"PSD";"PARTIDO SOCIAL DEMOCRÁTICO";"55";"-1";"#NULO";"#NULO";"#NE";"";"";"";"";"OCUPANTE DE CARGO EM COMISSÃO";"";"";"RS"
"21/09/2026";"12:31:37";"2026";"6259";"Eleições Gerais Estaduais 2026";"RS";"7";"DEPUTADO ESTADUAL";"210002540661";"55225";"DOUGLAS HENRIQUE LENZ DIESEL";"DOUGLAS DIESEL";"PSD";"PARTIDO SOCIAL DEMOCRÁTICO";"55";"-1";"#NULO";"#NULO";"#NE";"";"";"";"";"AGRICULTOR";"";"";"RS"
"21/09/2026";"12:31:37";"2026";"6259";"Eleições Gerais Estaduais 2026";"RS";"7";"DEPUTADO ESTADUAL";"210002540654";"55551";"SHEILA STASIAK CAMBOIM";"SHEILA STASIAK";"PSD";"PARTIDO SOCIAL DEMOCRÁTICO";"55";"-1";"#NULO";"#NULO";"#NE";"";"";"";"";"CORRETOR DE IMÓVEIS, SEGUROS, TÍTULOS E VALORES";"";"";"RS"
"21/09/2026";"12:31:37";"2026";"6259";"Eleições Gerais Estaduais 2026";"RS";"7";"DEPUTADO ESTADUAL";"210002540659";"55612";"ROTECHILD DOS SANTOS PRESTES";"ROTH DA ACESSIBILIDADE";"PSD";"PARTIDO SOCIAL DEMOCRÁTICO";"55";"-1";"#NULO";"#NULO";"#NE";"";"";"";"";"PROFESSOR E INSTRUTOR DE FORMAÇÃO PROFISSIONAL";"";"";"RS"
"21/09/2026";"12:31:37";"2026";"6259";"Eleições Gerais Estaduais 2026";"RS";"7";"DEPUTADO ESTADUAL";"210002540633";"55855";"FERNANDO RODRIGUES CANTES";"FERNANDO MESTRE PELÉ";"PSD";"PARTIDO SOCIAL DEMOCRÁTICO";"55";"-1";"#NULO";"#NULO";"#NE";"";"";"";"";"OUTROS";"";"";"RS"
"21/09/2026";"12:31:37";"2026";"6259";"Eleições Gerais Estaduais 2026";"RS";"7";"DEPUTADO ESTADUAL";"210002551375";"15020";"JOSE ORLANDO RODOLFO DOS SANTOS";"JOSE RODOLFO";"MDB";"MOVIMENTO DEMOCRÁTICO BRASILEIRO";"15";"-1";"#NULO";"#NULO";"#NE";"";"";"";"";"MECÂNICO DE MANUTENÇÃO";"";"";"RS"
"21/09/2026";"12:31:37";"2026";"6259";"Eleições Gerais Estaduais 2026";"RS";"7";"DEPUTADO ESTADUAL";"210002552922";"55005";"GIAN ANTONIO PEDROSO";"GIAN PEDROSO";"PSD";"PARTIDO SOCIAL DEMOCRÁTICO";"55";"-1";"#NULO";"#NULO";"#NE";"";"";"";"";"EMPRESÁRIO";"";"";"RS"
"21/09/2026";"12:31:37";"2026";"6259";"Eleições Gerais Estaduais 2026";"RS";"7";"DEPUTADO ESTADUAL";"210002537528";"40240";"WAGNER PETRINI";"WAGNER PETRINI";"PSB";"PARTIDO SOCIALISTA BRASILEIRO";"40";"-1";"#NULO";"#NULO";"#NE";"";"";"";"";"OUTROS";"";"";"RS"
"21/09/2026";"12:31:37";"2026";"6259";"Eleições Gerais Estaduais 2026";"RS";"7";"DEPUTADO ESTADUAL";"210002537539";"40400";"ALEQUIS LOPES PINTO";"ALEQUIS COLETIVO";"PSB";"PARTIDO SOCIALISTA BRASILEIRO";"40";"-1";"#NULO";"#NULO";"#NE";"";"";"";"";"VEREADOR";"";"";"RS"
"21/09/2026";"12:31:37";"2026";"6259";"Eleições Gerais Estaduais 2026";"RS";"7";"DEPUTADO ESTADUAL";"210002533035";"30003";"CARLA CRISTIANE HUBNER DUWE";"CARLA DUWE";"NOVO";"PARTIDO NOVO";"30";"-1";"#NULO";"#NULO";"#NE";"";"";"";"";"TÉCNICO DE OBRAS CIVIS, ESTRADAS, SANEAMENTO E ASSEMELHADOS";"";"";"PR"
"21/09/2026";"12:31:37";"2026";"6259";"Eleições Gerais Estaduais 2026";"RS";"7";"DEPUTADO ESTADUAL";"210002533039";"30369";"CRISTIAN PAULO MIOTTO BARBOSA";"CRISTIAN PAULO";"NOVO";"PARTIDO NOVO";"30";"-1";"#NULO";"#NULO";"#NE";"";"";"";"";"AGRICULTOR";"";"";"RS"
"21/09/2026";"12:31:37";"2026";"6259";"Eleições Gerais Estaduais 2026";"RS";"7";"DEPUTADO ESTADUAL";"210002533056";"30000";"RAMIRO STALLBAUM ROSÁRIO";"RAMIRO ROSÁRIO";"NOVO";"PARTIDO NOVO";"30";"-1";"#NULO";"#NULO";"#NE";"";"";"";"";"VEREADOR";"";"";"RS"
"21/09/2026";"12:31:37";"2026";"6259";"Eleições Gerais Estaduais 2026";"RS";"7";"DEPUTADO ESTADUAL";"210002533058";"30301";"ELISA MARIA GIANLUPI";"DENTISTA ELISA";"NOVO";"PARTIDO NOVO";"30";"-1";"#NULO";"#NULO";"#NE";"";"";"";"";"ODONTÓLOGO";"";"";"RS"
"21/09/2026";"12:31:37";"2026";"6259";"Eleições Gerais Estaduais 2026";"RS";"7";"DEPUTADO ESTADUAL";"210002539810";"12412";"EDUARDO DEBACCO LOUREIRO";"EDUARDO LOUREIRO";"PDT";"PARTIDO DEMOCRÁTICO TRABALHISTA";"12";"-1";"#NULO";"#NULO";"#NE";"";"";"";"";"ADMINISTRADOR";"";"";"RS"
"21/09/2026";"12:31:37";"2026";"6259";"Eleições Gerais Estaduais 2026";"RS";"7";"DEPUTADO ESTADUAL";"210002539794";"12112";"JOSÉ ANTONIO FLORES MINETTI";"POLICIAL MINETTI";"PDT";"PARTIDO DEMOCRÁTICO TRABALHISTA";"12";"-1";"#NULO";"#NULO";"#NE";"";"";"";"";"SERVIDOR PÚBLICO ESTADUAL";"";"";"RS"
"21/09/2026";"12:31:37";"2026";"6259";"Eleições Gerais Estaduais 2026";"RS";"7";"DEPUTADO ESTADUAL";"210002539798";"12900";"DIEGO DAL PIVA DA LUZ";"DIEGO PICUCHA";"PDT";"PARTIDO DEMOCRÁTICO TRABALHISTA";"12";"-1";"#NULO";"#NULO";"#NE";"";"";"";"";"COMERCIANTE";"";"";"RS"
"21/09/2026";"12:31:37";"2026";"6259";"Eleições Gerais Estaduais 2026";"RS";"7";"DEPUTADO ESTADUAL";"210002539795";"12444";"DANRLEI DOS SANTOS MASSENA";"DANRLEI MASSENA";"PDT";"PARTIDO DEMOCRÁTICO TRABALHISTA";"12";"-1";"#NULO";"#NULO";"#NE";"";"";"";"";"VEREADOR";"";"";"RS"
"21/09/2026";"12:31:37";"2026";"6259";"Eleições Gerais Estaduais 2026";"RS";"7";"DEPUTADO ESTADUAL";"210002539814";"12132";"GABRIELA ORTIZ ABENEL";"GABRIELA ORTIZ";"PDT";"PARTIDO DEMOCRÁTICO TRABALHISTA";"12";"-1";"#NULO";"#NULO";"#NE";"";"";"";"";"OUTROS";"";"";"RS"
"21/09/2026";"12:31:37";"2026";"6259";"Eleições Gerais Estaduais 2026";"RS";"7";"DEPUTADO ESTADUAL";"210002539802";"12035";"MARCIA CRISTINA BORGES DA SILVA";"MÁRCIA BORGES";"PDT";"PARTIDO DEMOCRÁTICO TRABALHISTA";"12";"-1";"#NULO";"#NULO";"#NE";"";"";"";"";"POLICIAL MILITAR";"";"";"RS"
"21/09/2026";"12:31:37";"2026";"6259";"Eleições Gerais Estaduais 2026";"RS";"7";"DEPUTADO ESTADUAL";"210002539822";"12812";"PAULO ROBERTO SILVA";"PAULINHO DA BONJA";"PDT";"PARTIDO DEMOCRÁTICO TRABALHISTA";"12";"-1";"#NULO";"#NULO";"#NE";"";"";"";"";"OUTROS";"";"";"RS"
"21/09/2026";"12:31:37";"2026";"6259";"Eleições Gerais Estaduais 2026";"RS";"7";"DEPUTADO ESTADUAL";"210002534041";"13999";"NELSON SPOLAOR";"NELSON SPOLAOR";"PT";"PARTIDO DOS TRABALHADORES";"13";"101";"FEDERAÇÃO BRASIL DA ESPERANÇA - FE BRASIL";"13-PT/65-PC do B/43-PV";"#NE";"";"";"";"";"ADVOGADO";"";"";"RS"
"21/09/2026";"12:31:37";"2026";"6259";"Eleições Gerais Estaduais 2026";"RS";"7";"DEPUTADO ESTADUAL";"210002534029";"65656";"GIOVANI CULAU OLIVEIRA";"GIOVANI CULAU";"PCDOB";"PARTIDO COMUNISTA DO BRASIL";"65";"101";"FEDERAÇÃO BRASIL DA ESPERANÇA - FE BRASIL";"13-PT/65-PC do B/43-PV";"#NE";"";"";"";"";"VEREADOR";"";"";"RS"
"21/09/2026";"12:31:37";"2026";"6259";"Eleições Gerais Estaduais 2026";"RS";"7";"DEPUTADO ESTADUAL";"210002534048";"43192";"WALMOCIR SILVA REIS";"SOCORRISTA";"PV";"PARTIDO VERDE";"43";"101";"FEDERAÇÃO BRASIL DA ESPERANÇA - FE BRASIL";"13-PT/65-PC do B/43-PV";"#NE";"";"";"";"";"ENFERMEIRO";"";"";"RS"
"21/09/2026";"12:31:37";"2026";"6259";"Eleições Gerais Estaduais 2026";"RS";"7";"DEPUTADO ESTADUAL";"210002534030";"65065";"HUMBERTO MATOS DE OLIVEIRA";"HUMBERTO MATOS";"PCDOB";"PARTIDO COMUNISTA DO BRASIL";"65";"101";"FEDERAÇÃO BRASIL DA ESPERANÇA - FE BRASIL";"13-PT/65-PC do B/43-PV";"#NE";"";"";"";"";"PROFESSOR DE ENSINO FUNDAMENTAL";"";"";"RS"
"21/09/2026";"12:31:37";"2026";"6259";"Eleições Gerais Estaduais 2026";"RS";"7";"DEPUTADO ESTADUAL";"210002534012";"13000";"MIGUEL SOLDATELLI ROSSETTO";"MIGUEL ROSSETTO";"PT";"PARTIDO DOS TRABALHADORES";"13";"101";"FEDERAÇÃO BRASIL DA ESPERANÇA - FE BRASIL";"13-PT/65-PC do B/43-PV";"#NE";"";"";"";"";"DEPUTADO";"";"";"RS"
"21/09/2026";"12:31:37";"2026";"6259";"Eleições Gerais Estaduais 2026";"RS";"7";"DEPUTADO ESTADUAL";"210002534039";"13113";"STELA BEATRIZ FARIAS LOPES";"STELA FARIAS";"PT";"PARTIDO DOS TRABALHADORES";"13";"101";"FEDERAÇÃO BRASIL DA ESPERANÇA - FE BRASIL";"13-PT/65-PC do B/43-PV";"#NE";"";"";"";"";"DEPUTADO";"";"";"RS"
"21/09/2026";"12:31:37";"2026";"6259";"Eleições Gerais Estaduais 2026";"RS";"7";"DEPUTADO ESTADUAL";"210002534018";"13131";"CLEONICE FABIANE BACK";"CLEONICE BACK";"PT";"PARTIDO DOS TRABALHADORES";"13";"101";"FEDERAÇÃO BRASIL DA ESPERANÇA - FE BRASIL";"13-PT/65-PC do B/43-PV";"#NE";"";"";"";"";"AGRICULTOR";"";"";"RS"
"21/09/2026";"12:31:37";"2026";"6259";"Eleições Gerais Estaduais 2026";"RS";"7";"DEPUTADO ESTADUAL";"210002534015";"13690";"NELSON JOSE GRASSELLI";"GRASSELLI";"PT";"PARTIDO DOS TRABALHADORES";"13";"101";"FEDERAÇÃO BRASIL DA ESPERANÇA - FE BRASIL";"13-PT/65-PC do B/43-PV";"#NE";"";"";"";"";"APOSENTADO (EXCETO SERVIDOR PÚBLICO)";"";"";"RS"
"21/09/2026";"12:31:37";"2026";"6259";"Eleições Gerais Estaduais 2026";"RS";"7";"DEPUTADO ESTADUAL";"210002534047";"13456";"MARINA BERNARDES";"MARINA BERNARDES";"PT";"PARTIDO DOS TRABALHADORES";"13";"101";"FEDERAÇÃO BRASIL DA ESPERANÇA - FE BRASIL";"13-PT/65-PC do B/43-PV";"#NE";"";"";"";"";"VEREADOR";"";"";"RS"
"21/09/2026";"12:31:37";"2026";"6259";"Eleições Gerais Estaduais 2026";"RS";"7";"DEPUTADO ESTADUAL";"210002539068";"10770";"VANESSA DE BORTOLI POUEY";"VANESSA DE BORTOLI";"REPUBLICANOS";"REPUBLICANOS";"10";"-1";"#NULO";"#NULO";"#NE";"";"";"";"";"PSICÓLOGO";"";"";"RS"
"21/09/2026";"12:31:37";"2026";"6259";"Eleições Gerais Estaduais 2026";"RS";"7";"DEPUTADO ESTADUAL";"210002539054";"10110";"ADELMO ANTONIO DE SOUZA";"ADELMO SOUZA";"REPUBLICANOS";"REPUBLICANOS";"10";"-1";"#NULO";"#NULO";"#NE";"";"";"";"";"MEMBRO DAS FORÇAS ARMADAS";"";"";"PE"
"21/09/2026";"12:31:37";"2026";"6259";"Eleições Gerais Estaduais 2026";"RS";"7";"DEPUTADO ESTADUAL";"210002539060";"10808";"CASSIO FERNANDO GIACCHIN DA SILVEIRA";"CÁSSIO SILVEIRA";"REPUBLICANOS";"REPUBLICANOS";"10";"-1";"#NULO";"#NULO";"#NE";"";"";"";"";"EMPRESÁRIO";"";"";"RS"
"21/09/2026";"12:31:37";"2026";"6259";"Eleições Gerais Estaduais 2026";"RS";"7";"DEPUTADO ESTADUAL";"210002539083";"10123";"FERNANDA DE OLIVEIRA LIMA";"FERNANDA LIMA";"REPUBLICANOS";"REPUBLICANOS";"10";"-1";"#NULO";"#NULO";"#NE";"";"";"";"";"REPRESENTANTE COMERCIAL";"";"";"RS"
"21/09/2026";"12:31:37";"2026";"6259";"Eleições Gerais Estaduais 2026";"RS";"7";"DEPUTADO ESTADUAL";"210002539056";"10777";"ELIZANDRO SILVA DE FREITAS SABINO";"ELIZANDRO SABINO";"REPUBLICANOS";"REPUBLICANOS";"10";"-1";"#NULO";"#NULO";"#NE";"";"";"";"";"ADVOGADO";"";"";"RJ"
"21/09/2026";"12:31:37";"2026";"6259";"Eleições Gerais Estaduais 2026";"RS";"7";"DEPUTADO ESTADUAL";"210002539084";"10710";"GRASIELA ARAGÃO MAUER";"GRASIELA MAUER";"REPUBLICANOS";"REPUBLICANOS";"10";"-1";"#NULO";"#NULO";"#NE";"";"";"";"";"PEDAGOGO";"";"";"RS"
"21/09/2026";"12:31:37";"2026";"6259";"Eleições Gerais Estaduais 2026";"RS";"7";"DEPUTADO ESTADUAL";"210002539094";"10120";"ELIANA DO NASCIMENTO NARVAIS BAYER";"ELIANA BAYER";"REPUBLICANOS";"REPUBLICANOS";"10";"-1";"#NULO";"#NULO";"#NE";"";"";"";"";"DEPUTADO";"";"";"RS"
"21/09/2026";"12:31:37";"2026";"6259";"Eleições Gerais Estaduais 2026";"RS";"7";"DEPUTADO ESTADUAL";"210002539070";"10022";"VALÉSKA MACHADO DA SILVA WALBER";"VALÉSKA  WALBER";"REPUBLICANOS";"REPUBLICANOS";"10";"-1";"#NULO";"#NULO";"#NE";"";"";"";"";"PSICÓLOGO";"";"";"RS"
"21/09/2026";"12:31:37";"2026";"6259";"Eleições Gerais Estaduais 2026";"RS";"7";"DEPUTADO ESTADUAL";"210002533390";"80000";"EVERALDO SANTOS DE OLIVEIRA JUNIOR";"EVERALDO OLIVEIRA";"UP";"UNIDADE POPULAR";"80";"-1";"#NULO";"#NULO";"#NE";"";"";"";"";"COMUNICÓLOGO";"";"";"RS"
"21/09/2026";"12:31:37";"2026";"6259";"Eleições Gerais Estaduais 2026";"RS";"7";"DEPUTADO ESTADUAL";"210002541970";"45900";"MOISES DA SILVA BARBOZA";"MOISÉS BARBOZA";"PSDB";"PARTIDO DA SOCIAL DEMOCRACIA BRASILEIRA";"45";"100";"FEDERAÇÃO PSDB CIDADANIA";"45-PSDB/23-CIDADANIA";"#NE";"";"";"";"";"VEREADOR";"";"";"RS"
"21/09/2026";"12:31:37";"2026";"6259";"Eleições Gerais Estaduais 2026";"RS";"7";"DEPUTADO ESTADUAL";"210002541963";"45345";"MAURICIO DA SILVA MONTEIRO";"MAURÍCIO SHOGUN";"PSDB";"PARTIDO DA SOCIAL DEMOCRACIA BRASILEIRA";"45";"100";"FEDERAÇÃO PSDB CIDADANIA";"45-PSDB/23-CIDADANIA";"#NE";"";"";"";"";"OUTROS";"";"";"RS"
"21/09/2026";"12:31:37";"2026";"6259";"Eleições Gerais Estaduais 2026";"RS";"7";"DEPUTADO ESTADUAL";"210002541976";"45123";"NADER ALI UMAR";"NADER";"PSDB";"PARTIDO DA SOCIAL DEMOCRACIA BRASILEIRA";"45";"100";"FEDERAÇÃO PSDB CIDADANIA";"45-PSDB/23-CIDADANIA";"#NE";"";"";"";"";"ADVOGADO";"";"";"RS"
"21/09/2026";"12:31:37";"2026";"6259";"Eleições Gerais Estaduais 2026";"RS";"7";"DEPUTADO ESTADUAL";"210002535685";"22190";"NADIA RODRIGUES SILVEIRA GERHARD";"COMANDANTE NÁDIA";"PL";"PARTIDO LIBERAL";"22";"-1";"#NULO";"#NULO";"#NE";"";"";"";"";"VEREADOR";"";"";"RS"
"21/09/2026";"12:31:37";"2026";"6259";"Eleições Gerais Estaduais 2026";"RS";"7";"DEPUTADO ESTADUAL";"210002535707";"22555";"EDISON OSVALDO ARNT";"EDISON ARNT";"PL";"PARTIDO LIBERAL";"22";"-1";"#NULO";"#NULO";"#NE";"";"";"";"";"SERVIDOR PÚBLICO CIVIL APOSENTADO";"";"";"RS"
"21/09/2026";"12:31:37";"2026";"6259";"Eleições Gerais Estaduais 2026";"RS";"7";"DEPUTADO ESTADUAL";"210002535667";"22888";"LUIS ANDRE BENOITT";"LUÍS BENOITT";"PL";"PARTIDO LIBERAL";"22";"-1";"#NULO";"#NULO";"#NE";"";"";"";"";"QUÍMICO";"";"";"RS"
"21/09/2026";"12:31:37";"2026";"6259";"Eleições Gerais Estaduais 2026";"RS";"7";"DEPUTADO ESTADUAL";"210002535661";"22009";"PAULO EDUARDO DA SILVA BASTOS";"DR. PAULO BASTOS";"PL";"PARTIDO LIBERAL";"22";"-1";"#NULO";"#NULO";"#NE";"";"";"";"";"MÉDICO";"";"";"RS"
"21/09/2026";"12:31:37";"2026";"6259";"Eleições Gerais Estaduais 2026";"RS";"7";"DEPUTADO ESTADUAL";"210002535678";"22321";"RODRIGO CASSOL LIMA";"RODRIGO CASSOL LIMA";"PL";"PARTIDO LIBERAL";"22";"-1";"#NULO";"#NULO";"#NE";"";"";"";"";"ADVOGADO";"";"";"RS"
"21/09/2026";"12:31:37";"2026";"6259";"Eleições Gerais Estaduais 2026";"RS";"7";"DEPUTADO ESTADUAL";"210002535708";"22221";"ERON GASPAR DA SILVA GARCIA";"ERON GARCIA";"PL";"PARTIDO LIBERAL";"22";"-1";"#NULO";"#NULO";"#NE";"";"";"";"";"ADVOGADO";"";"";"RS"
"21/09/2026";"12:31:37";"2026";"6259";"Eleições Gerais Estaduais 2026";"RS";"7";"DEPUTADO ESTADUAL";"210002543861";"14333";"CARLOS IRAN SIMÕES DE MEDEIROS";"CARLOS IRAN";"MISSÃO";"PARTIDO MISSÃO";"14";"-1";"#NULO";"#NULO";"#NE";"";"";"";"";"ESTUDANTE, BOLSISTA, ESTAGIÁRIO E ASSEMELHADOS";"";"";"RS"
"21/09/2026";"12:31:37";"2026";"6259";"Eleições Gerais Estaduais 2026";"RS";"7";"DEPUTADO ESTADUAL";"210002534324";"20333";"CARLOS HENRIQUE BASTOS D AVILA";"KAKÁ D´ÁVILA";"PODE";"PODEMOS";"20";"-1";"#NULO";"#NULO";"#NE";"";"";"";"";"DEPUTADO";"";"";"RS"
"21/09/2026";"12:31:37";"2026";"6259";"Eleições Gerais Estaduais 2026";"RS";"7";"DEPUTADO ESTADUAL";"210002534316";"20100";"MARIA IVETE DE GODOY GRADE";"IVETE GRADE";"PODE";"PODEMOS";"20";"-1";"#NULO";"#NULO";"#NE";"";"";"";"";"APOSENTADO (EXCETO SERVIDOR PÚBLICO)";"";"";"RS"
"21/09/2026";"12:31:37";"2026";"6259";"Eleições Gerais Estaduais 2026";"RS";"7";"DEPUTADO ESTADUAL";"210002534327";"20000";"GIOVANE LUIZ DE LIMA JUNIOR";"GIOVANE BYL";"PODE";"PODEMOS";"20";"-1";"#NULO";"#NULO";"#NE";"";"";"";"";"VEREADOR";"";"";"RS"
"21/09/2026";"12:31:37";"2026";"6259";"Eleições Gerais Estaduais 2026";"RS";"7";"DEPUTADO ESTADUAL";"210002534345";"20777";"SALOMÃO MORAES";"SALOMÃO MORAES";"PODE";"PODEMOS";"20";"-1";"#NULO";"#NULO";"#NE";"";"";"";"";"VEREADOR";"";"";"RS"
"21/09/2026";"12:31:37";"2026";"6259";"Eleições Gerais Estaduais 2026";"RS";"7";"DEPUTADO ESTADUAL";"210002534329";"20087";"JULIANO GONÇALVES CARDOZO";"COMUNICADOR JULIANO";"PODE";"PODEMOS";"20";"-1";"#NULO";"#NULO";"#NE";"";"";"";"";"OUTROS";"";"";"RS"
"21/09/2026";"12:31:37";"2026";"6259";"Eleições Gerais Estaduais 2026";"RS";"7";"DEPUTADO ESTADUAL";"210002537888";"11611";"MÁRIO AUGUSTO DE FREIRE GONÇALVES";"MÁRIO AUGUSTO";"PP";"PROGRESSISTAS";"11";"104";"FEDERAÇÃO UNIÃO PROGRESSISTA";"44-UNIÃO/11-PP";"#NE";"";"";"";"";"PECUARISTA";"";"";"RS"
"21/09/2026";"12:31:37";"2026";"6259";"Eleições Gerais Estaduais 2026";"RS";"7";"DEPUTADO ESTADUAL";"210002548182";"15123";"CRISTIANE ZINELLE FERREIRA LOHMANN";"CRIS LOHMANN";"MDB";"MOVIMENTO DEMOCRÁTICO BRASILEIRO";"15";"-1";"#NULO";"#NULO";"#NE";"";"";"";"";"SERVIDOR PÚBLICO ESTADUAL";"";"";"RS"
"21/09/2026";"12:31:37";"2026";"6259";"Eleições Gerais Estaduais 2026";"RS";"7";"DEPUTADO ESTADUAL";"210002548207";"15000";"LUCIANO DA SILVA SILVEIRA";"LUCIANO SILVEIRA";"MDB";"MOVIMENTO DEMOCRÁTICO BRASILEIRO";"15";"-1";"#NULO";"#NULO";"#NE";"";"";"";"";"DEPUTADO";"";"";"RS"
"21/09/2026";"12:31:37";"2026";"6259";"Eleições Gerais Estaduais 2026";"RS";"7";"DEPUTADO ESTADUAL";"210002548197";"15789";"CLAIR TOME KUHN";"CLAIR KUHN";"MDB";"MOVIMENTO DEMOCRÁTICO BRASILEIRO";"15";"-1";"#NULO";"#NULO";"#NE";"";"";"";"";"AGRICULTOR";"";"";"RS"
"21/09/2026";"12:31:37";"2026";"6259";"Eleições Gerais Estaduais 2026";"RS";"7";"DEPUTADO ESTADUAL";"210002548186";"15140";"CARLOS ANTONIO BURIGO";"CARLOS BÚRIGO";"MDB";"MOVIMENTO DEMOCRÁTICO BRASILEIRO";"15";"-1";"#NULO";"#NULO";"#NE";"";"";"";"";"PRODUTOR AGROPECUÁRIO";"";"";"RS"
"21/09/2026";"12:31:37";"2026";"6259";"Eleições Gerais Estaduais 2026";"RS";"7";"DEPUTADO ESTADUAL";"210002548224";"15600";"CARLOS EDUARDO DOUGLAS SANTANA";"MANINHO CARLOS EDUARDO";"MDB";"MOVIMENTO DEMOCRÁTICO BRASILEIRO";"15";"-1";"#NULO";"#NULO";"#NE";"";"";"";"";"PSICÓLOGO";"";"";"RS"
"21/09/2026";"12:31:37";"2026";"6259";"Eleições Gerais Estaduais 2026";"RS";"7";"DEPUTADO ESTADUAL";"210002548209";"15100";"JOÃO PEDRO SOUZA NUNES";"JOÃO PEDRO";"MDB";"MOVIMENTO DEMOCRÁTICO BRASILEIRO";"15";"-1";"#NULO";"#NULO";"#NE";"";"";"";"";"VEREADOR";"";"";"RS"
"21/09/2026";"12:31:37";"2026";"6259";"Eleições Gerais Estaduais 2026";"RS";"7";"DEPUTADO ESTADUAL";"210002548222";"15115";"MARCIO PEREIRA ANTUNES";"MARCIO ANTUNES";"MDB";"MOVIMENTO DEMOCRÁTICO BRASILEIRO";"15";"-1";"#NULO";"#NULO";"#NE";"";"";"";"";"EMPRESÁRIO";"";"";"RS"
"21/09/2026";"12:31:37";"2026";"6259";"Eleições Gerais Estaduais 2026";"RS";"7";"DEPUTADO ESTADUAL";"210002548184";"15678";"DELANOR BIF DE LAGOS";"PRETO";"MDB";"MOVIMENTO DEMOCRÁTICO BRASILEIRO";"15";"-1";"#NULO";"#NULO";"#NE";"";"";"";"";"VEREADOR";"";"";"RS"
"21/09/2026";"12:31:37";"2026";"6259";"Eleições Gerais Estaduais 2026";"RS";"7";"DEPUTADO ESTADUAL";"210002533924";"50150";"GUILHERME STURMER LOVATTO";"PROFESSOR GUILHERME";"PSOL";"PARTIDO SOCIALISMO E LIBERDADE";"50";"102";"FEDERAÇÃO PSOL REDE";"50-PSOL/18-REDE";"#NE";"";"";"";"";"PROFESSOR DE ENSINO SUPERIOR";"";"";"RS"
"21/09/2026";"12:31:37";"2026";"6259";"Eleições Gerais Estaduais 2026";"RS";"7";"DEPUTADO ESTADUAL";"210002533939";"50007";"DJALMA DUTRA NETO";"DJALMA DUTRA";"PSOL";"PARTIDO SOCIALISMO E LIBERDADE";"50";"102";"FEDERAÇÃO PSOL REDE";"50-PSOL/18-REDE";"#NE";"";"";"";"";"MECÂNICO DE MANUTENÇÃO";"";"";"RS"
"21/09/2026";"12:31:37";"2026";"6259";"Eleições Gerais Estaduais 2026";"RS";"7";"DEPUTADO ESTADUAL";"210002533928";"50333";"JULIANA SELLE VINSKOSKI";"SORA JU";"PSOL";"PARTIDO SOCIALISMO E LIBERDADE";"50";"102";"FEDERAÇÃO PSOL REDE";"50-PSOL/18-REDE";"#NE";"";"";"";"";"PROFESSOR DE ENSINO MÉDIO";"";"";"RS"
"21/09/2026";"12:31:37";"2026";"6259";"Eleições Gerais Estaduais 2026";"RS";"7";"DEPUTADO ESTADUAL";"210002540650";"55955";"JÚLIO CESAR MARIA MACHADO";"JULIO LUZ";"PSD";"PARTIDO SOCIAL DEMOCRÁTICO";"55";"-1";"#NULO";"#NULO";"#NE";"";"";"";"";"OUTROS";"";"";"RS"
"21/09/2026";"12:31:37";"2026";"6259";"Eleições Gerais Estaduais 2026";"RS";"7";"DEPUTADO ESTADUAL";"210002540634";"55180";"MARCIA WEBER ROSSATO";"MARCIA WEBER";"PSD";"PARTIDO SOCIAL DEMOCRÁTICO";"55";"-1";"#NULO";"#NULO";"#NE";"";"";"";"";"PROFESSOR DE ENSINO FUNDAMENTAL";"";"";"RS"
"21/09/2026";"12:31:37";"2026";"6259";"Eleições Gerais Estaduais 2026";"RS";"7";"DEPUTADO ESTADUAL";"210002540665";"55600";"PEDRO OZORIO PEREIRA";"PEDRO PEREIRA";"PSD";"PARTIDO SOCIAL DEMOCRÁTICO";"55";"-1";"#NULO";"#NULO";"#NE";"";"";"";"";"MÉDICO";"";"";"RS"
"21/09/2026";"12:31:37";"2026";"6259";"Eleições Gerais Estaduais 2026";"RS";"7";"DEPUTADO ESTADUAL";"210002540648";"55155";"PRISCILA DE CASTRO MORALES";"PRISCILA DE CASTRO";"PSD";"PARTIDO SOCIAL DEMOCRÁTICO";"55";"-1";"#NULO";"#NULO";"#NE";"";"";"";"";"ADVOGADO";"";"";"RS"
"21/09/2026";"12:31:37";"2026";"6259";"Eleições Gerais Estaduais 2026";"RS";"7";"DEPUTADO ESTADUAL";"210002552771";"35000";"DANIEL LOPES TORRES";"DANIEL TORRES";"DEMOCRATA";"DEMOCRATA";"35";"-1";"#NULO";"#NULO";"#NE";"";"";"";"";"ESTUDANTE, BOLSISTA, ESTAGIÁRIO E ASSEMELHADOS";"";"";"RS"
"21/09/2026";"12:31:37";"2026";"6259";"Eleições Gerais Estaduais 2026";"RS";"7";"DEPUTADO ESTADUAL";"210002552767";"35018";"DANI DARLEI SILVEIRA CALDAS";"DANI DARLEI";"DEMOCRATA";"DEMOCRATA";"35";"-1";"#NULO";"#NULO";"#NE";"";"";"";"";"PORTEIRO DE EDIFÍCIO, ASCENSORISTA, GARAGISTA E ZELADOR";"";"";"RS"
"21/09/2026";"12:31:37";"2026";"6259";"Eleições Gerais Estaduais 2026";"RS";"7";"DEPUTADO ESTADUAL";"210002552763";"35300";"ANTONIO CARLOS GONCALVES MARIA JUNIOR";"ANTONIO JUNIOR";"DEMOCRATA";"DEMOCRATA";"35";"-1";"#NULO";"#NULO";"#NE";"";"";"";"";"CORRETOR DE IMÓVEIS, SEGUROS, TÍTULOS E VALORES";"";"";"RS"
"21/09/2026";"12:31:37";"2026";"6259";"Eleições Gerais Estaduais 2026";"RS";"7";"DEPUTADO ESTADUAL";"210002537542";"40707";"LEANDRO DOS SANTOS";"LEANDRO LIBAN";"PSB";"PARTIDO SOCIALISTA BRASILEIRO";"40";"-1";"#NULO";"#NULO";"#NE";"";"";"";"";"OUTROS";"";"";"RS"
"21/09/2026";"12:31:37";"2026";"6259";"Eleições Gerais Estaduais 2026";"RS";"7";"DEPUTADO ESTADUAL";"210002537536";"40042";"RENAN DA SILVA";"RENAN DA SILVA";"PSB";"PARTIDO SOCIALISTA BRASILEIRO";"40";"-1";"#NULO";"#NULO";"#NE";"";"";"";"";"COMERCIANTE";"";"";"RS"
"21/09/2026";"12:31:37";"2026";"6259";"Eleições Gerais Estaduais 2026";"RS";"7";"DEPUTADO ESTADUAL";"210002537530";"40140";"ANDRE CASSIO DA SILVA OLIVEIRA";"ANDRÉ OLIVEIRA";"PSB";"PARTIDO SOCIALISTA BRASILEIRO";"40";"-1";"#NULO";"#NULO";"#NE";"";"";"";"";"EMPRESÁRIO";"";"";"RS"
"21/09/2026";"12:31:37";"2026";"6259";"Eleições Gerais Estaduais 2026";"RS";"7";"DEPUTADO ESTADUAL";"210002537526";"40800";"ANDRESSA CRISTIANE PEREIRA JOCHEM";"ANDRESSA MAIS PARTICIPAÇÃO";"PSB";"PARTIDO SOCIALISTA BRASILEIRO";"40";"-1";"#NULO";"#NULO";"#NE";"";"";"";"";"ESTUDANTE, BOLSISTA, ESTAGIÁRIO E ASSEMELHADOS";"";"";"RJ"
"21/09/2026";"12:31:37";"2026";"6259";"Eleições Gerais Estaduais 2026";"RS";"7";"DEPUTADO ESTADUAL";"210002537540";"40050";"MARISA DA SILVA SANTOS";"MARISA SILVA";"PSB";"PARTIDO SOCIALISTA BRASILEIRO";"40";"-1";"#NULO";"#NULO";"#NE";"";"";"";"";"EMPRESÁRIO";"";"";"RS"
"21/09/2026";"12:31:37";"2026";"6259";"Eleições Gerais Estaduais 2026";"RS";"7";"DEPUTADO ESTADUAL";"210002533049";"30053";"JULIO CESAR SANTOS DA CUNHA";"JULINHO CUNHA";"NOVO";"PARTIDO NOVO";"30";"-1";"#NULO";"#NULO";"#NE";"";"";"";"";"VENDEDOR PRACISTA, REPRESENTANTE, CAIXEIRO-VIAJANTE E ASSEMELHADOS";"";"";"RS"
"21/09/2026";"12:31:37";"2026";"6259";"Eleições Gerais Estaduais 2026";"RS";"7";"DEPUTADO ESTADUAL";"210002533071";"30001";"MATEUS ZOTTI DALRI";"MATEUS DALRI";"NOVO";"PARTIDO NOVO";"30";"-1";"#NULO";"#NULO";"#NE";"";"";"";"";"ECONOMISTA";"";"";"RS"
"21/09/2026";"12:31:37";"2026";"6259";"Eleições Gerais Estaduais 2026";"RS";"7";"DEPUTADO ESTADUAL";"210002533038";"30130";"CARLOS ALEX MACHADO";"IRMÃO CARLOS ALEX";"NOVO";"PARTIDO NOVO";"30";"-1";"#NULO";"#NULO";"#NE";"";"";"";"";"VENDEDOR DE COMÉRCIO VAREJISTA E ATACADISTA";"";"";"RS"
"21/09/2026";"12:31:37";"2026";"6259";"Eleições Gerais Estaduais 2026";"RS";"7";"DEPUTADO ESTADUAL";"210002539785";"12666";"EVANIA MARIA SILVEIRA NUNES DE LIMA";"EVÂNIA NUNES";"PDT";"PARTIDO DEMOCRÁTICO TRABALHISTA";"12";"-1";"#NULO";"#NULO";"#NE";"";"";"";"";"VEREADOR";"";"";"RS"
"21/09/2026";"12:31:37";"2026";"6259";"Eleições Gerais Estaduais 2026";"RS";"7";"DEPUTADO ESTADUAL";"210002539819";"12400";"LUIZ FERNANDO CUOZZO LEMOS";"PROF. LUIZ FERNANDO";"PDT";"PARTIDO DEMOCRÁTICO TRABALHISTA";"12";"-1";"#NULO";"#NULO";"#NE";"";"";"";"";"PROFESSOR DE ENSINO SUPERIOR";"";"";"RS"
"21/09/2026";"12:31:37";"2026";"6259";"Eleições Gerais Estaduais 2026";"RS";"7";"DEPUTADO ESTADUAL";"210002539806";"12222";"LUCIANO LIBORIO BAPTISTA ORSI";"LUCIANO ORSI";"PDT";"PARTIDO DEMOCRÁTICO TRABALHISTA";"12";"-1";"#NULO";"#NULO";"#NE";"";"";"";"";"ADVOGADO";"";"";"RS"
"21/09/2026";"12:31:37";"2026";"6259";"Eleições Gerais Estaduais 2026";"RS";"7";"DEPUTADO ESTADUAL";"210002539816";"12001";"CARLOS ALEXANDRE GONCALVES";"ALEXANDRE GONÇALVES";"PDT";"PARTIDO DEMOCRÁTICO TRABALHISTA";"12";"-1";"#NULO";"#NULO";"#NE";"";"";"";"";"VEREADOR";"";"";"RS"
"21/09/2026";"12:31:37";"2026";"6259";"Eleições Gerais Estaduais 2026";"RS";"7";"DEPUTADO ESTADUAL";"210002539817";"12123";"REGINA COSTA DOS SANTOS";"PROFESSORA REGINA";"PDT";"PARTIDO DEMOCRÁTICO TRABALHISTA";"12";"-1";"#NULO";"#NULO";"#NE";"";"";"";"";"PROFESSOR DE ENSINO FUNDAMENTAL";"";"";"RS"
"21/09/2026";"12:31:37";"2026";"6259";"Eleições Gerais Estaduais 2026";"RS";"7";"DEPUTADO ESTADUAL";"210002539823";"12712";"SARA MARROCOS BEZERRA GALL";"SARA GALL";"PDT";"PARTIDO DEMOCRÁTICO TRABALHISTA";"12";"-1";"#NULO";"#NULO";"#NE";"";"";"";"";"OUTROS";"";"";"CE"
"21/09/2026";"12:31:37";"2026";"6259";"Eleições Gerais Estaduais 2026";"RS";"7";"DEPUTADO ESTADUAL";"210002539811";"12190";"GIULIANO TAMAGNO";"GIULIANO TAMAGNO";"PDT";"PARTIDO DEMOCRÁTICO TRABALHISTA";"12";"-1";"#NULO";"#NULO";"#NE";"";"";"";"";"ADVOGADO";"";"";"RS"
"21/09/2026";"12:31:37";"2026";"6259";"Eleições Gerais Estaduais 2026";"RS";"7";"DEPUTADO ESTADUAL";"210002539782";"12470";"ANDRÉ LUÍS FREITAS DUARTE";"ANDRÉ DUARTE";"PDT";"PARTIDO DEMOCRÁTICO TRABALHISTA";"12";"-1";"#NULO";"#NULO";"#NE";"";"";"";"";"SERVIDOR PÚBLICO MUNICIPAL";"";"";"RS"
"21/09/2026";"12:31:37";"2026";"6259";"Eleições Gerais Estaduais 2026";"RS";"7";"DEPUTADO ESTADUAL";"210002539783";"12500";"LUIZ JACOMINI RIGHI FILHO";"LUIZ JACOMINI";"PDT";"PARTIDO DEMOCRÁTICO TRABALHISTA";"12";"-1";"#NULO";"#NULO";"#NE";"";"";"";"";"SERVIDOR PÚBLICO ESTADUAL";"";"";"RS"
"21/09/2026";"12:31:37";"2026";"6259";"Eleições Gerais Estaduais 2026";"RS";"7";"DEPUTADO ESTADUAL";"210002539820";"12777";"ANDREIA LETICIA MARGAREZI";"ANDREIA MARGAREZI";"PDT";"PARTIDO DEMOCRÁTICO TRABALHISTA";"12";"-1";"#NULO";"#NULO";"#NE";"";"";"";"";"ASSISTENTE SOCIAL";"";"";"RS"
"21/09/2026";"12:31:37";"2026";"6259";"Eleições Gerais Estaduais 2026";"RS";"7";"DEPUTADO ESTADUAL";"210002534023";"13015";"MARINA MARIA DE AVILA CALLEGARO";"MARINA CALLEGARO";"PT";"PARTIDO DOS TRABALHADORES";"13";"101";"FEDERAÇÃO BRASIL DA ESPERANÇA - FE BRASIL";"13-PT/65-PC do B/43-PV";"#NE";"";"";"";"";"ADVOGADO";"";"";"RS"
"21/09/2026";"12:31:37";"2026";"6259";"Eleições Gerais Estaduais 2026";"RS";"7";"DEPUTADO ESTADUAL";"210002534049";"13012";"CLAUDIO MARCOS PERES TORALLES";"CLAUDIO TORALLES";"PT";"PARTIDO DOS TRABALHADORES";"13";"101";"FEDERAÇÃO BRASIL DA ESPERANÇA - FE BRASIL";"13-PT/65-PC do B/43-PV";"#NE";"";"";"";"";"OUTROS";"";"";"RS"
"21/09/2026";"12:31:37";"2026";"6259";"Eleições Gerais Estaduais 2026";"RS";"7";"DEPUTADO ESTADUAL";"210002534036";"13655";"ADÃO PRETTO FILHO";"ADÃO PRETTO";"PT";"PARTIDO DOS TRABALHADORES";"13";"101";"FEDERAÇÃO BRASIL DA ESPERANÇA - FE BRASIL";"13-PT/65-PC do B/43-PV";"#NE";"";"";"";"";"DEPUTADO";"";"";"RS"
"21/09/2026";"12:31:37";"2026";"6259";"Eleições Gerais Estaduais 2026";"RS";"7";"DEPUTADO ESTADUAL";"210002534037";"13613";"SIDINEI CARDOSO PEREIRA";"SIDI CARDOSO";"PT";"PARTIDO DOS TRABALHADORES";"13";"101";"FEDERAÇÃO BRASIL DA ESPERANÇA - FE BRASIL";"13-PT/65-PC do B/43-PV";"#NE";"";"";"";"";"VEREADOR";"";"";"RS"
"21/09/2026";"12:31:37";"2026";"6259";"Eleições Gerais Estaduais 2026";"RS";"7";"DEPUTADO ESTADUAL";"210002534024";"43999";"LUCIANE SOUZA D  AVILA";"LUCIANE D AVILA";"PV";"PARTIDO VERDE";"43";"101";"FEDERAÇÃO BRASIL DA ESPERANÇA - FE BRASIL";"13-PT/65-PC do B/43-PV";"#NE";"";"";"";"";"DONA DE CASA";"";"";"RS"
"21/09/2026";"12:31:37";"2026";"6259";"Eleições Gerais Estaduais 2026";"RS";"7";"DEPUTADO ESTADUAL";"210002534005";"13678";"JOACIR PICOLOTTO";"PICOLOTTO";"PT";"PARTIDO DOS TRABALHADORES";"13";"101";"FEDERAÇÃO BRASIL DA ESPERANÇA - FE BRASIL";"13-PT/65-PC do B/43-PV";"#NE";"";"";"";"";"APOSENTADO (EXCETO SERVIDOR PÚBLICO)";"";"";"RS"
"21/09/2026";"12:31:37";"2026";"6259";"Eleições Gerais Estaduais 2026";"RS";"7";"DEPUTADO ESTADUAL";"210002534013";"13010";"ALEXANDRE BUBLITZ";"ALEXANDRE BUBLITZ";"PT";"PARTIDO DOS TRABALHADORES";"13";"101";"FEDERAÇÃO BRASIL DA ESPERANÇA - FE BRASIL";"13-PT/65-PC do B/43-PV";"#NE";"";"";"";"";"MÉDICO";"";"";"RS"
"21/09/2026";"12:31:37";"2026";"6259";"Eleições Gerais Estaduais 2026";"RS";"7";"DEPUTADO ESTADUAL";"210002534040";"13813";"ANA INES AFFONSO";"ANA AFFONSO";"PT";"PARTIDO DOS TRABALHADORES";"13";"101";"FEDERAÇÃO BRASIL DA ESPERANÇA - FE BRASIL";"13-PT/65-PC do B/43-PV";"#NE";"";"";"";"";"PROFESSOR DE ENSINO FUNDAMENTAL";"";"";"RS"
"21/09/2026";"12:31:37";"2026";"6259";"Eleições Gerais Estaduais 2026";"RS";"7";"DEPUTADO ESTADUAL";"210002539073";"10200";"SIMONE CRISTINA WINTER FANTINEL BILO";"ENFERMEIRA SIMONE FANTINEL";"REPUBLICANOS";"REPUBLICANOS";"10";"-1";"#NULO";"#NULO";"#NE";"";"";"";"";"ENFERMEIRO";"";"";"RS"
"21/09/2026";"12:31:37";"2026";"6259";"Eleições Gerais Estaduais 2026";"RS";"7";"DEPUTADO ESTADUAL";"210002539082";"10505";"EMERSON KUHN CORNELIUS";"TENENTE EMERSON";"REPUBLICANOS";"REPUBLICANOS";"10";"-1";"#NULO";"#NULO";"#NE";"";"";"";"";"POLICIAL MILITAR";"";"";"RS"
"21/09/2026";"12:31:37";"2026";"6259";"Eleições Gerais Estaduais 2026";"RS";"7";"DEPUTADO ESTADUAL";"210002539095";"10101";"NIVEA NUNES SARAIVA";"NIVEA SARAIVA";"REPUBLICANOS";"REPUBLICANOS";"10";"-1";"#NULO";"#NULO";"#NE";"";"";"";"";"EMPRESÁRIO";"";"";"RS"
"21/09/2026";"12:31:37";"2026";"6259";"Eleições Gerais Estaduais 2026";"RS";"7";"DEPUTADO ESTADUAL";"210002539078";"10193";"JOÃO BATISTA PIRES MARTINS";"BOMBEIRO BATISTA";"REPUBLICANOS";"REPUBLICANOS";"10";"-1";"#NULO";"#NULO";"#NE";"";"";"";"";"VEREADOR";"";"";"RS"
"21/09/2026";"12:31:37";"2026";"6259";"Eleições Gerais Estaduais 2026";"RS";"7";"DEPUTADO ESTADUAL";"210002539059";"10500";"UBAIARA LANGE CORREA DA SILVA";"UBAIARA DA ESCOVINHA";"REPUBLICANOS";"REPUBLICANOS";"10";"-1";"#NULO";"#NULO";"#NE";"";"";"";"";"VENDEDOR PRACISTA, REPRESENTANTE, CAIXEIRO-VIAJANTE E ASSEMELHADOS";"";"";"RS"
"21/09/2026";"12:31:37";"2026";"6259";"Eleições Gerais Estaduais 2026";"RS";"7";"DEPUTADO ESTADUAL";"210002539099";"10250";"CARLOS ROBERTO MACHADO MONTEIRO";"CARLOS TUBARÃO";"REPUBLICANOS";"REPUBLICANOS";"10";"-1";"#NULO";"#NULO";"#NE";"";"";"";"";"COMERCIANTE";"";"";"RS"
"21/09/2026";"12:31:37";"2026";"6259";"Eleições Gerais Estaduais 2026";"RS";"7";"DEPUTADO ESTADUAL";"210002539065";"10045";"EZEQUIEL DA ROCHA QUADROS";"EZEQUIEL ROCHA";"REPUBLICANOS";"REPUBLICANOS";"10";"-1";"#NULO";"#NULO";"#NE";"";"";"";"";"SERVIDOR PÚBLICO ESTADUAL";"";"";"RS"
"21/09/2026";"12:31:37";"2026";"6259";"Eleições Gerais Estaduais 2026";"RS";"7";"DEPUTADO ESTADUAL";"210002539064";"10210";"MOACIR ASCARI";"MOACIR ASCARI FERA";"REPUBLICANOS";"REPUBLICANOS";"10";"-1";"#NULO";"#NULO";"#NE";"";"";"";"";"EMPRESÁRIO";"";"";"RS"
"21/09/2026";"12:31:37";"2026";"6259";"Eleições Gerais Estaduais 2026";"RS";"7";"DEPUTADO ESTADUAL";"210002539071";"10272";"ROBERTO PINTO MACIEL";"MACIEL";"REPUBLICANOS";"REPUBLICANOS";"10";"-1";"#NULO";"#NULO";"#NE";"";"";"";"";"OCUPANTE DE CARGO EM COMISSÃO";"";"";"RS"
"21/09/2026";"12:31:37";"2026";"6259";"Eleições Gerais Estaduais 2026";"RS";"7";"DEPUTADO ESTADUAL";"210002550222";"23303";"CAMILA PEREIRA RODRIGUES";"CAMILA RODRIGUES";"CIDADANIA";"CIDADANIA";"23";"100";"FEDERAÇÃO PSDB CIDADANIA";"45-PSDB/23-CIDADANIA";"#NE";"";"";"";"";"PADEIRO, CONFEITEIRO E ASSEMELHADOS";"";"";"RS"
"21/09/2026";"12:31:37";"2026";"6259";"Eleições Gerais Estaduais 2026";"RS";"7";"DEPUTADO ESTADUAL";"210002541955";"45455";"MICHELE GALVÃO DA SILVA";"ENFERMEIRA MICHELE GALVÃO";"PSDB";"PARTIDO DA SOCIAL DEMOCRACIA BRASILEIRA";"45";"100";"FEDERAÇÃO PSDB CIDADANIA";"45-PSDB/23-CIDADANIA";"#NE";"";"";"";"";"ENFERMEIRO";"";"";"RS"
"21/09/2026";"12:31:37";"2026";"6259";"Eleições Gerais Estaduais 2026";"RS";"7";"DEPUTADO ESTADUAL";"210002553926";"45745";"FABIO AUGUSTO AVILA DA SILVA";"COMETINHA";"PSDB";"PARTIDO DA SOCIAL DEMOCRACIA BRASILEIRA";"45";"100";"FEDERAÇÃO PSDB CIDADANIA";"45-PSDB/23-CIDADANIA";"#NE";"";"";"";"";"VEREADOR";"";"";"RS"
"21/09/2026";"12:31:37";"2026";"6259";"Eleições Gerais Estaduais 2026";"RS";"7";"DEPUTADO ESTADUAL";"210002541953";"45456";"DERLI DA SILVA";"DERLI DA SILVA";"PSDB";"PARTIDO DA SOCIAL DEMOCRACIA BRASILEIRA";"45";"100";"FEDERAÇÃO PSDB CIDADANIA";"45-PSDB/23-CIDADANIA";"#NE";"";"";"";"";"MECÂNICO DE MANUTENÇÃO";"";"";"RS"
"21/09/2026";"12:31:37";"2026";"6259";"Eleições Gerais Estaduais 2026";"RS";"7";"DEPUTADO ESTADUAL";"210002552015";"23423";"MARCIA JOSIANE OLIVEIRA DE LIMA";"MÁRCIA LIMA";"CIDADANIA";"CIDADANIA";"23";"100";"FEDERAÇÃO PSDB CIDADANIA";"45-PSDB/23-CIDADANIA";"#NE";"";"";"";"";"OUTROS";"";"";"RS"
"21/09/2026";"12:31:37";"2026";"6259";"Eleições Gerais Estaduais 2026";"RS";"7";"DEPUTADO ESTADUAL";"210002535662";"22002";"DANIEL AIRES BORDIM";"DANIEL BORDIM";"PL";"PARTIDO LIBERAL";"22";"-1";"#NULO";"#NULO";"#NE";"";"";"";"";"OUTROS";"";"";"RS"
"21/09/2026";"12:31:37";"2026";"6259";"Eleições Gerais Estaduais 2026";"RS";"7";"DEPUTADO ESTADUAL";"210002535676";"22700";"DIRCEU GODOI DE QUADROS";"DIRCEU QUADROS";"PL";"PARTIDO LIBERAL";"22";"-1";"#NULO";"#NULO";"#NE";"";"";"";"";"SERVENTUÁRIO DE JUSTIÇA";"";"";"RS"
"21/09/2026";"12:31:37";"2026";"6259";"Eleições Gerais Estaduais 2026";"RS";"7";"DEPUTADO ESTADUAL";"210002535697";"22333";"DANIEL BORGES DA SILVA";"DANIEL BORGES";"PL";"PARTIDO LIBERAL";"22";"-1";"#NULO";"#NULO";"#NE";"";"";"";"";"EMPRESÁRIO";"";"";"RS"
"21/09/2026";"12:31:37";"2026";"6259";"Eleições Gerais Estaduais 2026";"RS";"7";"DEPUTADO ESTADUAL";"210002535666";"22722";"LUCAS DE FREITAS PEREIRA";"LUCAS DE FREITAS";"PL";"PARTIDO LIBERAL";"22";"-1";"#NULO";"#NULO";"#NE";"";"";"";"";"CABELEIREIRO E BARBEIRO";"";"";"RS"
"21/09/2026";"12:31:37";"2026";"6259";"Eleições Gerais Estaduais 2026";"RS";"7";"DEPUTADO ESTADUAL";"210002543862";"14444";"NATÁLIA DREHER MEDINA";"NATÁLIA MEDINA";"MISSÃO";"PARTIDO MISSÃO";"14";"-1";"#NULO";"#NULO";"#NE";"";"";"";"";"EMPRESÁRIO";"";"";"RS"
"21/09/2026";"12:31:37";"2026";"6259";"Eleições Gerais Estaduais 2026";"RS";"7";"DEPUTADO ESTADUAL";"210002543857";"14000";"PEDRO MONTEIRO NETO";"PEDRO MONTEIRO";"MISSÃO";"PARTIDO MISSÃO";"14";"-1";"#NULO";"#NULO";"#NE";"";"";"";"";"ALMOXARIFE";"";"";"ES"
"21/09/2026";"12:31:37";"2026";"6259";"Eleições Gerais Estaduais 2026";"RS";"7";"DEPUTADO ESTADUAL";"210002534338";"20800";"JULIE MARIA MILANO";"DRA JULIE MILANO";"PODE";"PODEMOS";"20";"-1";"#NULO";"#NULO";"#NE";"";"";"";"";"FARMACÊUTICO";"";"";"RS"
"21/09/2026";"12:31:37";"2026";"6259";"Eleições Gerais Estaduais 2026";"RS";"7";"DEPUTADO ESTADUAL";"210002534313";"20500";"RONALDO SANTINI";"RONALDO SANTINI";"PODE";"PODEMOS";"20";"-1";"#NULO";"#NULO";"#NE";"";"";"";"";"DEPUTADO";"";"";"RS"
"21/09/2026";"12:31:37";"2026";"6259";"Eleições Gerais Estaduais 2026";"RS";"7";"DEPUTADO ESTADUAL";"210002534341";"20789";"PAULO SÉRGIO SILVA PEREIRA";"PAULINHO PEREIRA";"PODE";"PODEMOS";"20";"-1";"#NULO";"#NULO";"#NE";"";"";"";"";"LOCUTOR E COMENTARISTA DE RÁDIO E TELEVISÃO E RADIALISTA";"";"";"RS"
"21/09/2026";"12:31:37";"2026";"6259";"Eleições Gerais Estaduais 2026";"RS";"7";"DEPUTADO ESTADUAL";"210002537647";"11009";"SILVIO JAIR GARCIA";"SILVINHO 9";"PP";"PROGRESSISTAS";"11";"104";"FEDERAÇÃO UNIÃO PROGRESSISTA";"44-UNIÃO/11-PP";"#NE";"";"";"";"";"REPRESENTANTE COMERCIAL";"";"";"RS"
"21/09/2026";"12:31:37";"2026";"6259";"Eleições Gerais Estaduais 2026";"RS";"7";"DEPUTADO ESTADUAL";"210002537906";"44100";"JULIO CESAR LAMIM MARTINS DE OLIVEIRA";"JÚLIO LAMIM";"UNIÃO";"UNIÃO BRASIL";"44";"104";"FEDERAÇÃO UNIÃO PROGRESSISTA";"44-UNIÃO/11-PP";"#NE";"";"";"";"";"VEREADOR";"";"";"RJ"
"21/09/2026";"12:31:37";"2026";"6259";"Eleições Gerais Estaduais 2026";"RS";"7";"DEPUTADO ESTADUAL";"210002537897";"44567";"FABIANY ZOGBI ROIG";"FABIANY ZOGBI ROIG - FÁ";"UNIÃO";"UNIÃO BRASIL";"44";"104";"FEDERAÇÃO UNIÃO PROGRESSISTA";"44-UNIÃO/11-PP";"#NE";"";"";"";"";"PROFESSOR DE ENSINO MÉDIO";"";"";"RS"
"21/09/2026";"12:31:37";"2026";"6259";"Eleições Gerais Estaduais 2026";"RS";"7";"DEPUTADO ESTADUAL";"210002537903";"11033";"CRISTIANE VACCA";"CRISTIANE VACCA";"PP";"PROGRESSISTAS";"11";"104";"FEDERAÇÃO UNIÃO PROGRESSISTA";"44-UNIÃO/11-PP";"#NE";"";"";"";"";"ENFERMEIRO";"";"";"RS"
"21/09/2026";"12:31:37";"2026";"6259";"Eleições Gerais Estaduais 2026";"RS";"7";"DEPUTADO ESTADUAL";"210002537883";"11333";"GUILHERME RECH PASIN";"GUILHERME PASIN";"PP";"PROGRESSISTAS";"11";"104";"FEDERAÇÃO UNIÃO PROGRESSISTA";"44-UNIÃO/11-PP";"#NE";"";"";"";"";"DEPUTADO";"";"";"RS"
"21/09/2026";"12:31:37";"2026";"6259";"Eleições Gerais Estaduais 2026";"RS";"7";"DEPUTADO ESTADUAL";"210002537899";"11122";"RONNIE PETERSON COLPO MELLO";"RONNIE MELLO";"PP";"PROGRESSISTAS";"11";"104";"FEDERAÇÃO UNIÃO PROGRESSISTA";"44-UNIÃO/11-PP";"#NE";"";"";"";"";"ADVOGADO";"";"";"RS"
"21/09/2026";"12:31:37";"2026";"6259";"Eleições Gerais Estaduais 2026";"RS";"7";"DEPUTADO ESTADUAL";"210002537652";"11888";"CLAUDIA CAMPOS RIBEIRO";"PROFESSORA CLÁUDIA";"PP";"PROGRESSISTAS";"11";"104";"FEDERAÇÃO UNIÃO PROGRESSISTA";"44-UNIÃO/11-PP";"#NE";"";"";"";"";"SERVIDOR PÚBLICO CIVIL APOSENTADO";"";"";"RS"
"21/09/2026";"12:31:37";"2026";"6259";"Eleições Gerais Estaduais 2026";"RS";"7";"DEPUTADO ESTADUAL";"210002537879";"11444";"JULIO CESAR VIERO RUIVO";"RUIVO";"PP";"PROGRESSISTAS";"11";"104";"FEDERAÇÃO UNIÃO PROGRESSISTA";"44-UNIÃO/11-PP";"#NE";"";"";"";"";"VETERINÁRIO";"";"";"RS"
"21/09/2026";"12:31:37";"2026";"6259";"Eleições Gerais Estaduais 2026";"RS";"7";"DEPUTADO ESTADUAL";"210002537887";"11022";"RODRIGO MARQUES LORENZONI";"RODRIGO LORENZONI";"PP";"PROGRESSISTAS";"11";"104";"FEDERAÇÃO UNIÃO PROGRESSISTA";"44-UNIÃO/11-PP";"#NE";"";"";"";"";"VETERINÁRIO";"";"";"RS"
"21/09/2026";"12:31:37";"2026";"6259";"Eleições Gerais Estaduais 2026";"RS";"7";"DEPUTADO ESTADUAL";"210002548226";"15715";"RODRIGO ALENCAR BOHN GLINKE";"RODRIGO IPÊ";"MDB";"MOVIMENTO DEMOCRÁTICO BRASILEIRO";"15";"-1";"#NULO";"#NULO";"#NE";"";"";"";"";"SACERDOTE OU MEMBRO DE ORDEM OU SEITA RELIGIOSA";"";"";"RS"
"21/09/2026";"12:31:37";"2026";"6259";"Eleições Gerais Estaduais 2026";"RS";"7";"DEPUTADO ESTADUAL";"210002548185";"15815";"BRUNA MARIN ROSSATTO";"BRUNA MARIN";"MDB";"MOVIMENTO DEMOCRÁTICO BRASILEIRO";"15";"-1";"#NULO";"#NULO";"#NE";"";"";"";"";"ADVOGADO";"";"";"RS"
"21/09/2026";"12:31:37";"2026";"6259";"Eleições Gerais Estaduais 2026";"RS";"7";"DEPUTADO ESTADUAL";"210002548189";"15915";"MARCIO CRISTIANO PRADO DE FREITAS";"MÁRCIO FREITAS";"MDB";"MOVIMENTO DEMOCRÁTICO BRASILEIRO";"15";"-1";"#NULO";"#NULO";"#NE";"";"";"";"";"OUTROS";"";"";"RS"
"21/09/2026";"12:31:37";"2026";"6259";"Eleições Gerais Estaduais 2026";"RS";"7";"DEPUTADO ESTADUAL";"210002548200";"15234";"MARCO AURELIO SOARES ALBA";"MARCO ALBA";"MDB";"MOVIMENTO DEMOCRÁTICO BRASILEIRO";"15";"-1";"#NULO";"#NULO";"#NE";"";"";"";"";"ADVOGADO";"";"";"RS"
"21/09/2026";"12:31:37";"2026";"6259";"Eleições Gerais Estaduais 2026";"RS";"7";"DEPUTADO ESTADUAL";"210002533942";"50023";"ABRÃO FERNANDES GODOIS";"ABRÃO GODOIS";"PSOL";"PARTIDO SOCIALISMO E LIBERDADE";"50";"102";"FEDERAÇÃO PSOL REDE";"50-PSOL/18-REDE";"#NE";"";"";"";"";"APOSENTADO (EXCETO SERVIDOR PÚBLICO)";"";"";"RS"
"21/09/2026";"12:31:37";"2026";"6259";"Eleições Gerais Estaduais 2026";"RS";"7";"DEPUTADO ESTADUAL";"210002533932";"18000";"ROGERIO CHIMANSKI DA FONTOURA";"ROGÉRIO CHIMANSKI";"REDE";"REDE SUSTENTABILIDADE";"18";"102";"FEDERAÇÃO PSOL REDE";"50-PSOL/18-REDE";"#NE";"";"";"";"";"SERVIDOR PÚBLICO ESTADUAL";"";"";"RS"
"21/09/2026";"12:31:37";"2026";"6259";"Eleições Gerais Estaduais 2026";"RS";"7";"DEPUTADO ESTADUAL";"210002533940";"50777";"ALICE CARVALHO DA SILVA DOS SANTOS";"ALICE CARVALHO";"PSOL";"PARTIDO SOCIALISMO E LIBERDADE";"50";"102";"FEDERAÇÃO PSOL REDE";"50-PSOL/18-REDE";"#NE";"";"";"";"";"VEREADOR";"";"";"RS"
"21/09/2026";"12:31:37";"2026";"6259";"Eleições Gerais Estaduais 2026";"RS";"7";"DEPUTADO ESTADUAL";"210002540635";"55455";"ANDERSON JOSE PIETZARKA";"GUGUINHA DA PADARIA";"PSD";"PARTIDO SOCIAL DEMOCRÁTICO";"55";"-1";"#NULO";"#NULO";"#NE";"";"";"";"";"COMERCIANTE";"";"";"RS"
"21/09/2026";"12:31:37";"2026";"6259";"Eleições Gerais Estaduais 2026";"RS";"7";"DEPUTADO ESTADUAL";"210002540667";"55666";"CRISTIANE VALÉRIO";"CRISTIANE VALÉRIO";"PSD";"PARTIDO SOCIAL DEMOCRÁTICO";"55";"-1";"#NULO";"#NULO";"#NE";"";"";"";"";"SERVIDOR PÚBLICO MUNICIPAL";"";"";"PR"
"21/09/2026";"12:31:37";"2026";"6259";"Eleições Gerais Estaduais 2026";"RS";"7";"DEPUTADO ESTADUAL";"210002540643";"55188";"CARLOS ALBERTO DE LA VEGA BARROS";"CARLOS DA CAIXA D ÁGUA";"PSD";"PARTIDO SOCIAL DEMOCRÁTICO";"55";"-1";"#NULO";"#NULO";"#NE";"";"";"";"";"OUTROS";"";"";"RS"
"21/09/2026";"12:31:37";"2026";"6259";"Eleições Gerais Estaduais 2026";"RS";"7";"DEPUTADO ESTADUAL";"210002540664";"55000";"MELANIE GEIGER DE ALBUQUERQUE";"MEL ALBUQUERQUE";"PSD";"PARTIDO SOCIAL DEMOCRÁTICO";"55";"-1";"#NULO";"#NULO";"#NE";"";"";"";"";"JORNALISTA E REDATOR";"";"";"RS"
"21/09/2026";"12:31:37";"2026";"6259";"Eleições Gerais Estaduais 2026";"RS";"7";"DEPUTADO ESTADUAL";"210002540641";"55777";"CLAUDIA VIEIRA DE ARAUJO";"CLAUDIA ARAUJO";"PSD";"PARTIDO SOCIAL DEMOCRÁTICO";"55";"-1";"#NULO";"#NULO";"#NE";"";"";"";"";"VEREADOR";"";"";"RS"
"21/09/2026";"12:31:37";"2026";"6259";"Eleições Gerais Estaduais 2026";"RS";"7";"DEPUTADO ESTADUAL";"210002552772";"35035";"PAULO ROBERTO DA SILVA";"PAULO DA SILVA";"DEMOCRATA";"DEMOCRATA";"35";"-1";"#NULO";"#NULO";"#NE";"";"";"";"";"OUTROS";"";"";"RS"
"21/09/2026";"12:31:37";"2026";"6259";"Eleições Gerais Estaduais 2026";"RS";"7";"DEPUTADO ESTADUAL";"210002552765";"35555";"RODRIGO SOUZA COSTA";"RODRIGO  FISCAL DO POVO";"DEMOCRATA";"DEMOCRATA";"35";"-1";"#NULO";"#NULO";"#NE";"";"";"";"";"OUTROS";"";"";"RS"
"21/09/2026";"12:31:37";"2026";"6259";"Eleições Gerais Estaduais 2026";"RS";"7";"DEPUTADO ESTADUAL";"210002552768";"35777";"CLEDIGERSI DE OLIVEIRA";"CLEDIGERSI DO HDV NEWS";"DEMOCRATA";"DEMOCRATA";"35";"-1";"#NULO";"#NULO";"#NE";"";"";"";"";"MEMBRO DAS FORÇAS ARMADAS";"";"";"RS"
"21/09/2026";"12:31:37";"2026";"6259";"Eleições Gerais Estaduais 2026";"RS";"7";"DEPUTADO ESTADUAL";"210002552770";"35022";"MARCELO MOURA TEIXEIRA";"MARCELO TEIXEIRA";"DEMOCRATA";"DEMOCRATA";"35";"-1";"#NULO";"#NULO";"#NE";"";"";"";"";"GERENTE";"";"";"RS"
"21/09/2026";"12:31:37";"2026";"6259";"Eleições Gerais Estaduais 2026";"RS";"7";"DEPUTADO ESTADUAL";"210002552773";"35147";"ELIANA DE OLIVEIRA DOS SANTOS";"ELIANA OLIVEIRA";"DEMOCRATA";"DEMOCRATA";"35";"-1";"#NULO";"#NULO";"#NE";"";"";"";"";"OUTROS";"";"";"AM"
"21/09/2026";"12:31:37";"2026";"6259";"Eleições Gerais Estaduais 2026";"RS";"7";"DEPUTADO ESTADUAL";"210002533063";"30303";"MARLON LUCAS ROSSETTO SCHNEIDER";"MARLON SCHNEIDER (GIGANTE)";"NOVO";"PARTIDO NOVO";"30";"-1";"#NULO";"#NULO";"#NE";"";"";"";"";"ELETRICISTA E ASSEMELHADOS";"";"";"RS"
"21/09/2026";"12:31:37";"2026";"6259";"Eleições Gerais Estaduais 2026";"RS";"7";"DEPUTADO ESTADUAL";"210002537547";"40777";"JANINE BORGES SOARES";"JANINE SOARES";"PSB";"PARTIDO SOCIALISTA BRASILEIRO";"40";"-1";"#NULO";"#NULO";"#NE";"";"";"";"";"MEMBRO DO MINISTÉRIO PÚBLICO";"";"";"RS"
"21/09/2026";"12:31:37";"2026";"6259";"Eleições Gerais Estaduais 2026";"RS";"7";"DEPUTADO ESTADUAL";"210002533045";"30010";"CHARLES LUIS DA SILVA OLIVEIRA";"CHARLES OLIVEIRA";"NOVO";"PARTIDO NOVO";"30";"-1";"#NULO";"#NULO";"#NE";"";"";"";"";"EMPRESÁRIO";"";"";"RS"
"21/09/2026";"12:31:37";"2026";"6259";"Eleições Gerais Estaduais 2026";"RS";"7";"DEPUTADO ESTADUAL";"210002533053";"30193";"EVERTON DE SOUZA DIAS";"CORONEL EVERTON";"NOVO";"PARTIDO NOVO";"30";"-1";"#NULO";"#NULO";"#NE";"";"";"";"";"BOMBEIRO MILITAR";"";"";"RS"
"21/09/2026";"12:31:37";"2026";"6259";"Eleições Gerais Estaduais 2026";"RS";"7";"DEPUTADO ESTADUAL";"210002533072";"30311";"MARTIN CESAR KALKMANN";"MARTIN KALKMANN";"NOVO";"PARTIDO NOVO";"30";"-1";"#NULO";"#NULO";"#NE";"";"";"";"";"ENFERMEIRO";"";"";"RS"
"21/09/2026";"12:31:37";"2026";"6259";"Eleições Gerais Estaduais 2026";"RS";"7";"DEPUTADO ESTADUAL";"210002533061";"30123";"MATHEUS SCHILLING NUNES";"MATHEUS SCHILLING";"NOVO";"PARTIDO NOVO";"30";"-1";"#NULO";"#NULO";"#NE";"";"";"";"";"ADVOGADO";"";"";"RS"
"21/09/2026";"12:31:37";"2026";"6259";"Eleições Gerais Estaduais 2026";"RS";"7";"DEPUTADO ESTADUAL";"210002533060";"30737";"MILITSA LEROTIC BECKER BUENO";"MILITSA BUENO";"NOVO";"PARTIDO NOVO";"30";"-1";"#NULO";"#NULO";"#NE";"";"";"";"";"BANCÁRIO E ECONOMIÁRIO";"";"";"RS"
"21/09/2026";"12:31:37";"2026";"6259";"Eleições Gerais Estaduais 2026";"RS";"7";"DEPUTADO ESTADUAL";"210002533040";"30789";"JOÃO CAMARGO DO NASCIMENTO";"CAMARGO DO UBER";"NOVO";"PARTIDO NOVO";"30";"-1";"#NULO";"#NULO";"#NE";"";"";"";"";"MOTORISTA DE VEÍCULOS DE TRANSPORTE COLETIVO DE PASSAGEIROS";"";"";"RS"
"21/09/2026";"12:31:37";"2026";"6259";"Eleições Gerais Estaduais 2026";"RS";"7";"DEPUTADO ESTADUAL";"210002533050";"30064";"FRANCISCO MARQUES NETO";"TENENTE NETO";"NOVO";"PARTIDO NOVO";"30";"-1";"#NULO";"#NULO";"#NE";"";"";"";"";"EMPRESÁRIO";"";"";"RS"
"21/09/2026";"12:31:37";"2026";"6259";"Eleições Gerais Estaduais 2026";"RS";"7";"DEPUTADO ESTADUAL";"210002533059";"30777";"LUCIANA ORTOLAN CORSETTI SLAVIERO";"LU SLAVIERO";"NOVO";"PARTIDO NOVO";"30";"-1";"#NULO";"#NULO";"#NE";"";"";"";"";"ODONTÓLOGO";"";"";"RS"
"21/09/2026";"12:31:37";"2026";"6259";"Eleições Gerais Estaduais 2026";"RS";"7";"DEPUTADO ESTADUAL";"210002539821";"12912";"CÁTINA MONTEIRO FRESCURA";"CÁTINA MONTEIRO";"PDT";"PARTIDO DEMOCRÁTICO TRABALHISTA";"12";"-1";"#NULO";"#NULO";"#NE";"";"";"";"";"VEREADOR";"";"";"RS"
"21/09/2026";"12:31:37";"2026";"6259";"Eleições Gerais Estaduais 2026";"RS";"7";"DEPUTADO ESTADUAL";"210002539801";"12121";"BRUNO BERTÉ";"BRUNO BERTÉ";"PDT";"PARTIDO DEMOCRÁTICO TRABALHISTA";"12";"-1";"#NULO";"#NULO";"#NE";"";"";"";"";"ADVOGADO";"";"";"RS"
"21/09/2026";"12:31:37";"2026";"6259";"Eleições Gerais Estaduais 2026";"RS";"7";"DEPUTADO ESTADUAL";"210002539809";"12312";"GERSON BURMANN";"GERSON BURMANN";"PDT";"PARTIDO DEMOCRÁTICO TRABALHISTA";"12";"-1";"#NULO";"#NULO";"#NE";"";"";"";"";"DEPUTADO";"";"";"RS"
"21/09/2026";"12:31:37";"2026";"6259";"Eleições Gerais Estaduais 2026";"RS";"7";"DEPUTADO ESTADUAL";"210002539779";"12345";"TIAGO DE MENEZES VIEIRA";"TIAGO MENEZES";"PDT";"PARTIDO DEMOCRÁTICO TRABALHISTA";"12";"-1";"#NULO";"#NULO";"#NE";"";"";"";"";"VEREADOR";"";"";"RS"
"21/09/2026";"12:31:37";"2026";"6259";"Eleições Gerais Estaduais 2026";"RS";"7";"DEPUTADO ESTADUAL";"210002539797";"12789";"CARLOS ALBERTO MUCHALE";"CARLOS MUCHALE";"PDT";"PARTIDO DEMOCRÁTICO TRABALHISTA";"12";"-1";"#NULO";"#NULO";"#NE";"";"";"";"";"APOSENTADO (EXCETO SERVIDOR PÚBLICO)";"";"";"PR"
"21/09/2026";"12:31:37";"2026";"6259";"Eleições Gerais Estaduais 2026";"RS";"7";"DEPUTADO ESTADUAL";"210002539799";"12512";"CARLOS AUGUSTO DA SILVA LOPES";"GUTO LOPES";"PDT";"PARTIDO DEMOCRÁTICO TRABALHISTA";"12";"-1";"#NULO";"#NULO";"#NE";"";"";"";"";"JORNALISTA E REDATOR";"";"";"RS"
"21/09/2026";"12:31:37";"2026";"6259";"Eleições Gerais Estaduais 2026";"RS";"7";"DEPUTADO ESTADUAL";"210002539804";"12050";"THIAGO ENGELMAN DE LEON MADEIRA";"THIAGO DE LEON";"PDT";"PARTIDO DEMOCRÁTICO TRABALHISTA";"12";"-1";"#NULO";"#NULO";"#NE";"";"";"";"";"PROFESSOR DE ENSINO SUPERIOR";"";"";"RS"
"21/09/2026";"12:31:37";"2026";"6259";"Eleições Gerais Estaduais 2026";"RS";"7";"DEPUTADO ESTADUAL";"210002539777";"12122";"THIAGO PEREIRA DUARTE";"DR. THIAGO";"PDT";"PARTIDO DEMOCRÁTICO TRABALHISTA";"12";"-1";"#NULO";"#NULO";"#NE";"";"";"";"";"DEPUTADO";"";"";"RS"
"21/09/2026";"12:31:37";"2026";"6259";"Eleições Gerais Estaduais 2026";"RS";"7";"DEPUTADO ESTADUAL";"210002539796";"12420";"VITOR LUIZ DA COSTA";"REPÓRTER PASSARINHO";"PDT";"PARTIDO DEMOCRÁTICO TRABALHISTA";"12";"-1";"#NULO";"#NULO";"#NE";"";"";"";"";"JORNALISTA E REDATOR";"";"";"PR"
"21/09/2026";"12:31:37";"2026";"6259";"Eleições Gerais Estaduais 2026";"RS";"7";"DEPUTADO ESTADUAL";"210002539784";"12056";"RUI ANTONIO GARCIA JORDÃO";"RUI JORDÃO";"PDT";"PARTIDO DEMOCRÁTICO TRABALHISTA";"12";"-1";"#NULO";"#NULO";"#NE";"";"";"";"";"APOSENTADO (EXCETO SERVIDOR PÚBLICO)";"";"";"RS"
"21/09/2026";"12:31:37";"2026";"6259";"Eleições Gerais Estaduais 2026";"RS";"7";"DEPUTADO ESTADUAL";"210002534010";"13313";"DANIEL FERREIRA LIMA";"DANIEL FERREIRA";"PT";"PARTIDO DOS TRABALHADORES";"13";"101";"FEDERAÇÃO BRASIL DA ESPERANÇA - FE BRASIL";"13-PT/65-PC do B/43-PV";"#NE";"";"";"";"";"ADVOGADO";"";"";"RS"
"21/09/2026";"12:31:37";"2026";"6259";"Eleições Gerais Estaduais 2026";"RS";"7";"DEPUTADO ESTADUAL";"210002534052";"43420";"PEDRO CAMPOS DELGADO";"PEDRO CAMPOS";"PV";"PARTIDO VERDE";"43";"101";"FEDERAÇÃO BRASIL DA ESPERANÇA - FE BRASIL";"13-PT/65-PC do B/43-PV";"#NE";"";"";"";"";"OUTROS";"";"";"SP"
"21/09/2026";"12:31:37";"2026";"6259";"Eleições Gerais Estaduais 2026";"RS";"7";"DEPUTADO ESTADUAL";"210002534009";"13730";"HELEN MARTINS CABRAL";"HELEN CABRAL";"PT";"PARTIDO DOS TRABALHADORES";"13";"101";"FEDERAÇÃO BRASIL DA ESPERANÇA - FE BRASIL";"13-PT/65-PC do B/43-PV";"#NE";"";"";"";"";"PROFESSOR DE ENSINO MÉDIO";"";"";"RS"
"21/09/2026";"12:31:37";"2026";"6259";"Eleições Gerais Estaduais 2026";"RS";"7";"DEPUTADO ESTADUAL";"210002534011";"13789";"MÔNICA JULIANA FACIO";"MÔNICA";"PT";"PARTIDO DOS TRABALHADORES";"13";"101";"FEDERAÇÃO BRASIL DA ESPERANÇA - FE BRASIL";"13-PT/65-PC do B/43-PV";"#NE";"";"";"";"";"PROFESSOR DE ENSINO FUNDAMENTAL";"";"";"RS"
"21/09/2026";"12:31:37";"2026";"6259";"Eleições Gerais Estaduais 2026";"RS";"7";"DEPUTADO ESTADUAL";"210002539079";"10810";"ANDRESSA VIEIRA DA SILVA";"PROF ANDRESSA VIEIRA A CORUJON";"REPUBLICANOS";"REPUBLICANOS";"10";"-1";"#NULO";"#NULO";"#NE";"";"";"";"";"PROFESSOR DE ENSINO FUNDAMENTAL";"";"";"RS"
"21/09/2026";"12:31:37";"2026";"6259";"Eleições Gerais Estaduais 2026";"RS";"7";"DEPUTADO ESTADUAL";"210002539086";"10567";"ORLEI JOSE BARBIERI";"ORLEI BARBIERI";"REPUBLICANOS";"REPUBLICANOS";"10";"-1";"#NULO";"#NULO";"#NE";"";"";"";"";"VEREADOR";"";"";"RS"
"21/09/2026";"12:31:37";"2026";"6259";"Eleições Gerais Estaduais 2026";"RS";"7";"DEPUTADO ESTADUAL";"210002539080";"10999";"CAMILO LENTZ BAPTISTA";"CAMILO BAPTISTA";"REPUBLICANOS";"REPUBLICANOS";"10";"-1";"#NULO";"#NULO";"#NE";"";"";"";"";"ADVOGADO";"";"";"RS"
"21/09/2026";"12:31:37";"2026";"6259";"Eleições Gerais Estaduais 2026";"RS";"7";"DEPUTADO ESTADUAL";"210002541971";"45800";"DARLÃ BELLINI";"DARLÃ BELLINI";"PSDB";"PARTIDO DA SOCIAL DEMOCRACIA BRASILEIRA";"45";"100";"FEDERAÇÃO PSDB CIDADANIA";"45-PSDB/23-CIDADANIA";"#NE";"";"";"";"";"ADVOGADO";"";"";"RS"
"21/09/2026";"12:31:37";"2026";"6259";"Eleições Gerais Estaduais 2026";"RS";"7";"DEPUTADO ESTADUAL";"210002541972";"45678";"LEONARDO DA SILVA MARTINS";"LEONARDO MARTINS";"PSDB";"PARTIDO DA SOCIAL DEMOCRACIA BRASILEIRA";"45";"100";"FEDERAÇÃO PSDB CIDADANIA";"45-PSDB/23-CIDADANIA";"#NE";"";"";"";"";"PRODUTOR AGROPECUÁRIO";"";"";"RS"
"21/09/2026";"12:31:37";"2026";"6259";"Eleições Gerais Estaduais 2026";"RS";"7";"DEPUTADO ESTADUAL";"210002541964";"23456";"LAURA PADULA KLEIN";"LAURA PADULA";"CIDADANIA";"CIDADANIA";"23";"100";"FEDERAÇÃO PSDB CIDADANIA";"45-PSDB/23-CIDADANIA";"#NE";"";"";"";"";"BANCÁRIO E ECONOMIÁRIO";"";"";"RS"
"21/09/2026";"12:31:37";"2026";"6259";"Eleições Gerais Estaduais 2026";"RS";"7";"DEPUTADO ESTADUAL";"210002541965";"45555";"TIAGO ARZENO FERRÃO";"DR. TIAGO";"PSDB";"PARTIDO DA SOCIAL DEMOCRACIA BRASILEIRA";"45";"100";"FEDERAÇÃO PSDB CIDADANIA";"45-PSDB/23-CIDADANIA";"#NE";"";"";"";"";"MÉDICO";"";"";"RS"
"21/09/2026";"12:31:37";"2026";"6259";"Eleições Gerais Estaduais 2026";"RS";"7";"DEPUTADO ESTADUAL";"210002541957";"45011";"PAULO ROBERTO DA SILVA FLORES";"BETO DA BEIRA DO RIO";"PSDB";"PARTIDO DA SOCIAL DEMOCRACIA BRASILEIRA";"45";"100";"FEDERAÇÃO PSDB CIDADANIA";"45-PSDB/23-CIDADANIA";"#NE";"";"";"";"";"OUTROS";"";"";"RS"
"21/09/2026";"12:31:37";"2026";"6259";"Eleições Gerais Estaduais 2026";"RS";"7";"DEPUTADO ESTADUAL";"210002553923";"45657";"NEY VALDIR REICHOW BANDEIRA";"DILA BANDEIRA";"PSDB";"PARTIDO DA SOCIAL DEMOCRACIA BRASILEIRA";"45";"100";"FEDERAÇÃO PSDB CIDADANIA";"45-PSDB/23-CIDADANIA";"#NE";"";"";"";"";"APOSENTADO (EXCETO SERVIDOR PÚBLICO)";"";"";"RS"
"21/09/2026";"12:31:37";"2026";"6259";"Eleições Gerais Estaduais 2026";"RS";"7";"DEPUTADO ESTADUAL";"210002541960";"45233";"JULIO CESAR FERREIRA VOLINO";"JULIO VOLINO";"PSDB";"PARTIDO DA SOCIAL DEMOCRACIA BRASILEIRA";"45";"100";"FEDERAÇÃO PSDB CIDADANIA";"45-PSDB/23-CIDADANIA";"#NE";"";"";"";"";"VENDEDOR DE COMÉRCIO VAREJISTA E ATACADISTA";"";"";"RS"
"21/09/2026";"12:31:37";"2026";"6259";"Eleições Gerais Estaduais 2026";"RS";"7";"DEPUTADO ESTADUAL";"210002535711";"22050";"JONATAN ALBERTO PIRES DE ARRUDA";"SOLDADO ARRUDA";"PL";"PARTIDO LIBERAL";"22";"-1";"#NULO";"#NULO";"#NE";"";"";"";"";"POLICIAL MILITAR";"";"";"RS"
"21/09/2026";"12:31:37";"2026";"6259";"Eleições Gerais Estaduais 2026";"RS";"7";"DEPUTADO ESTADUAL";"210002535683";"22011";"CARLOS ALBERTO MILGAREJO PEREIRA JUNIOR";"JUNIOR FOX";"PL";"PARTIDO LIBERAL";"22";"-1";"#NULO";"#NULO";"#NE";"";"";"";"";"EMPRESÁRIO";"";"";"RS"
"21/09/2026";"12:31:37";"2026";"6259";"Eleições Gerais Estaduais 2026";"RS";"7";"DEPUTADO ESTADUAL";"210002535689";"22038";"WAGNER LUIS GALARDAO";"WAGNER GALARDÃO";"PL";"PARTIDO LIBERAL";"22";"-1";"#NULO";"#NULO";"#NE";"";"";"";"";"OUTROS";"";"";"RS"
"21/09/2026";"12:31:37";"2026";"6259";"Eleições Gerais Estaduais 2026";"RS";"7";"DEPUTADO ESTADUAL";"210002535702";"22611";"RUBENS GOMES DE OLIVEIRA";"RUBENS O AGRÔNOMO DO PL";"PL";"PARTIDO LIBERAL";"22";"-1";"#NULO";"#NULO";"#NE";"";"";"";"";"ENGENHEIRO";"";"";"RS"
"21/09/2026";"12:31:37";"2026";"6259";"Eleições Gerais Estaduais 2026";"RS";"7";"DEPUTADO ESTADUAL";"210002534335";"20006";"LUIZ ANTONIO DOMINGUES";"DOMINGUES DA PONTE DO GUAÍBA";"PODE";"PODEMOS";"20";"-1";"#NULO";"#NULO";"#NE";"";"";"";"";"APOSENTADO (EXCETO SERVIDOR PÚBLICO)";"";"";"RS"
"21/09/2026";"12:31:37";"2026";"6259";"Eleições Gerais Estaduais 2026";"RS";"7";"DEPUTADO ESTADUAL";"210002534325";"20221";"MIGUEL DOS SANTOS LOPES";"MIGUEL PATRIOTA";"PODE";"PODEMOS";"20";"-1";"#NULO";"#NULO";"#NE";"";"";"";"";"ADVOGADO";"";"";"RS"
"21/09/2026";"12:31:37";"2026";"6259";"Eleições Gerais Estaduais 2026";"RS";"7";"DEPUTADO ESTADUAL";"210002534333";"20190";"MAICON SULIVAN DUARTE GOMES";"SARGENTO SULIVAN";"PODE";"PODEMOS";"20";"-1";"#NULO";"#NULO";"#NE";"";"";"";"";"POLICIAL MILITAR";"";"";"RS"
"21/09/2026";"12:31:37";"2026";"6259";"Eleições Gerais Estaduais 2026";"RS";"7";"DEPUTADO ESTADUAL";"210002534305";"20700";"DEISI SILVEIRA REINALDO";"DEISI MARANATA";"PODE";"PODEMOS";"20";"-1";"#NULO";"#NULO";"#NE";"";"";"";"";"ADVOGADO";"";"";"RS"
"21/09/2026";"12:31:37";"2026";"6259";"Eleições Gerais Estaduais 2026";"RS";"7";"DEPUTADO ESTADUAL";"210002534320";"20020";"MAIRA JANSEN LESSA FRANCO";"MAÍRA LESSA";"PODE";"PODEMOS";"20";"-1";"#NULO";"#NULO";"#NE";"";"";"";"";"JORNALISTA E REDATOR";"";"";"RS"
"21/09/2026";"12:31:37";"2026";"6259";"Eleições Gerais Estaduais 2026";"RS";"7";"DEPUTADO ESTADUAL";"210002537878";"11126";"JOÃO BATISTA MONTEIRO CAMARGO";"JOÃO MONTEIRO";"PP";"PROGRESSISTAS";"11";"104";"FEDERAÇÃO UNIÃO PROGRESSISTA";"44-UNIÃO/11-PP";"#NE";"";"";"";"";"ADVOGADO";"";"";"RS"
"21/09/2026";"12:31:37";"2026";"6259";"Eleições Gerais Estaduais 2026";"RS";"7";"DEPUTADO ESTADUAL";"210002537907";"44180";"BARBARA PENNA DE MORAES SOUZA";"BARBARA PENNA";"UNIÃO";"UNIÃO BRASIL";"44";"104";"FEDERAÇÃO UNIÃO PROGRESSISTA";"44-UNIÃO/11-PP";"#NE";"";"";"";"";"OUTROS";"";"";"GO"
"21/09/2026";"12:31:37";"2026";"6259";"Eleições Gerais Estaduais 2026";"RS";"7";"DEPUTADO ESTADUAL";"210002537896";"11123";"RONIZE ANTONIA DAMASSINI";"RONIZE DAMASSINI";"PP";"PROGRESSISTAS";"11";"104";"FEDERAÇÃO UNIÃO PROGRESSISTA";"44-UNIÃO/11-PP";"#NE";"";"";"";"";"ADVOGADO";"";"";"RS"
"21/09/2026";"12:31:37";"2026";"6259";"Eleições Gerais Estaduais 2026";"RS";"7";"DEPUTADO ESTADUAL";"210002537895";"44222";"MAIQUEL ANDRIEL SECKLER BUTZKE";"MAIQUEL BUTZKE";"UNIÃO";"UNIÃO BRASIL";"44";"104";"FEDERAÇÃO UNIÃO PROGRESSISTA";"44-UNIÃO/11-PP";"#NE";"";"";"";"";"EMPRESÁRIO";"";"";"RS"
"21/09/2026";"12:31:37";"2026";"6259";"Eleições Gerais Estaduais 2026";"RS";"7";"DEPUTADO ESTADUAL";"210002548223";"15151";"MILENA CRISTIANE DA ROSA LOPES";"ARQUITETA MILENA";"MDB";"MOVIMENTO DEMOCRÁTICO BRASILEIRO";"15";"-1";"#NULO";"#NULO";"#NE";"";"";"";"";"ARQUITETO";"";"";"RS"
"21/09/2026";"12:31:37";"2026";"6259";"Eleições Gerais Estaduais 2026";"RS";"7";"DEPUTADO ESTADUAL";"210002548181";"15007";"GRAZIELA WALTER PEREIRA";"GRAZZY DE OYÁ";"MDB";"MOVIMENTO DEMOCRÁTICO BRASILEIRO";"15";"-1";"#NULO";"#NULO";"#NE";"";"";"";"";"VIGILANTE";"";"";"DF"
"21/09/2026";"12:31:37";"2026";"6259";"Eleições Gerais Estaduais 2026";"RS";"7";"DEPUTADO ESTADUAL";"210002548221";"15400";"LUCIANA FLORES FIGUEIREDO MENDES";"LUCIANA MENDES";"MDB";"MOVIMENTO DEMOCRÁTICO BRASILEIRO";"15";"-1";"#NULO";"#NULO";"#NE";"";"";"";"";"ADVOGADO";"";"";"RS"
"21/09/2026";"12:31:37";"2026";"6259";"Eleições Gerais Estaduais 2026";"RS";"7";"DEPUTADO ESTADUAL";"210002548203";"15999";"MATEUS GIOVANONI TROJAN";"MATEUS TROJAN";"MDB";"MOVIMENTO DEMOCRÁTICO BRASILEIRO";"15";"-1";"#NULO";"#NULO";"#NE";"";"";"";"";"OUTROS";"";"";"RS"
"21/09/2026";"12:31:37";"2026";"6259";"Eleições Gerais Estaduais 2026";"RS";"7";"DEPUTADO ESTADUAL";"210002548211";"15800";"GABRIEL MENEZES DIEDRICH";"GABRIEL DIEDRICH";"MDB";"MOVIMENTO DEMOCRÁTICO BRASILEIRO";"15";"-1";"#NULO";"#NULO";"#NE";"";"";"";"";"ADVOGADO";"";"";"RS"
"21/09/2026";"12:31:37";"2026";"6259";"Eleições Gerais Estaduais 2026";"RS";"7";"DEPUTADO ESTADUAL";"210002548188";"15959";"CAMILA MARQUES DUFIM PINHEIRO";"CAMILA MARQUES";"MDB";"MOVIMENTO DEMOCRÁTICO BRASILEIRO";"15";"-1";"#NULO";"#NULO";"#NE";"";"";"";"";"OUTROS";"";"";"RS"
"21/09/2026";"12:31:37";"2026";"6259";"Eleições Gerais Estaduais 2026";"RS";"7";"DEPUTADO ESTADUAL";"210002548210";"15300";"DANILO RODRIGUES DA SILVA";"DANILO RODRIGUES";"MDB";"MOVIMENTO DEMOCRÁTICO BRASILEIRO";"15";"-1";"#NULO";"#NULO";"#NE";"";"";"";"";"BANCÁRIO E ECONOMIÁRIO";"";"";"RS"
"21/09/2026";"12:31:37";"2026";"6259";"Eleições Gerais Estaduais 2026";"RS";"7";"DEPUTADO ESTADUAL";"210002548193";"15500";"ROBERTO FANTINEL";"BETO FANTINEL";"MDB";"MOVIMENTO DEMOCRÁTICO BRASILEIRO";"15";"-1";"#NULO";"#NULO";"#NE";"";"";"";"";"CIENTISTA POLÍTICO";"";"";"RS"
"21/09/2026";"12:31:37";"2026";"6259";"Eleições Gerais Estaduais 2026";"RS";"7";"DEPUTADO ESTADUAL";"210002548227";"15156";"MURILO MACHADO SILVA";"MURILO";"MDB";"MOVIMENTO DEMOCRÁTICO BRASILEIRO";"15";"-1";"#NULO";"#NULO";"#NE";"";"";"";"";"EMPRESÁRIO";"";"";"RS"
"21/09/2026";"12:31:37";"2026";"6259";"Eleições Gerais Estaduais 2026";"RS";"7";"DEPUTADO ESTADUAL";"210002533926";"50200";"GABRIELLA CARVALHO DA ROSA";"GABI ROSA";"PSOL";"PARTIDO SOCIALISMO E LIBERDADE";"50";"102";"FEDERAÇÃO PSOL REDE";"50-PSOL/18-REDE";"#NE";"";"";"";"";"OUTROS";"";"";"RS"
"21/09/2026";"12:31:37";"2026";"6259";"Eleições Gerais Estaduais 2026";"RS";"7";"DEPUTADO ESTADUAL";"210002533943";"50050";"MATHEUS EDEMAR PEREIRA VICENTE";"MATHEUS VICENTE";"PSOL";"PARTIDO SOCIALISMO E LIBERDADE";"50";"102";"FEDERAÇÃO PSOL REDE";"50-PSOL/18-REDE";"#NE";"";"";"";"";"SERVIDOR PÚBLICO MUNICIPAL";"";"";"RS"
"21/09/2026";"12:31:37";"2026";"6259";"Eleições Gerais Estaduais 2026";"RS";"7";"DEPUTADO ESTADUAL";"210002533941";"50111";"FABIANO BENITES";"FABIANO BENITES";"PSOL";"PARTIDO SOCIALISMO E LIBERDADE";"50";"102";"FEDERAÇÃO PSOL REDE";"50-PSOL/18-REDE";"#NE";"";"";"";"";"ADVOGADO";"";"";"RS"
"21/09/2026";"12:31:37";"2026";"6259";"Eleições Gerais Estaduais 2026";"RS";"7";"DEPUTADO ESTADUAL";"210002540668";"55755";"MARCELO ARRUDA";"MARCELO ARRUDA";"PSD";"PARTIDO SOCIAL DEMOCRÁTICO";"55";"-1";"#NULO";"#NULO";"#NE";"";"";"";"";"EMPRESÁRIO";"";"";"PR"
"21/09/2026";"12:31:37";"2026";"6259";"Eleições Gerais Estaduais 2026";"RS";"7";"DEPUTADO ESTADUAL";"210002540655";"55355";"DANIEL FERNANDO KOEHLER";"PROFESSOR DANIEL";"PSD";"PARTIDO SOCIAL DEMOCRÁTICO";"55";"-1";"#NULO";"#NULO";"#NE";"";"";"";"";"PROFESSOR DE ENSINO MÉDIO";"";"";"RS"
"21/09/2026";"12:31:37";"2026";"6259";"Eleições Gerais Estaduais 2026";"RS";"7";"DEPUTADO ESTADUAL";"210002540640";"55222";"ANA LUIZA MOURA TAROUCO";"DELEGADA ANA TAROUCO";"PSD";"PARTIDO SOCIAL DEMOCRÁTICO";"55";"-1";"#NULO";"#NULO";"#NE";"";"";"";"";"SERVIDOR PÚBLICO ESTADUAL";"";"";"RS"
"21/09/2026";"12:31:37";"2026";"6259";"Eleições Gerais Estaduais 2026";"RS";"7";"DEPUTADO ESTADUAL";"210002552769";"35222";"REJANE FALEIRO";"REJANE FALEIRO DEMOCRATA";"DEMOCRATA";"DEMOCRATA";"35";"-1";"#NULO";"#NULO";"#NE";"";"";"";"";"VENDEDOR DE COMÉRCIO VAREJISTA E ATACADISTA";"";"";"RS"
"21/09/2026";"12:31:37";"2026";"6259";"Eleições Gerais Estaduais 2026";"RS";"7";"DEPUTADO ESTADUAL";"210002540666";"55503";"CARLOS ADRIANO SILVEIRA CARNEIRO";"ESQUERDA CARNEIRO";"PSD";"PARTIDO SOCIAL DEMOCRÁTICO";"55";"-1";"#NULO";"#NULO";"#NE";"";"";"";"";"VEREADOR";"";"";"RS"
"21/09/2026";"12:31:37";"2026";"6259";"Eleições Gerais Estaduais 2026";"RS";"7";"DEPUTADO ESTADUAL";"210002537545";"40000";"JOÃO PEDRO ROVERÉ GRILL";"JOÃO PEDRO GRILL";"PSB";"PARTIDO SOCIALISTA BRASILEIRO";"40";"-1";"#NULO";"#NULO";"#NE";"";"";"";"";"COMERCIANTE";"";"";"RS"
"21/09/2026";"12:31:37";"2026";"6259";"Eleições Gerais Estaduais 2026";"RS";"7";"DEPUTADO ESTADUAL";"210002537544";"40466";"JONATAS RIBEIRO FAGUNDES";"AMARAL NEGRITO";"PSB";"PARTIDO SOCIALISTA BRASILEIRO";"40";"-1";"#NULO";"#NULO";"#NE";"";"";"";"";"COMERCIANTE";"";"";"RS"
"21/09/2026";"12:31:37";"2026";"6259";"Eleições Gerais Estaduais 2026";"RS";"7";"DEPUTADO ESTADUAL";"210002537541";"40199";"JANE LONGARAY BITENCOURT";"JANE LONGARAY BITENCOURT";"PSB";"PARTIDO SOCIALISTA BRASILEIRO";"40";"-1";"#NULO";"#NULO";"#NE";"";"";"";"";"APOSENTADO (EXCETO SERVIDOR PÚBLICO)";"";"";"RS"
"21/09/2026";"12:31:37";"2026";"6259";"Eleições Gerais Estaduais 2026";"RS";"7";"DEPUTADO ESTADUAL";"210002537548";"40111";"VALDECIR JOSÉ ZONIN";"CHIQUINHO ZONIN";"PSB";"PARTIDO SOCIALISTA BRASILEIRO";"40";"-1";"#NULO";"#NULO";"#NE";"";"";"";"";"PROFESSOR DE ENSINO SUPERIOR";"";"";"RS"
"21/09/2026";"12:31:37";"2026";"6259";"Eleições Gerais Estaduais 2026";"RS";"7";"DEPUTADO ESTADUAL";"210002537535";"40540";"VANDA LENARA SOUZA MACHADO";"LENARA MACHADO";"PSB";"PARTIDO SOCIALISTA BRASILEIRO";"40";"-1";"#NULO";"#NULO";"#NE";"";"";"";"";"OUTROS";"";"";"RS"
"21/09/2026";"12:31:37";"2026";"6259";"Eleições Gerais Estaduais 2026";"RS";"7";"DEPUTADO ESTADUAL";"210002537532";"40555";"ADILSON KUHN";"PROFESSOR ADILSON KUHN";"PSB";"PARTIDO SOCIALISTA BRASILEIRO";"40";"-1";"#NULO";"#NULO";"#NE";"";"";"";"";"PROFESSOR DE ENSINO MÉDIO";"";"";"RS"
"21/09/2026";"12:31:37";"2026";"6259";"Eleições Gerais Estaduais 2026";"RS";"7";"DEPUTADO ESTADUAL";"210002533036";"30100";"MARCOS ALEXANDRE KAYSER";"MARCOS KAYSER";"NOVO";"PARTIDO NOVO";"30";"-1";"#NULO";"#NULO";"#NE";"";"";"";"";"EMPRESÁRIO";"";"";"RS"
"21/09/2026";"12:31:37";"2026";"6259";"Eleições Gerais Estaduais 2026";"RS";"7";"DEPUTADO ESTADUAL";"210002533066";"30500";"GIUSEPPE RICARDO MENEGHETTI RIESGO";"GIUSEPPE RIESGO";"NOVO";"PARTIDO NOVO";"30";"-1";"#NULO";"#NULO";"#NE";"";"";"";"";"ADVOGADO";"";"";"RS"
"21/09/2026";"12:31:37";"2026";"6259";"Eleições Gerais Estaduais 2026";"RS";"7";"DEPUTADO ESTADUAL";"210002533055";"30051";"LAURA FERRAZ BAICK";"LAURA FERRAZ";"NOVO";"PARTIDO NOVO";"30";"-1";"#NULO";"#NULO";"#NE";"";"";"";"";"GERENTE";"";"";"RS"
"21/09/2026";"12:31:37";"2026";"6259";"Eleições Gerais Estaduais 2026";"RS";"7";"DEPUTADO ESTADUAL";"210002539805";"12000";"TIAGO CADO FERNANDES";"TIAGO CADÓ";"PDT";"PARTIDO DEMOCRÁTICO TRABALHISTA";"12";"-1";"#NULO";"#NULO";"#NE";"";"";"";"";"PROFESSOR DE ENSINO MÉDIO";"";"";"RS"
"21/09/2026";"12:31:37";"2026";"6259";"Eleições Gerais Estaduais 2026";"RS";"7";"DEPUTADO ESTADUAL";"210002539791";"12015";"CLEOMAR SANTOS OLIVEIRA";"MARA SANTOS";"PDT";"PARTIDO DEMOCRÁTICO TRABALHISTA";"12";"-1";"#NULO";"#NULO";"#NE";"";"";"";"";"AUXILIAR DE ESCRITÓRIO E ASSEMELHADOS";"";"";"RS"
"21/09/2026";"12:31:37";"2026";"6259";"Eleições Gerais Estaduais 2026";"RS";"7";"DEPUTADO ESTADUAL";"210002534028";"13888";"PAULO VANDERLEI FAGUAGA SIQUEIRA";"PAULO ORELHA";"PT";"PARTIDO DOS TRABALHADORES";"13";"101";"FEDERAÇÃO BRASIL DA ESPERANÇA - FE BRASIL";"13-PT/65-PC do B/43-PV";"#NE";"";"";"";"";"VEREADOR";"";"";"RS"
"21/09/2026";"12:31:37";"2026";"6259";"Eleições Gerais Estaduais 2026";"RS";"7";"DEPUTADO ESTADUAL";"210002534020";"13111";"HALLEY LINO DE SOUZA";"HALLEY";"PT";"PARTIDO DOS TRABALHADORES";"13";"101";"FEDERAÇÃO BRASIL DA ESPERANÇA - FE BRASIL";"13-PT/65-PC do B/43-PV";"#NE";"";"";"";"";"DEPUTADO";"";"";"RS"
"21/09/2026";"12:31:37";"2026";"6259";"Eleições Gerais Estaduais 2026";"RS";"7";"DEPUTADO ESTADUAL";"210002534032";"13130";"GILBERTO CORAZZA";"PROFESSOR CORAZZA";"PT";"PARTIDO DOS TRABALHADORES";"13";"101";"FEDERAÇÃO BRASIL DA ESPERANÇA - FE BRASIL";"13-PT/65-PC do B/43-PV";"#NE";"";"";"";"";"PROFESSOR DE ENSINO MÉDIO";"";"";"RS"
"21/09/2026";"12:31:37";"2026";"6259";"Eleições Gerais Estaduais 2026";"RS";"7";"DEPUTADO ESTADUAL";"210002534007";"13700";"EMANUEL HASSEN DE JESUS";"MANECO HASSEN";"PT";"PARTIDO DOS TRABALHADORES";"13";"101";"FEDERAÇÃO BRASIL DA ESPERANÇA - FE BRASIL";"13-PT/65-PC do B/43-PV";"#NE";"";"";"";"";"ADVOGADO";"";"";"RS"
"21/09/2026";"12:31:37";"2026";"6259";"Eleições Gerais Estaduais 2026";"RS";"7";"DEPUTADO ESTADUAL";"210002534046";"13333";"LEONARDO DA COSTA SILVA";"LÉO DA COSTA";"PT";"PARTIDO DOS TRABALHADORES";"13";"101";"FEDERAÇÃO BRASIL DA ESPERANÇA - FE BRASIL";"13-PT/65-PC do B/43-PV";"#NE";"";"";"";"";"VEREADOR";"";"";"RS"
"21/09/2026";"12:31:37";"2026";"6259";"Eleições Gerais Estaduais 2026";"RS";"7";"DEPUTADO ESTADUAL";"210002534050";"13120";"JEFERSON OLIVEIRA FERNANDES";"JEFERSON FERNANDES";"PT";"PARTIDO DOS TRABALHADORES";"13";"101";"FEDERAÇÃO BRASIL DA ESPERANÇA - FE BRASIL";"13-PT/65-PC do B/43-PV";"#NE";"";"";"";"";"DEPUTADO";"";"";"RS"
"21/09/2026";"12:31:37";"2026";"6259";"Eleições Gerais Estaduais 2026";"RS";"7";"DEPUTADO ESTADUAL";"210002539069";"10000";"MARCELO HARTEMINK";"MARCELO HARTEMINK";"REPUBLICANOS";"REPUBLICANOS";"10";"-1";"#NULO";"#NULO";"#NE";"";"";"";"";"VEREADOR";"";"";"RS"
"21/09/2026";"12:31:37";"2026";"6259";"Eleições Gerais Estaduais 2026";"RS";"7";"DEPUTADO ESTADUAL";"210002539100";"10112";"GILBERTO KERBER";"GILBERTO";"REPUBLICANOS";"REPUBLICANOS";"10";"-1";"#NULO";"#NULO";"#NE";"";"";"";"";"ADVOGADO";"";"";"RS"
"21/09/2026";"12:31:37";"2026";"6259";"Eleições Gerais Estaduais 2026";"RS";"7";"DEPUTADO ESTADUAL";"210002539058";"10610";"ALVARO MANZONI";"ALVARO MANZONI";"REPUBLICANOS";"REPUBLICANOS";"10";"-1";"#NULO";"#NULO";"#NE";"";"";"";"";"MÚSICO";"";"";"RS"
"21/09/2026";"12:31:37";"2026";"6259";"Eleições Gerais Estaduais 2026";"RS";"7";"DEPUTADO ESTADUAL";"210002539063";"10088";"CLAUDINEI JOSE RODRIGUES DE MOURA";"DINHO MOURA- AUTISMO";"REPUBLICANOS";"REPUBLICANOS";"10";"-1";"#NULO";"#NULO";"#NE";"";"";"";"";"FONOAUDIÓLOGO";"";"";"RS"
"21/09/2026";"12:31:37";"2026";"6259";"Eleições Gerais Estaduais 2026";"RS";"7";"DEPUTADO ESTADUAL";"210002541980";"23777";"THIAGO JUNIOR DA COSTA";"THIAGO COSTA";"CIDADANIA";"CIDADANIA";"23";"100";"FEDERAÇÃO PSDB CIDADANIA";"45-PSDB/23-CIDADANIA";"#NE";"";"";"";"";"ADVOGADO";"";"";"GO"
"21/09/2026";"12:31:37";"2026";"6259";"Eleições Gerais Estaduais 2026";"RS";"7";"DEPUTADO ESTADUAL";"210002541969";"45444";"CLAUDIO VIEIRA DA SILVA";"CLAUDIO PATAÇO";"PSDB";"PARTIDO DA SOCIAL DEMOCRACIA BRASILEIRA";"45";"100";"FEDERAÇÃO PSDB CIDADANIA";"45-PSDB/23-CIDADANIA";"#NE";"";"";"";"";"APOSENTADO (EXCETO SERVIDOR PÚBLICO)";"";"";"RS"
"21/09/2026";"12:31:37";"2026";"6259";"Eleições Gerais Estaduais 2026";"RS";"7";"DEPUTADO ESTADUAL";"210002541952";"45386";"ADILSON SEVERO";"ADILSON - GAÚCHO SEVERO";"PSDB";"PARTIDO DA SOCIAL DEMOCRACIA BRASILEIRA";"45";"100";"FEDERAÇÃO PSDB CIDADANIA";"45-PSDB/23-CIDADANIA";"#NE";"";"";"";"";"OUTROS";"";"";"RS"
"21/09/2026";"12:31:37";"2026";"6259";"Eleições Gerais Estaduais 2026";"RS";"7";"DEPUTADO ESTADUAL";"210002541949";"45007";"ANA MARIA DE ABREU TOPPOR";"ANA TÓPPOR";"PSDB";"PARTIDO DA SOCIAL DEMOCRACIA BRASILEIRA";"45";"100";"FEDERAÇÃO PSDB CIDADANIA";"45-PSDB/23-CIDADANIA";"#NE";"";"";"";"";"SERVIDOR PÚBLICO ESTADUAL";"";"";"RS"
"21/09/2026";"12:31:37";"2026";"6259";"Eleições Gerais Estaduais 2026";"RS";"7";"DEPUTADO ESTADUAL";"210002553927";"23320";"DANILO DE PAULA GONCALVES";"KADIM";"CIDADANIA";"CIDADANIA";"23";"100";"FEDERAÇÃO PSDB CIDADANIA";"45-PSDB/23-CIDADANIA";"#NE";"";"";"";"";"OUTROS";"";"";"SP"
"21/09/2026";"12:31:37";"2026";"6259";"Eleições Gerais Estaduais 2026";"RS";"7";"DEPUTADO ESTADUAL";"210002541962";"45222";"LUCIANO DA SILVA FIGUEIREDO";"LUCIANO FIGUEIREDO - LUKA";"PSDB";"PARTIDO DA SOCIAL DEMOCRACIA BRASILEIRA";"45";"100";"FEDERAÇÃO PSDB CIDADANIA";"45-PSDB/23-CIDADANIA";"#NE";"";"";"";"";"ESTUDANTE, BOLSISTA, ESTAGIÁRIO E ASSEMELHADOS";"";"";"RS"
"21/09/2026";"12:31:37";"2026";"6259";"Eleições Gerais Estaduais 2026";"RS";"7";"DEPUTADO ESTADUAL";"210002541959";"45008";"JOÃO HENRIQUE NARCISO DOS SANTOS";"JOÃO HENRIQUE";"PSDB";"PARTIDO DA SOCIAL DEMOCRACIA BRASILEIRA";"45";"100";"FEDERAÇÃO PSDB CIDADANIA";"45-PSDB/23-CIDADANIA";"#NE";"";"";"";"";"VIGILANTE";"";"";"RS"
"21/09/2026";"12:31:37";"2026";"6259";"Eleições Gerais Estaduais 2026";"RS";"7";"DEPUTADO ESTADUAL";"210002535713";"22033";"FABIANO ANDRE AROLDI";"GAÚCHO DA NEVE";"PL";"PARTIDO LIBERAL";"22";"-1";"#NULO";"#NULO";"#NE";"";"";"";"";"EMPRESÁRIO";"";"";"SC"
"21/09/2026";"12:31:37";"2026";"6259";"Eleições Gerais Estaduais 2026";"RS";"7";"DEPUTADO ESTADUAL";"210002535709";"22010";"VOLMAR MAURER";"VOLMAR MAURER PADARIA";"PL";"PARTIDO LIBERAL";"22";"-1";"#NULO";"#NULO";"#NE";"";"";"";"";"EMPRESÁRIO";"";"";"RS"
"21/09/2026";"12:31:37";"2026";"6259";"Eleições Gerais Estaduais 2026";"RS";"7";"DEPUTADO ESTADUAL";"210002535679";"22470";"JOEL DE OLIVEIRA RIBEIRO";"JOEL BOLSONARO";"PL";"PARTIDO LIBERAL";"22";"-1";"#NULO";"#NULO";"#NE";"";"";"";"";"AGRICULTOR";"";"";"RS"
"21/09/2026";"12:31:37";"2026";"6259";"Eleições Gerais Estaduais 2026";"RS";"7";"DEPUTADO ESTADUAL";"210002535705";"22223";"ADRIANA LEITE DA SILVA";"ADRIANA LEITE";"PL";"PARTIDO LIBERAL";"22";"-1";"#NULO";"#NULO";"#NE";"";"";"";"";"OUTROS";"";"";"RS"
"21/09/2026";"12:31:37";"2026";"6259";"Eleições Gerais Estaduais 2026";"RS";"7";"DEPUTADO ESTADUAL";"210002535714";"22444";"MAHMOUD MUSTAFA SALAMA AMER";"MAHMOUD AMER";"PL";"PARTIDO LIBERAL";"22";"-1";"#NULO";"#NULO";"#NE";"";"";"";"";"ECONOMISTA";"";"";"ZZ"
"21/09/2026";"12:31:37";"2026";"6259";"Eleições Gerais Estaduais 2026";"RS";"7";"DEPUTADO ESTADUAL";"210002535672";"22202";"CHARLES RIBEIRO DE ANDRADE";"CHARLES ANDRADE";"PL";"PARTIDO LIBERAL";"22";"-1";"#NULO";"#NULO";"#NE";"";"";"";"";"OUTROS";"";"";"RS"
"21/09/2026";"12:31:37";"2026";"6259";"Eleições Gerais Estaduais 2026";"RS";"7";"DEPUTADO ESTADUAL";"210002535673";"22044";"FABIANO FELTRIN";"ELVIS FELTRIN";"PL";"PARTIDO LIBERAL";"22";"-1";"#NULO";"#NULO";"#NE";"";"";"";"";"ADMINISTRADOR";"";"";"RS"
"21/09/2026";"12:31:37";"2026";"6259";"Eleições Gerais Estaduais 2026";"RS";"7";"DEPUTADO ESTADUAL";"210002543860";"14777";"PAULA DAIAME DA SILVA PEREIRA";"PAULA SILVA";"MISSÃO";"PARTIDO MISSÃO";"14";"-1";"#NULO";"#NULO";"#NE";"";"";"";"";"AGENTE ADMINISTRATIVO";"";"";"RS"
"21/09/2026";"12:31:37";"2026";"6259";"Eleições Gerais Estaduais 2026";"RS";"7";"DEPUTADO ESTADUAL";"210002543858";"14111";"JOÃO PAULO LEITE PINHEIRO";"JOÃO PAULO";"MISSÃO";"PARTIDO MISSÃO";"14";"-1";"#NULO";"#NULO";"#NE";"";"";"";"";"FOTÓGRAFO E ASSEMELHADOS";"";"";"MT"
"21/09/2026";"12:31:37";"2026";"6259";"Eleições Gerais Estaduais 2026";"RS";"7";"DEPUTADO ESTADUAL";"210002534315";"20888";"TALIS ROMEU POHREN FERREIRA";"TALIS FERREIRA";"PODE";"PODEMOS";"20";"-1";"#NULO";"#NULO";"#NE";"";"";"";"";"LOCUTOR E COMENTARISTA DE RÁDIO E TELEVISÃO E RADIALISTA";"";"";"RS"
"21/09/2026";"12:31:37";"2026";"6259";"Eleições Gerais Estaduais 2026";"RS";"7";"DEPUTADO ESTADUAL";"210002534342";"20172";"JOCIELE PAULA CAGOL";"JOCIELE CAGOL";"PODE";"PODEMOS";"20";"-1";"#NULO";"#NULO";"#NE";"";"";"";"";"ENGENHEIRO";"";"";"RS"
"21/09/2026";"12:31:37";"2026";"6259";"Eleições Gerais Estaduais 2026";"RS";"7";"DEPUTADO ESTADUAL";"210002534310";"20077";"ELANICE LAMBERTES MULLER";"ELANICE MULLER";"PODE";"PODEMOS";"20";"-1";"#NULO";"#NULO";"#NE";"";"";"";"";"ADMINISTRADOR";"";"";"RS"
"21/09/2026";"12:31:37";"2026";"6259";"Eleições Gerais Estaduais 2026";"RS";"7";"DEPUTADO ESTADUAL";"210002534321";"20027";"NELSON LUIS LOPES KHALIL";"NELSON KHALIL";"PODE";"PODEMOS";"20";"-1";"#NULO";"#NULO";"#NE";"";"";"";"";"COMERCIÁRIO";"";"";"RS"
"21/09/2026";"12:31:37";"2026";"6259";"Eleições Gerais Estaduais 2026";"RS";"7";"DEPUTADO ESTADUAL";"210002534309";"20374";"IVALDO JOSÉ FRIGHETTO";"FRIGHETTO CAMINHONEIRO";"PODE";"PODEMOS";"20";"-1";"#NULO";"#NULO";"#NE";"";"";"";"";"OUTROS";"";"";"RS"
"21/09/2026";"12:31:37";"2026";"6259";"Eleições Gerais Estaduais 2026";"RS";"7";"DEPUTADO ESTADUAL";"210002534302";"20900";"APOENA RIBEIRO MEDEIROS";"APOENA";"PODE";"PODEMOS";"20";"-1";"#NULO";"#NULO";"#NE";"";"";"";"";"ADVOGADO";"";"";"MT"
"21/09/2026";"12:31:37";"2026";"6259";"Eleições Gerais Estaduais 2026";"RS";"7";"DEPUTADO ESTADUAL";"210002534307";"20123";"DANUBIA DOS SANTOS PEREIRA";"NUNA PEREIRA";"PODE";"PODEMOS";"20";"-1";"#NULO";"#NULO";"#NE";"";"";"";"";"VEREADOR";"";"";"RS"
"21/09/2026";"12:31:37";"2026";"6259";"Eleições Gerais Estaduais 2026";"RS";"7";"DEPUTADO ESTADUAL";"210002534339";"20420";"MONICA FERREIRA DAS CHAGAS";"MONYCA FERREIRA";"PODE";"PODEMOS";"20";"-1";"#NULO";"#NULO";"#NE";"";"";"";"";"OUTROS";"";"";"RS"
"21/09/2026";"12:31:37";"2026";"6259";"Eleições Gerais Estaduais 2026";"RS";"7";"DEPUTADO ESTADUAL";"210002537905";"44044";"MARIA DA GLORIA MENEGOTTO";"GLORIA MENEGOTTO";"UNIÃO";"UNIÃO BRASIL";"44";"104";"FEDERAÇÃO UNIÃO PROGRESSISTA";"44-UNIÃO/11-PP";"#NE";"";"";"";"";"EMPRESÁRIO";"";"";"RS"
"21/09/2026";"12:31:37";"2026";"6259";"Eleições Gerais Estaduais 2026";"RS";"7";"DEPUTADO ESTADUAL";"210002537898";"44181";"FABIANA CRISTINA DE MEDEIROS ROSA";"FABI MEDEIROS";"UNIÃO";"UNIÃO BRASIL";"44";"104";"FEDERAÇÃO UNIÃO PROGRESSISTA";"44-UNIÃO/11-PP";"#NE";"";"";"";"";"ASSISTENTE SOCIAL";"";"";"RS"
"21/09/2026";"12:31:37";"2026";"6259";"Eleições Gerais Estaduais 2026";"RS";"7";"DEPUTADO ESTADUAL";"210002537902";"44555";"JAIR ELSO BINOTTO";"JAIR BINOTTO";"UNIÃO";"UNIÃO BRASIL";"44";"104";"FEDERAÇÃO UNIÃO PROGRESSISTA";"44-UNIÃO/11-PP";"#NE";"";"";"";"";"OUTROS";"";"";"RS"
"21/09/2026";"12:31:37";"2026";"6259";"Eleições Gerais Estaduais 2026";"RS";"7";"DEPUTADO ESTADUAL";"210002537875";"11240";"ADOLFO JOSÉ BRITO";"ADOLFO BRITO";"PP";"PROGRESSISTAS";"11";"104";"FEDERAÇÃO UNIÃO PROGRESSISTA";"44-UNIÃO/11-PP";"#NE";"";"";"";"";"LOCUTOR E COMENTARISTA DE RÁDIO E TELEVISÃO E RADIALISTA";"";"";"RS"
"21/09/2026";"12:31:37";"2026";"6259";"Eleições Gerais Estaduais 2026";"RS";"7";"DEPUTADO ESTADUAL";"210002537890";"44111";"STELLA LUZARDO ALVES";"STELLA LUZARDO";"UNIÃO";"UNIÃO BRASIL";"44";"104";"FEDERAÇÃO UNIÃO PROGRESSISTA";"44-UNIÃO/11-PP";"#NE";"";"";"";"";"PRODUTOR AGROPECUÁRIO";"";"";"RS"
"21/09/2026";"12:31:37";"2026";"6259";"Eleições Gerais Estaduais 2026";"RS";"7";"DEPUTADO ESTADUAL";"210002537881";"44333";"FABIANO EUGENIO DIEHL";"FABIANO DIEHL";"UNIÃO";"UNIÃO BRASIL";"44";"104";"FEDERAÇÃO UNIÃO PROGRESSISTA";"44-UNIÃO/11-PP";"#NE";"";"";"";"";"JORNALISTA E REDATOR";"";"";"RS"
"21/09/2026";"12:31:37";"2026";"6259";"Eleições Gerais Estaduais 2026";"RS";"7";"DEPUTADO ESTADUAL";"210002548219";"15700";"DANNI FELIX COUTO";"DANNI COUTO";"MDB";"MOVIMENTO DEMOCRÁTICO BRASILEIRO";"15";"-1";"#NULO";"#NULO";"#NE";"";"";"";"";"CORRETOR DE IMÓVEIS, SEGUROS, TÍTULOS E VALORES";"";"";"RS"
"21/09/2026";"12:31:37";"2026";"6259";"Eleições Gerais Estaduais 2026";"RS";"7";"DEPUTADO ESTADUAL";"210002548195";"15211";"YASMIN PRESTES";"YASMIN PRESTES";"MDB";"MOVIMENTO DEMOCRÁTICO BRASILEIRO";"15";"-1";"#NULO";"#NULO";"#NE";"";"";"";"";"COMERCIANTE";"";"";"RS"
"21/09/2026";"12:31:37";"2026";"6259";"Eleições Gerais Estaduais 2026";"RS";"7";"DEPUTADO ESTADUAL";"210002548206";"15615";"TANIA TEREZINHA DA SILVA";"TÂNIA DA SILVA";"MDB";"MOVIMENTO DEMOCRÁTICO BRASILEIRO";"15";"-1";"#NULO";"#NULO";"#NE";"";"";"";"";"TÉCNICO DE ENFERMAGEM E ASSEMELHADOS (EXCETO ENFERMEIRO)";"";"";"RS"
"21/09/2026";"12:31:37";"2026";"6259";"Eleições Gerais Estaduais 2026";"RS";"7";"DEPUTADO ESTADUAL";"210002548198";"15315";"JULIA GRAZIELA AZAMBUJA DOS SANTOS";"NEGA JULIA";"MDB";"MOVIMENTO DEMOCRÁTICO BRASILEIRO";"15";"-1";"#NULO";"#NULO";"#NE";"";"";"";"";"SECRETÁRIO E DATILÓGRAFO";"";"";"RS"
"21/09/2026";"12:31:37";"2026";"6259";"Eleições Gerais Estaduais 2026";"RS";"7";"DEPUTADO ESTADUAL";"210002548192";"15015";"RAFAEL BRAGA LIBRELOTTO";"RAFAEL BRAGA";"MDB";"MOVIMENTO DEMOCRÁTICO BRASILEIRO";"15";"-1";"#NULO";"#NULO";"#NE";"";"";"";"";"ADVOGADO";"";"";"RS"
"21/09/2026";"12:31:37";"2026";"6259";"Eleições Gerais Estaduais 2026";"RS";"7";"DEPUTADO ESTADUAL";"210002548220";"15200";"EDIVILSON MEURER BRUM";"EDIVILSON BRUM";"MDB";"MOVIMENTO DEMOCRÁTICO BRASILEIRO";"15";"-1";"#NULO";"#NULO";"#NE";"";"";"";"";"COMERCIANTE";"";"";"RS"
"21/09/2026";"12:31:37";"2026";"6259";"Eleições Gerais Estaduais 2026";"RS";"7";"DEPUTADO ESTADUAL";"210002548216";"15077";"LISSANDRA DOS SANTOS THOMSEN";"LISSANDRA THOMSEN";"MDB";"MOVIMENTO DEMOCRÁTICO BRASILEIRO";"15";"-1";"#NULO";"#NULO";"#NE";"";"";"";"";"OUTROS";"";"";"RS"
"21/09/2026";"12:31:37";"2026";"6259";"Eleições Gerais Estaduais 2026";"RS";"7";"DEPUTADO ESTADUAL";"210002533935";"50570";"FABIANE GOMES";"FABY GOMES";"PSOL";"PARTIDO SOCIALISMO E LIBERDADE";"50";"102";"FEDERAÇÃO PSOL REDE";"50-PSOL/18-REDE";"#NE";"";"";"";"";"COMERCIANTE";"";"";"RS"
"21/09/2026";"12:31:37";"2026";"6259";"Eleições Gerais Estaduais 2026";"RS";"7";"DEPUTADO ESTADUAL";"210002533931";"50555";"KAREN MORAIS DOS SANTOS";"KAREN SANTOS";"PSOL";"PARTIDO SOCIALISMO E LIBERDADE";"50";"102";"FEDERAÇÃO PSOL REDE";"50-PSOL/18-REDE";"#NE";"";"";"";"";"VEREADOR";"";"";"RS"
"21/09/2026";"12:31:37";"2026";"6259";"Eleições Gerais Estaduais 2026";"RS";"7";"DEPUTADO ESTADUAL";"210002540632";"55555";"ARITA GILDA HÜBNER BERGMANN";"ARITA BERGMANN";"PSD";"PARTIDO SOCIAL DEMOCRÁTICO";"55";"-1";"#NULO";"#NULO";"#NE";"";"";"";"";"ASSISTENTE SOCIAL";"";"";"RS"
"21/09/2026";"12:31:37";"2026";"6259";"Eleições Gerais Estaduais 2026";"RS";"7";"DEPUTADO ESTADUAL";"210002540639";"55122";"LORENA PIRES GARCIA";"LORENA PIRES";"PSD";"PARTIDO SOCIAL DEMOCRÁTICO";"55";"-1";"#NULO";"#NULO";"#NE";"";"";"";"";"ADVOGADO";"";"";"RS"
"21/09/2026";"12:31:37";"2026";"6259";"Eleições Gerais Estaduais 2026";"RS";"7";"DEPUTADO ESTADUAL";"210002540645";"55111";"CESAR OLIVEIRA DE SOUZA";"CESAR OLIVEIRA";"PSD";"PARTIDO SOCIAL DEMOCRÁTICO";"55";"-1";"#NULO";"#NULO";"#NE";"";"";"";"";"MÚSICO";"";"";"RS"
"21/09/2026";"12:31:37";"2026";"6259";"Eleições Gerais Estaduais 2026";"RS";"7";"DEPUTADO ESTADUAL";"210002552774";"35900";"FRANCINEIDE SIMOES DE SOUZA";"MÍSSIONARIA FRANCINEIDE";"DEMOCRATA";"DEMOCRATA";"35";"-1";"#NULO";"#NULO";"#NE";"";"";"";"";"CORRETOR DE IMÓVEIS, SEGUROS, TÍTULOS E VALORES";"";"";"RJ"
"21/09/2026";"12:31:37";"2026";"6259";"Eleições Gerais Estaduais 2026";"RS";"7";"DEPUTADO ESTADUAL";"210002539097";"10800";"EVARISTO PINHEIRO RIGHETTO";"EVARISTO RIGHETTO GAÚCHO SOLID";"REPUBLICANOS";"REPUBLICANOS";"10";"-1";"#NULO";"#NULO";"#NE";"";"";"";"";"EMPRESÁRIO";"";"";"RS"
"21/09/2026";"12:31:37";"2026";"6259";"Eleições Gerais Estaduais 2026";"RS";"7";"DEPUTADO ESTADUAL";"210002554443";"23000";"JOSÉ ANTÔNIO JUNIOR FROZZA PALADINI";"CATARINA PALADINI";"CIDADANIA";"CIDADANIA";"23";"100";"FEDERAÇÃO PSDB CIDADANIA";"45-PSDB/23-CIDADANIA";"#NE";"";"";"";"";"EMPRESÁRIO";"";"";"SC"
"21/09/2026";"12:31:37";"2026";"6259";"Eleições Gerais Estaduais 2026";"RS";"7";"DEPUTADO ESTADUAL";"210002551507";"45400";"LUIS AFONSO BATAGLIM CABRAL";"ENFERMEIRO LUÍS AFONSO";"PSDB";"PARTIDO DA SOCIAL DEMOCRACIA BRASILEIRA";"45";"100";"FEDERAÇÃO PSDB CIDADANIA";"45-PSDB/23-CIDADANIA";"#NE";"";"";"";"";"ENFERMEIRO";"";"";"RS"
"21/09/2026";"12:31:37";"2026";"6259";"Eleições Gerais Estaduais 2026";"RS";"7";"DEPUTADO ESTADUAL";"210002553925";"23023";"ROBERT BROCCA PERES";"BROCCA";"CIDADANIA";"CIDADANIA";"23";"100";"FEDERAÇÃO PSDB CIDADANIA";"45-PSDB/23-CIDADANIA";"#NE";"";"";"";"";"EMPRESÁRIO";"";"";"RS"
"21/09/2026";"12:31:37";"2026";"6259";"Eleições Gerais Estaduais 2026";"RS";"7";"DEPUTADO ESTADUAL";"210002537901";"11710";"ARILTO JORGE DE ALMEIDA";"NETO JORGE";"PP";"PROGRESSISTAS";"11";"104";"FEDERAÇÃO UNIÃO PROGRESSISTA";"44-UNIÃO/11-PP";"#NE";"";"";"";"";"EMPRESÁRIO";"";"";"RS"
"21/09/2026";"12:31:37";"2026";"6259";"Eleições Gerais Estaduais 2026";"RS";"7";"DEPUTADO ESTADUAL";"210002540646";"55710";"VALMIR RIBAS RAMOS";"PASTOR VALMIR RAMOS";"PSD";"PARTIDO SOCIAL DEMOCRÁTICO";"55";"-1";"#NULO";"#NULO";"#NE";"";"";"";"";"EMPRESÁRIO";"";"";"RS"
"21/09/2026";"12:31:37";"2026";"6259";"Eleições Gerais Estaduais 2026";"RS";"7";"DEPUTADO ESTADUAL";"210002537546";"40770";"RAQUEL ALVES DOS SANTOS";"RAQUEL ALVES";"PSB";"PARTIDO SOCIALISTA BRASILEIRO";"40";"-1";"#NULO";"#NULO";"#NE";"";"";"";"";"PROFESSOR DE ENSINO FUNDAMENTAL";"";"";"RS"
"21/09/2026";"12:31:37";"2026";"6259";"Eleições Gerais Estaduais 2026";"RS";"7";"DEPUTADO ESTADUAL";"210002537534";"40123";"CESAR BRIZOLARA";"CÉSINHA";"PSB";"PARTIDO SOCIALISTA BRASILEIRO";"40";"-1";"#NULO";"#NULO";"#NE";"";"";"";"";"EMPRESÁRIO";"";"";"RS"
"21/09/2026";"12:31:37";"2026";"6259";"Eleições Gerais Estaduais 2026";"RS";"7";"DEPUTADO ESTADUAL";"210002537525";"40999";"LEONILDA KRAUSE";"LÉO KRAUSE";"PSB";"PARTIDO SOCIALISTA BRASILEIRO";"40";"-1";"#NULO";"#NULO";"#NE";"";"";"";"";"ADVOGADO";"";"";"PR"
"21/09/2026";"12:31:37";"2026";"6259";"Eleições Gerais Estaduais 2026";"RS";"7";"DEPUTADO ESTADUAL";"210002533044";"30033";"ELICEZIO BRUM DE ALMEIDA";"ELICEZIO BRUM DE ALMEIDA";"NOVO";"PARTIDO NOVO";"30";"-1";"#NULO";"#NULO";"#NE";"";"";"";"";"TRABALHADOR DE CONSTRUÇÃO CIVIL";"";"";"RS"
"21/09/2026";"12:31:37";"2026";"6259";"Eleições Gerais Estaduais 2026";"RS";"7";"DEPUTADO ESTADUAL";"210002533064";"30222";"SÂMILA PEREIRA MONTEIRO";"SÂMILA MONTEIRO";"NOVO";"PARTIDO NOVO";"30";"-1";"#NULO";"#NULO";"#NE";"";"";"";"";"OCUPANTE DE CARGO EM COMISSÃO";"";"";"RS"
"21/09/2026";"12:31:37";"2026";"6259";"Eleições Gerais Estaduais 2026";"RS";"7";"DEPUTADO ESTADUAL";"210002533041";"30600";"JADERSON RAFAEL PRIEBE SCHLEE";"JADERSON SCHLEE";"NOVO";"PARTIDO NOVO";"30";"-1";"#NULO";"#NULO";"#NE";"";"";"";"";"AGRICULTOR";"";"";"RS"
"21/09/2026";"12:31:37";"2026";"6259";"Eleições Gerais Estaduais 2026";"RS";"7";"DEPUTADO ESTADUAL";"210002539793";"12612";"CARLOS AUGUSTO GONCALVES LEITE";"CARLOS BREIK";"PDT";"PARTIDO DEMOCRÁTICO TRABALHISTA";"12";"-1";"#NULO";"#NULO";"#NE";"";"";"";"";"APOSENTADO (EXCETO SERVIDOR PÚBLICO)";"";"";"RS"
"21/09/2026";"12:31:37";"2026";"6259";"Eleições Gerais Estaduais 2026";"RS";"7";"DEPUTADO ESTADUAL";"210002539780";"12700";"AMANDA RODRIGUES DA SILVA";"AMANDA RODRIGUES";"PDT";"PARTIDO DEMOCRÁTICO TRABALHISTA";"12";"-1";"#NULO";"#NULO";"#NE";"";"";"";"";"PROFESSOR DE ENSINO FUNDAMENTAL";"";"";"RS"
"21/09/2026";"12:31:37";"2026";"6259";"Eleições Gerais Estaduais 2026";"RS";"7";"DEPUTADO ESTADUAL";"210002539788";"12800";"CRISTIANO DOS SANTOS CARDOSO";"CRISTIANO CARDOSO";"PDT";"PARTIDO DEMOCRÁTICO TRABALHISTA";"12";"-1";"#NULO";"#NULO";"#NE";"";"";"";"";"EMPRESÁRIO";"";"";"RS"
"21/09/2026";"12:31:37";"2026";"6259";"Eleições Gerais Estaduais 2026";"RS";"7";"DEPUTADO ESTADUAL";"210002539786";"12007";"MARCO ANTONIO FUMAGALLI";"PROFESSOR FUMAGALLI";"PDT";"PARTIDO DEMOCRÁTICO TRABALHISTA";"12";"-1";"#NULO";"#NULO";"#NE";"";"";"";"";"ECONOMISTA";"";"";"RS"
"21/09/2026";"12:31:37";"2026";"6259";"Eleições Gerais Estaduais 2026";"RS";"7";"DEPUTADO ESTADUAL";"210002539778";"12012";"AIRTON LUIZ ARTUS";"AIRTON ARTUS";"PDT";"PARTIDO DEMOCRÁTICO TRABALHISTA";"12";"-1";"#NULO";"#NULO";"#NE";"";"";"";"";"MÉDICO";"";"";"RS"
"21/09/2026";"12:31:37";"2026";"6259";"Eleições Gerais Estaduais 2026";"RS";"7";"DEPUTADO ESTADUAL";"210002539813";"12005";"VLADIA FREITAS DE OLIVEIRA";"VLADIA";"PDT";"PARTIDO DEMOCRÁTICO TRABALHISTA";"12";"-1";"#NULO";"#NULO";"#NE";"";"";"";"";"VEREADOR";"";"";"RS"
"21/09/2026";"12:31:37";"2026";"6259";"Eleições Gerais Estaduais 2026";"RS";"7";"DEPUTADO ESTADUAL";"210002534021";"13777";"TADEU MARQUES RODRIGUES";"PAI TADEU";"PT";"PARTIDO DOS TRABALHADORES";"13";"101";"FEDERAÇÃO BRASIL DA ESPERANÇA - FE BRASIL";"13-PT/65-PC do B/43-PV";"#NE";"";"";"";"";"VEREADOR";"";"";"RS"
"21/09/2026";"12:31:37";"2026";"6259";"Eleições Gerais Estaduais 2026";"RS";"7";"DEPUTADO ESTADUAL";"210002534035";"13123";"EVA VALERIA LORENZATO";"EVA VALERIA LORENZATO";"PT";"PARTIDO DOS TRABALHADORES";"13";"101";"FEDERAÇÃO BRASIL DA ESPERANÇA - FE BRASIL";"13-PT/65-PC do B/43-PV";"#NE";"";"";"";"";"ADVOGADO";"";"";"RS"
"21/09/2026";"12:31:37";"2026";"6259";"Eleições Gerais Estaduais 2026";"RS";"7";"DEPUTADO ESTADUAL";"210002534038";"13400";"SOFIA CAVEDON NUNES";"SOFIA CAVEDON";"PT";"PARTIDO DOS TRABALHADORES";"13";"101";"FEDERAÇÃO BRASIL DA ESPERANÇA - FE BRASIL";"13-PT/65-PC do B/43-PV";"#NE";"";"";"";"";"DEPUTADO";"";"";"RS"
"21/09/2026";"12:31:37";"2026";"6259";"Eleições Gerais Estaduais 2026";"RS";"7";"DEPUTADO ESTADUAL";"210002534042";"13213";"RITA DE CASSIA DELLA GIUSTINA DE OLIVEIRA";"PROFESSORA RITA";"PT";"PARTIDO DOS TRABALHADORES";"13";"101";"FEDERAÇÃO BRASIL DA ESPERANÇA - FE BRASIL";"13-PT/65-PC do B/43-PV";"#NE";"";"";"";"";"PROFESSOR DE ENSINO FUNDAMENTAL";"";"";"RS"
"21/09/2026";"12:31:37";"2026";"6259";"Eleições Gerais Estaduais 2026";"RS";"7";"DEPUTADO ESTADUAL";"210002534022";"43430";"EVERALDO DE OLIVEIRA";"EVERALDO DE OLIVEIRA";"PV";"PARTIDO VERDE";"43";"101";"FEDERAÇÃO BRASIL DA ESPERANÇA - FE BRASIL";"13-PT/65-PC do B/43-PV";"#NE";"";"";"";"";"COMERCIANTE";"";"";"RS"
"21/09/2026";"12:31:37";"2026";"6259";"Eleições Gerais Estaduais 2026";"RS";"7";"DEPUTADO ESTADUAL";"210002534025";"65651";"BILINA AMARAL PERES";"PROFESSORA BILINA";"PCDOB";"PARTIDO COMUNISTA DO BRASIL";"65";"101";"FEDERAÇÃO BRASIL DA ESPERANÇA - FE BRASIL";"13-PT/65-PC do B/43-PV";"#NE";"";"";"";"";"PROFESSOR DE ENSINO FUNDAMENTAL";"";"";"RS"
"21/09/2026";"12:31:37";"2026";"6259";"Eleições Gerais Estaduais 2026";"RS";"7";"DEPUTADO ESTADUAL";"210002534006";"13713";"VALDIR OLIVEIRA DE OLIVEIRA";"VALDIR OLIVEIRA";"PT";"PARTIDO DOS TRABALHADORES";"13";"101";"FEDERAÇÃO BRASIL DA ESPERANÇA - FE BRASIL";"13-PT/65-PC do B/43-PV";"#NE";"";"";"";"";"VEREADOR";"";"";"RS"
"21/09/2026";"12:31:37";"2026";"6259";"Eleições Gerais Estaduais 2026";"RS";"7";"DEPUTADO ESTADUAL";"210002534017";"13500";"JOSE SIDNEY NUNES DE ALMEIDA";"ZÉ NUNES";"PT";"PARTIDO DOS TRABALHADORES";"13";"101";"FEDERAÇÃO BRASIL DA ESPERANÇA - FE BRASIL";"13-PT/65-PC do B/43-PV";"#NE";"";"";"";"";"DEPUTADO";"";"";"RS"
"21/09/2026";"12:31:37";"2026";"6259";"Eleições Gerais Estaduais 2026";"RS";"7";"DEPUTADO ESTADUAL";"210002539062";"10666";"VALMIR LAND";"VALMIR LAND";"REPUBLICANOS";"REPUBLICANOS";"10";"-1";"#NULO";"#NULO";"#NE";"";"";"";"";"EMPRESÁRIO";"";"";"RS"
"21/09/2026";"12:31:37";"2026";"6259";"Eleições Gerais Estaduais 2026";"RS";"7";"DEPUTADO ESTADUAL";"210002539085";"10322";"PAULO FERNANDO CURI ESTIMA";"FERNANDO ESTIMA";"REPUBLICANOS";"REPUBLICANOS";"10";"-1";"#NULO";"#NULO";"#NE";"";"";"";"";"ADMINISTRADOR";"";"";"RS"
"21/09/2026";"12:31:37";"2026";"6259";"Eleições Gerais Estaduais 2026";"RS";"7";"DEPUTADO ESTADUAL";"210002539081";"10357";"FELIPE VARGAS MEDINA";"FELIPE VARGAS";"REPUBLICANOS";"REPUBLICANOS";"10";"-1";"#NULO";"#NULO";"#NE";"";"";"";"";"VIGILANTE";"";"";"RS"
"21/09/2026";"12:31:37";"2026";"6259";"Eleições Gerais Estaduais 2026";"RS";"7";"DEPUTADO ESTADUAL";"210002539096";"10011";"MAURO DE ALMEIDA";"MAURO ALMEIDA GESTOR DE RISCOS";"REPUBLICANOS";"REPUBLICANOS";"10";"-1";"#NULO";"#NULO";"#NE";"";"";"";"";"APOSENTADO (EXCETO SERVIDOR PÚBLICO)";"";"";"RS"
"21/09/2026";"12:31:37";"2026";"6259";"Eleições Gerais Estaduais 2026";"RS";"7";"DEPUTADO ESTADUAL";"210002539101";"10234";"LUIZ VALMOR DA SILVA FRANCA";"CATITE";"REPUBLICANOS";"REPUBLICANOS";"10";"-1";"#NULO";"#NULO";"#NE";"";"";"";"";"VEREADOR";"";"";"RS"
"21/09/2026";"12:31:37";"2026";"6259";"Eleições Gerais Estaduais 2026";"RS";"7";"DEPUTADO ESTADUAL";"210002539061";"10603";"JOAO JOCEMAR UEZ PEZZI";"JOÃO UEZ";"REPUBLICANOS";"REPUBLICANOS";"10";"-1";"#NULO";"#NULO";"#NE";"";"";"";"";"VEREADOR";"";"";"RS"
"21/09/2026";"12:31:37";"2026";"6259";"Eleições Gerais Estaduais 2026";"RS";"7";"DEPUTADO ESTADUAL";"210002553924";"45459";"ALEXANDRE DELMAR BRAUN DOS PASSOS";"ALEXANDRE";"PSDB";"PARTIDO DA SOCIAL DEMOCRACIA BRASILEIRA";"45";"100";"FEDERAÇÃO PSDB CIDADANIA";"45-PSDB/23-CIDADANIA";"#NE";"";"";"";"";"APOSENTADO (EXCETO SERVIDOR PÚBLICO)";"";"";"RS"
"21/09/2026";"12:31:37";"2026";"6259";"Eleições Gerais Estaduais 2026";"RS";"7";"DEPUTADO ESTADUAL";"210002541973";"45777";"FERNANDA MACHADO";"FERNANDA MACHADO";"PSDB";"PARTIDO DA SOCIAL DEMOCRACIA BRASILEIRA";"45";"100";"FEDERAÇÃO PSDB CIDADANIA";"45-PSDB/23-CIDADANIA";"#NE";"";"";"";"";"ADVOGADO";"";"";"RS"
"21/09/2026";"12:31:37";"2026";"6259";"Eleições Gerais Estaduais 2026";"RS";"7";"DEPUTADO ESTADUAL";"210002541951";"45500";"MAGAIVER BORBA DIAS SOARES";"MAGAIVER DIAS";"PSDB";"PARTIDO DA SOCIAL DEMOCRACIA BRASILEIRA";"45";"100";"FEDERAÇÃO PSDB CIDADANIA";"45-PSDB/23-CIDADANIA";"#NE";"";"";"";"";"COMERCIÁRIO";"";"";"RS"
"21/09/2026";"12:31:37";"2026";"6259";"Eleições Gerais Estaduais 2026";"RS";"7";"DEPUTADO ESTADUAL";"210002535688";"22000";"CAMILA XAVIER MESQUITA NUNES";"CAMILA NUNES";"PL";"PARTIDO LIBERAL";"22";"-1";"#NULO";"#NULO";"#NE";"";"";"";"";"EMPRESÁRIO";"";"";"RS"
"21/09/2026";"12:31:37";"2026";"6259";"Eleições Gerais Estaduais 2026";"RS";"7";"DEPUTADO ESTADUAL";"210002535687";"22345";"KLAUS HANISCH SCHUCH";"ALEMÃO KLAUS";"PL";"PARTIDO LIBERAL";"22";"-1";"#NULO";"#NULO";"#NE";"";"";"";"";"OUTROS";"";"";"RS"
"21/09/2026";"12:31:37";"2026";"6259";"Eleições Gerais Estaduais 2026";"RS";"7";"DEPUTADO ESTADUAL";"210002535703";"22215";"VANICE HELENA ANDRADE DE MATOS";"VANICE DE MATOS";"PL";"PARTIDO LIBERAL";"22";"-1";"#NULO";"#NULO";"#NE";"";"";"";"";"SERVIDOR PÚBLICO MUNICIPAL";"";"";"RS"
"21/09/2026";"12:31:37";"2026";"6259";"Eleições Gerais Estaduais 2026";"RS";"7";"DEPUTADO ESTADUAL";"210002535680";"22111";"NILCE BREGALDA SCHNEIDER";"NILCE";"PL";"PARTIDO LIBERAL";"22";"-1";"#NULO";"#NULO";"#NE";"";"";"";"";"SERVIDOR PÚBLICO MUNICIPAL";"";"";"RS"
"21/09/2026";"12:31:37";"2026";"6259";"Eleições Gerais Estaduais 2026";"RS";"7";"DEPUTADO ESTADUAL";"210002535660";"22020";"LARISSA CRISTINE DE OLIVEIRA RODRIGUES";"LARISSA RODRIGUES";"PL";"PARTIDO LIBERAL";"22";"-1";"#NULO";"#NULO";"#NE";"";"";"";"";"OUTROS";"";"";"DF"
"21/09/2026";"12:31:37";"2026";"6259";"Eleições Gerais Estaduais 2026";"RS";"7";"DEPUTADO ESTADUAL";"210002535684";"22233";"RAMATIS BIRNFELD DE OLIVEIRA";"RAMATIS DE OLIVEIRA";"PL";"PARTIDO LIBERAL";"22";"-1";"#NULO";"#NULO";"#NE";"";"";"";"";"PROFESSOR DE ENSINO SUPERIOR";"";"";"RS"
"21/09/2026";"12:31:37";"2026";"6259";"Eleições Gerais Estaduais 2026";"RS";"7";"DEPUTADO ESTADUAL";"210002535700";"22322";"ROBERTA PEREIRA LEITÃO";"ROBERTA LEITÃO";"PL";"PARTIDO LIBERAL";"22";"-1";"#NULO";"#NULO";"#NE";"";"";"";"";"ADVOGADO";"";"";"RS"
"21/09/2026";"12:31:37";"2026";"6259";"Eleições Gerais Estaduais 2026";"RS";"7";"DEPUTADO ESTADUAL";"210002535693";"22118";"EDUARDO DE SOUZA LUCAS";"EDUARDO LUCAS";"PL";"PARTIDO LIBERAL";"22";"-1";"#NULO";"#NULO";"#NE";"";"";"";"";"OUTROS";"";"";"RS"
"21/09/2026";"12:31:37";"2026";"6259";"Eleições Gerais Estaduais 2026";"RS";"7";"DEPUTADO ESTADUAL";"210002543859";"14014";"SAUAN CARDOSO ROCKENBACH";"SAUAN ROCKENBACH";"MISSÃO";"PARTIDO MISSÃO";"14";"-1";"#NULO";"#NULO";"#NE";"";"";"";"";"FOTÓGRAFO E ASSEMELHADOS";"";"";"RS"
"21/09/2026";"12:31:37";"2026";"6259";"Eleições Gerais Estaduais 2026";"RS";"7";"DEPUTADO ESTADUAL";"210002534343";"20321";"CELITO CRISTOFOLI";"CELITO";"PODE";"PODEMOS";"20";"-1";"#NULO";"#NULO";"#NE";"";"";"";"";"ADVOGADO";"";"";"RS"
"21/09/2026";"12:31:37";"2026";"6259";"Eleições Gerais Estaduais 2026";"RS";"7";"DEPUTADO ESTADUAL";"210002534308";"20092";"ADRIANO GUERRA STRACK";"ADRIANO STRACK";"PODE";"PODEMOS";"20";"-1";"#NULO";"#NULO";"#NE";"";"";"";"";"EMPRESÁRIO";"";"";"RS"
"21/09/2026";"12:31:37";"2026";"6259";"Eleições Gerais Estaduais 2026";"RS";"7";"DEPUTADO ESTADUAL";"210002534332";"20026";"MARNE DE SOUZA";"MARNE";"PODE";"PODEMOS";"20";"-1";"#NULO";"#NULO";"#NE";"";"";"";"";"ADVOGADO";"";"";"RS"
"21/09/2026";"12:31:37";"2026";"6259";"Eleições Gerais Estaduais 2026";"RS";"7";"DEPUTADO ESTADUAL";"210002534340";"20135";"SARAI CONSUL DA ROSA";"PASTORA SARA";"PODE";"PODEMOS";"20";"-1";"#NULO";"#NULO";"#NE";"";"";"";"";"OUTROS";"";"";"RS"
"21/09/2026";"12:31:37";"2026";"6259";"Eleições Gerais Estaduais 2026";"RS";"7";"DEPUTADO ESTADUAL";"210002534326";"20010";"ALEXIS OLEKSIUK EFREMIDES";"ALEXIS GREGO";"PODE";"PODEMOS";"20";"-1";"#NULO";"#NULO";"#NE";"";"";"";"";"ENGENHEIRO";"";"";"RS"
"21/09/2026";"12:31:37";"2026";"6259";"Eleições Gerais Estaduais 2026";"RS";"7";"DEPUTADO ESTADUAL";"210002534334";"20510";"BRUNA JEANINE MOLZ NOAL";"BRUNA MOLZ";"PODE";"PODEMOS";"20";"-1";"#NULO";"#NULO";"#NE";"";"";"";"";"VEREADOR";"";"";"RS"
"21/09/2026";"12:31:37";"2026";"6259";"Eleições Gerais Estaduais 2026";"RS";"7";"DEPUTADO ESTADUAL";"210002534314";"20111";"FREDERICO GAZOLA ANDRIGO";"FREDI ANDRIGO";"PODE";"PODEMOS";"20";"-1";"#NULO";"#NULO";"#NE";"";"";"";"";"VEREADOR";"";"";"RS"
"21/09/2026";"12:31:37";"2026";"6259";"Eleições Gerais Estaduais 2026";"RS";"7";"DEPUTADO ESTADUAL";"210002534328";"20009";"EDUARDA ELISABETE PERES SILVA";"DUDA PERES";"PODE";"PODEMOS";"20";"-1";"#NULO";"#NULO";"#NE";"";"";"";"";"OUTROS";"";"";"RS"
"21/09/2026";"12:31:37";"2026";"6259";"Eleições Gerais Estaduais 2026";"RS";"7";"DEPUTADO ESTADUAL";"210002537893";"44777";"ERIC DOUGLAS DORNELES FEIJO";"ERIC DOUGLAS";"UNIÃO";"UNIÃO BRASIL";"44";"104";"FEDERAÇÃO UNIÃO PROGRESSISTA";"44-UNIÃO/11-PP";"#NE";"";"";"";"";"VEREADOR";"";"";"RS"
"21/09/2026";"12:31:37";"2026";"6259";"Eleições Gerais Estaduais 2026";"RS";"7";"DEPUTADO ESTADUAL";"210002537876";"11066";"RAFAEL ACOSTA AMARAL";"RAFAEL ACOSTA AMARAL";"PP";"PROGRESSISTAS";"11";"104";"FEDERAÇÃO UNIÃO PROGRESSISTA";"44-UNIÃO/11-PP";"#NE";"";"";"";"";"ADMINISTRADOR";"";"";"RS"
"21/09/2026";"12:31:37";"2026";"6259";"Eleições Gerais Estaduais 2026";"RS";"7";"DEPUTADO ESTADUAL";"210002537874";"11007";"HITLER KLEBER PEDERSSETTI";"PEDERSSETTI";"PP";"PROGRESSISTAS";"11";"104";"FEDERAÇÃO UNIÃO PROGRESSISTA";"44-UNIÃO/11-PP";"#NE";"";"";"";"";"EMPRESÁRIO";"";"";"SC"
"21/09/2026";"12:31:37";"2026";"6259";"Eleições Gerais Estaduais 2026";"RS";"7";"DEPUTADO ESTADUAL";"210002537649";"11211";"MARCUS VINÍCIUS VIEIRA DE ALMEIDA";"MARCUS VINÍCIUS";"PP";"PROGRESSISTAS";"11";"104";"FEDERAÇÃO UNIÃO PROGRESSISTA";"44-UNIÃO/11-PP";"#NE";"";"";"";"";"DEPUTADO";"";"";"RS"
"21/09/2026";"12:31:37";"2026";"6259";"Eleições Gerais Estaduais 2026";"RS";"7";"DEPUTADO ESTADUAL";"210002537651";"11500";"MATHEUS CRUZ AYRES";"MATHEUS AYRES";"PP";"PROGRESSISTAS";"11";"104";"FEDERAÇÃO UNIÃO PROGRESSISTA";"44-UNIÃO/11-PP";"#NE";"";"";"";"";"SOCIÓLOGO";"";"";"RS"
"21/09/2026";"12:31:37";"2026";"6259";"Eleições Gerais Estaduais 2026";"RS";"7";"DEPUTADO ESTADUAL";"210002537653";"11999";"SALMO DIAS DE OLIVEIRA";"SALMO";"PP";"PROGRESSISTAS";"11";"104";"FEDERAÇÃO UNIÃO PROGRESSISTA";"44-UNIÃO/11-PP";"#NE";"";"";"";"";"EMPRESÁRIO";"";"";"RS"
"21/09/2026";"12:31:37";"2026";"6259";"Eleições Gerais Estaduais 2026";"RS";"7";"DEPUTADO ESTADUAL";"210002548183";"15515";"MARCIO FONSECA DO AMARAL";"MÁRCIO AMARAL";"MDB";"MOVIMENTO DEMOCRÁTICO BRASILEIRO";"15";"-1";"#NULO";"#NULO";"#NE";"";"";"";"";"VETERINÁRIO";"";"";"RS"
"21/09/2026";"12:31:37";"2026";"6259";"Eleições Gerais Estaduais 2026";"RS";"7";"DEPUTADO ESTADUAL";"210002548214";"15777";"TIAGO CHANAN SIMON";"TIAGO SIMON";"MDB";"MOVIMENTO DEMOCRÁTICO BRASILEIRO";"15";"-1";"#NULO";"#NULO";"#NE";"";"";"";"";"ADVOGADO";"";"";"RS"
"21/09/2026";"12:31:37";"2026";"6259";"Eleições Gerais Estaduais 2026";"RS";"7";"DEPUTADO ESTADUAL";"210002548225";"15001";"HUMBERTO DA SILVA NETO";"HUMBERTO NETO";"MDB";"MOVIMENTO DEMOCRÁTICO BRASILEIRO";"15";"-1";"#NULO";"#NULO";"#NE";"";"";"";"";"EMPRESÁRIO";"";"";"RS"
"21/09/2026";"12:31:37";"2026";"6259";"Eleições Gerais Estaduais 2026";"RS";"7";"DEPUTADO ESTADUAL";"210002533945";"50888";"IVERA REGINA SOARES DA SILVA";"IVERÁ";"PSOL";"PARTIDO SOCIALISMO E LIBERDADE";"50";"102";"FEDERAÇÃO PSOL REDE";"50-PSOL/18-REDE";"#NE";"";"";"";"";"APOSENTADO (EXCETO SERVIDOR PÚBLICO)";"";"";"RS"
"21/09/2026";"12:31:37";"2026";"6259";"Eleições Gerais Estaduais 2026";"RS";"7";"DEPUTADO ESTADUAL";"210002533930";"50999";"FERNANDA PINTO MIRANDA";"FERNANDA MIRANDA";"PSOL";"PARTIDO SOCIALISMO E LIBERDADE";"50";"102";"FEDERAÇÃO PSOL REDE";"50-PSOL/18-REDE";"#NE";"";"";"";"";"VEREADOR";"";"";"RS"
"21/09/2026";"12:31:37";"2026";"6259";"Eleições Gerais Estaduais 2026";"RS";"7";"DEPUTADO ESTADUAL";"210002540644";"55444";"NADINE TAGLIARI FARIAS ANFLOR";"DELEGADA NADINE";"PSD";"PARTIDO SOCIAL DEMOCRÁTICO";"55";"-1";"#NULO";"#NULO";"#NE";"";"";"";"";"POLICIAL CIVIL";"";"";"RS"
"21/09/2026";"12:31:37";"2026";"6259";"Eleições Gerais Estaduais 2026";"RS";"7";"DEPUTADO ESTADUAL";"210002540652";"55333";"CATIA JOSIELI DOS SANTOS BELMONTE";"CÁTIA BELMONTE";"PSD";"PARTIDO SOCIAL DEMOCRÁTICO";"55";"-1";"#NULO";"#NULO";"#NE";"";"";"";"";"ENFERMEIRO";"";"";"RS"
"21/09/2026";"12:31:37";"2026";"6259";"Eleições Gerais Estaduais 2026";"RS";"7";"DEPUTADO ESTADUAL";"210002540653";"55120";"ELTON ROBERTO WEBER";"ELTON WEBER";"PSD";"PARTIDO SOCIAL DEMOCRÁTICO";"55";"-1";"#NULO";"#NULO";"#NE";"";"";"";"";"AGRICULTOR";"";"";"RS"
"21/09/2026";"12:31:37";"2026";"6259";"Eleições Gerais Estaduais 2026";"RS";"7";"DEPUTADO ESTADUAL";"210002540642";"55999";"JULIO CESAR HENRIQUE JEREMIAS";"JULIO JEREMIAS";"PSD";"PARTIDO SOCIAL DEMOCRÁTICO";"55";"-1";"#NULO";"#NULO";"#NE";"";"";"";"";"EMPRESÁRIO";"";"";"SC"
"21/09/2026";"12:31:37";"2026";"6259";"Eleições Gerais Estaduais 2026";"RS";"7";"DEPUTADO ESTADUAL";"210002540663";"55200";"ALOISIO TALSO CLASSMANN";"CLASSMANN";"PSD";"PARTIDO SOCIAL DEMOCRÁTICO";"55";"-1";"#NULO";"#NULO";"#NE";"";"";"";"";"AGRICULTOR";"";"";"RS"
"21/09/2026";"12:31:37";"2026";"6259";"Eleições Gerais Estaduais 2026";"RS";"7";"DEPUTADO ESTADUAL";"210002552764";"35432";"ANDRESSA GONÇALVES MINHO";"ANDRESSA GONCALVES";"DEMOCRATA";"DEMOCRATA";"35";"-1";"#NULO";"#NULO";"#NE";"";"";"";"";"ATENDENTE DE LANCHONETE E RESTAURANTE";"";"";"RS"
